[0.056s] DEBUG:colcon:Command line arguments: ['/usr/bin/colcon', 'build']
[0.057s] DEBUG:colcon:Parsed command line arguments: Namespace(log_base=None, log_level=None, verb_name='build', build_base='build', install_base='install', merge_install=False, symlink_install=False, test_result_base=None, continue_on_error=False, executor='parallel', parallel_workers=16, event_handlers=None, ignore_user_meta=False, metas=['./colcon.meta'], base_paths=['.'], packages_ignore=None, packages_ignore_regex=None, paths=None, packages_up_to=None, packages_up_to_regex=None, packages_above=None, packages_above_and_dependencies=None, packages_above_depth=None, packages_select_by_dep=None, packages_skip_by_dep=None, packages_skip_up_to=None, packages_select_build_failed=False, packages_skip_build_finished=False, packages_select_test_failures=False, packages_skip_test_passed=False, packages_select=None, packages_skip=None, packages_select_regex=None, packages_skip_regex=None, packages_start=None, packages_end=None, allow_overriding=[], cmake_args=None, cmake_target=None, cmake_target_skip_unavailable=False, cmake_clean_cache=False, cmake_clean_first=False, cmake_force_configure=False, ament_cmake_args=None, catkin_cmake_args=None, catkin_skip_building_tests=False, verb_parser=<colcon_defaults.argument_parser.defaults.DefaultArgumentsDecorator object at 0x70f3bfe6cbe0>, verb_extension=<colcon_core.verb.build.BuildVerb object at 0x70f3bfe6c7f0>, main=<bound method BuildVerb.main of <colcon_core.verb.build.BuildVerb object at 0x70f3bfe6c7f0>>)
[0.149s] Level 1:colcon.colcon_core.package_discovery:discover_packages(colcon_meta) check parameters
[0.149s] Level 1:colcon.colcon_core.package_discovery:discover_packages(recursive) check parameters
[0.149s] Level 1:colcon.colcon_core.package_discovery:discover_packages(ignore) check parameters
[0.149s] Level 1:colcon.colcon_core.package_discovery:discover_packages(path) check parameters
[0.149s] Level 1:colcon.colcon_core.package_discovery:discover_packages(colcon_meta) discover
[0.149s] Level 1:colcon.colcon_core.package_discovery:discover_packages(recursive) discover
[0.149s] INFO:colcon.colcon_core.package_discovery:Crawling recursively for packages in '/home/cg-tuf/turtlebot4_flask'
[0.149s] Level 1:colcon.colcon_core.package_identification:_identify(.) by extensions ['ignore', 'ignore_ament_install']
[0.149s] Level 1:colcon.colcon_core.package_identification:_identify(.) by extension 'ignore'
[0.149s] Level 1:colcon.colcon_core.package_identification:_identify(.) by extension 'ignore_ament_install'
[0.149s] Level 1:colcon.colcon_core.package_identification:_identify(.) by extensions ['colcon_pkg']
[0.149s] Level 1:colcon.colcon_core.package_identification:_identify(.) by extension 'colcon_pkg'
[0.149s] Level 1:colcon.colcon_core.package_identification:_identify(.) by extensions ['colcon_meta']
[0.149s] Level 1:colcon.colcon_core.package_identification:_identify(.) by extension 'colcon_meta'
[0.149s] Level 1:colcon.colcon_core.package_identification:_identify(.) by extensions ['ros']
[0.149s] Level 1:colcon.colcon_core.package_identification:_identify(.) by extension 'ros'
[0.156s] Level 1:colcon.colcon_core.package_identification:_identify(.) by extensions ['cmake', 'python']
[0.156s] Level 1:colcon.colcon_core.package_identification:_identify(.) by extension 'cmake'
[0.156s] Level 1:colcon.colcon_core.package_identification:_identify(.) by extension 'python'
[0.156s] Level 1:colcon.colcon_core.package_identification:_identify(.) by extensions ['python_setup_py']
[0.156s] Level 1:colcon.colcon_core.package_identification:_identify(.) by extension 'python_setup_py'
[0.156s] Level 1:colcon.colcon_core.package_identification:_identify(build) by extensions ['ignore', 'ignore_ament_install']
[0.156s] Level 1:colcon.colcon_core.package_identification:_identify(build) by extension 'ignore'
[0.156s] Level 1:colcon.colcon_core.package_identification:_identify(build) ignored
[0.156s] Level 1:colcon.colcon_core.package_identification:_identify(clientapp) by extensions ['ignore', 'ignore_ament_install']
[0.156s] Level 1:colcon.colcon_core.package_identification:_identify(clientapp) by extension 'ignore'
[0.156s] Level 1:colcon.colcon_core.package_identification:_identify(clientapp) by extension 'ignore_ament_install'
[0.156s] Level 1:colcon.colcon_core.package_identification:_identify(clientapp) by extensions ['colcon_pkg']
[0.156s] Level 1:colcon.colcon_core.package_identification:_identify(clientapp) by extension 'colcon_pkg'
[0.156s] Level 1:colcon.colcon_core.package_identification:_identify(clientapp) by extensions ['colcon_meta']
[0.156s] Level 1:colcon.colcon_core.package_identification:_identify(clientapp) by extension 'colcon_meta'
[0.156s] Level 1:colcon.colcon_core.package_identification:_identify(clientapp) by extensions ['ros']
[0.156s] Level 1:colcon.colcon_core.package_identification:_identify(clientapp) by extension 'ros'
[0.157s] Level 1:colcon.colcon_core.package_identification:_identify(clientapp) by extensions ['cmake', 'python']
[0.157s] Level 1:colcon.colcon_core.package_identification:_identify(clientapp) by extension 'cmake'
[0.157s] Level 1:colcon.colcon_core.package_identification:_identify(clientapp) by extension 'python'
[0.157s] Level 1:colcon.colcon_core.package_identification:_identify(clientapp) by extensions ['python_setup_py']
[0.157s] Level 1:colcon.colcon_core.package_identification:_identify(clientapp) by extension 'python_setup_py'
[0.157s] Level 1:colcon.colcon_core.package_identification:_identify(clientapp/instance) by extensions ['ignore', 'ignore_ament_install']
[0.157s] Level 1:colcon.colcon_core.package_identification:_identify(clientapp/instance) by extension 'ignore'
[0.157s] Level 1:colcon.colcon_core.package_identification:_identify(clientapp/instance) by extension 'ignore_ament_install'
[0.157s] Level 1:colcon.colcon_core.package_identification:_identify(clientapp/instance) by extensions ['colcon_pkg']
[0.157s] Level 1:colcon.colcon_core.package_identification:_identify(clientapp/instance) by extension 'colcon_pkg'
[0.157s] Level 1:colcon.colcon_core.package_identification:_identify(clientapp/instance) by extensions ['colcon_meta']
[0.157s] Level 1:colcon.colcon_core.package_identification:_identify(clientapp/instance) by extension 'colcon_meta'
[0.157s] Level 1:colcon.colcon_core.package_identification:_identify(clientapp/instance) by extensions ['ros']
[0.157s] Level 1:colcon.colcon_core.package_identification:_identify(clientapp/instance) by extension 'ros'
[0.157s] Level 1:colcon.colcon_core.package_identification:_identify(clientapp/instance) by extensions ['cmake', 'python']
[0.157s] Level 1:colcon.colcon_core.package_identification:_identify(clientapp/instance) by extension 'cmake'
[0.157s] Level 1:colcon.colcon_core.package_identification:_identify(clientapp/instance) by extension 'python'
[0.157s] Level 1:colcon.colcon_core.package_identification:_identify(clientapp/instance) by extensions ['python_setup_py']
[0.157s] Level 1:colcon.colcon_core.package_identification:_identify(clientapp/instance) by extension 'python_setup_py'
[0.157s] Level 1:colcon.colcon_core.package_identification:_identify(clientapp/instance/capture) by extensions ['ignore', 'ignore_ament_install']
[0.157s] Level 1:colcon.colcon_core.package_identification:_identify(clientapp/instance/capture) by extension 'ignore'
[0.157s] Level 1:colcon.colcon_core.package_identification:_identify(clientapp/instance/capture) by extension 'ignore_ament_install'
[0.157s] Level 1:colcon.colcon_core.package_identification:_identify(clientapp/instance/capture) by extensions ['colcon_pkg']
[0.157s] Level 1:colcon.colcon_core.package_identification:_identify(clientapp/instance/capture) by extension 'colcon_pkg'
[0.157s] Level 1:colcon.colcon_core.package_identification:_identify(clientapp/instance/capture) by extensions ['colcon_meta']
[0.157s] Level 1:colcon.colcon_core.package_identification:_identify(clientapp/instance/capture) by extension 'colcon_meta'
[0.157s] Level 1:colcon.colcon_core.package_identification:_identify(clientapp/instance/capture) by extensions ['ros']
[0.157s] Level 1:colcon.colcon_core.package_identification:_identify(clientapp/instance/capture) by extension 'ros'
[0.157s] Level 1:colcon.colcon_core.package_identification:_identify(clientapp/instance/capture) by extensions ['cmake', 'python']
[0.157s] Level 1:colcon.colcon_core.package_identification:_identify(clientapp/instance/capture) by extension 'cmake'
[0.157s] Level 1:colcon.colcon_core.package_identification:_identify(clientapp/instance/capture) by extension 'python'
[0.157s] Level 1:colcon.colcon_core.package_identification:_identify(clientapp/instance/capture) by extensions ['python_setup_py']
[0.157s] Level 1:colcon.colcon_core.package_identification:_identify(clientapp/instance/capture) by extension 'python_setup_py'
[0.157s] Level 1:colcon.colcon_core.package_identification:_identify(clientapp/instance/ell14) by extensions ['ignore', 'ignore_ament_install']
[0.157s] Level 1:colcon.colcon_core.package_identification:_identify(clientapp/instance/ell14) by extension 'ignore'
[0.157s] Level 1:colcon.colcon_core.package_identification:_identify(clientapp/instance/ell14) by extension 'ignore_ament_install'
[0.157s] Level 1:colcon.colcon_core.package_identification:_identify(clientapp/instance/ell14) by extensions ['colcon_pkg']
[0.157s] Level 1:colcon.colcon_core.package_identification:_identify(clientapp/instance/ell14) by extension 'colcon_pkg'
[0.157s] Level 1:colcon.colcon_core.package_identification:_identify(clientapp/instance/ell14) by extensions ['colcon_meta']
[0.157s] Level 1:colcon.colcon_core.package_identification:_identify(clientapp/instance/ell14) by extension 'colcon_meta'
[0.157s] Level 1:colcon.colcon_core.package_identification:_identify(clientapp/instance/ell14) by extensions ['ros']
[0.157s] Level 1:colcon.colcon_core.package_identification:_identify(clientapp/instance/ell14) by extension 'ros'
[0.157s] Level 1:colcon.colcon_core.package_identification:_identify(clientapp/instance/ell14) by extensions ['cmake', 'python']
[0.157s] Level 1:colcon.colcon_core.package_identification:_identify(clientapp/instance/ell14) by extension 'cmake'
[0.157s] Level 1:colcon.colcon_core.package_identification:_identify(clientapp/instance/ell14) by extension 'python'
[0.157s] Level 1:colcon.colcon_core.package_identification:_identify(clientapp/instance/ell14) by extensions ['python_setup_py']
[0.157s] Level 1:colcon.colcon_core.package_identification:_identify(clientapp/instance/ell14) by extension 'python_setup_py'
[0.157s] Level 1:colcon.colcon_core.package_identification:_identify(clientapp/instance/jai) by extensions ['ignore', 'ignore_ament_install']
[0.157s] Level 1:colcon.colcon_core.package_identification:_identify(clientapp/instance/jai) by extension 'ignore'
[0.157s] Level 1:colcon.colcon_core.package_identification:_identify(clientapp/instance/jai) by extension 'ignore_ament_install'
[0.157s] Level 1:colcon.colcon_core.package_identification:_identify(clientapp/instance/jai) by extensions ['colcon_pkg']
[0.158s] Level 1:colcon.colcon_core.package_identification:_identify(clientapp/instance/jai) by extension 'colcon_pkg'
[0.158s] Level 1:colcon.colcon_core.package_identification:_identify(clientapp/instance/jai) by extensions ['colcon_meta']
[0.158s] Level 1:colcon.colcon_core.package_identification:_identify(clientapp/instance/jai) by extension 'colcon_meta'
[0.158s] Level 1:colcon.colcon_core.package_identification:_identify(clientapp/instance/jai) by extensions ['ros']
[0.158s] Level 1:colcon.colcon_core.package_identification:_identify(clientapp/instance/jai) by extension 'ros'
[0.158s] Level 1:colcon.colcon_core.package_identification:_identify(clientapp/instance/jai) by extensions ['cmake', 'python']
[0.158s] Level 1:colcon.colcon_core.package_identification:_identify(clientapp/instance/jai) by extension 'cmake'
[0.158s] Level 1:colcon.colcon_core.package_identification:_identify(clientapp/instance/jai) by extension 'python'
[0.158s] Level 1:colcon.colcon_core.package_identification:_identify(clientapp/instance/jai) by extensions ['python_setup_py']
[0.158s] Level 1:colcon.colcon_core.package_identification:_identify(clientapp/instance/jai) by extension 'python_setup_py'
[0.158s] Level 1:colcon.colcon_core.package_identification:_identify(clientapp/instance/jai/jai_rosbridge) by extensions ['ignore', 'ignore_ament_install']
[0.158s] Level 1:colcon.colcon_core.package_identification:_identify(clientapp/instance/jai/jai_rosbridge) by extension 'ignore'
[0.158s] Level 1:colcon.colcon_core.package_identification:_identify(clientapp/instance/jai/jai_rosbridge) by extension 'ignore_ament_install'
[0.158s] Level 1:colcon.colcon_core.package_identification:_identify(clientapp/instance/jai/jai_rosbridge) by extensions ['colcon_pkg']
[0.158s] Level 1:colcon.colcon_core.package_identification:_identify(clientapp/instance/jai/jai_rosbridge) by extension 'colcon_pkg'
[0.158s] Level 1:colcon.colcon_core.package_identification:_identify(clientapp/instance/jai/jai_rosbridge) by extensions ['colcon_meta']
[0.158s] Level 1:colcon.colcon_core.package_identification:_identify(clientapp/instance/jai/jai_rosbridge) by extension 'colcon_meta'
[0.158s] Level 1:colcon.colcon_core.package_identification:_identify(clientapp/instance/jai/jai_rosbridge) by extensions ['ros']
[0.158s] Level 1:colcon.colcon_core.package_identification:_identify(clientapp/instance/jai/jai_rosbridge) by extension 'ros'
[0.159s] DEBUG:colcon.colcon_core.package_identification:Package 'clientapp/instance/jai/jai_rosbridge' with type 'ros.ament_cmake' and name 'jai_rosbridge'
[0.159s] Level 1:colcon.colcon_core.package_identification:_identify(clientapp/instance/jai/src) by extensions ['ignore', 'ignore_ament_install']
[0.159s] Level 1:colcon.colcon_core.package_identification:_identify(clientapp/instance/jai/src) by extension 'ignore'
[0.159s] Level 1:colcon.colcon_core.package_identification:_identify(clientapp/instance/jai/src) by extension 'ignore_ament_install'
[0.159s] Level 1:colcon.colcon_core.package_identification:_identify(clientapp/instance/jai/src) by extensions ['colcon_pkg']
[0.159s] Level 1:colcon.colcon_core.package_identification:_identify(clientapp/instance/jai/src) by extension 'colcon_pkg'
[0.159s] Level 1:colcon.colcon_core.package_identification:_identify(clientapp/instance/jai/src) by extensions ['colcon_meta']
[0.159s] Level 1:colcon.colcon_core.package_identification:_identify(clientapp/instance/jai/src) by extension 'colcon_meta'
[0.160s] Level 1:colcon.colcon_core.package_identification:_identify(clientapp/instance/jai/src) by extensions ['ros']
[0.160s] Level 1:colcon.colcon_core.package_identification:_identify(clientapp/instance/jai/src) by extension 'ros'
[0.160s] Level 1:colcon.colcon_core.package_identification:_identify(clientapp/instance/jai/src) by extensions ['cmake', 'python']
[0.160s] Level 1:colcon.colcon_core.package_identification:_identify(clientapp/instance/jai/src) by extension 'cmake'
[0.160s] Level 1:colcon.colcon_core.package_identification:_identify(clientapp/instance/jai/src) by extension 'python'
[0.160s] Level 1:colcon.colcon_core.package_identification:_identify(clientapp/instance/jai/src) by extensions ['python_setup_py']
[0.160s] Level 1:colcon.colcon_core.package_identification:_identify(clientapp/instance/jai/src) by extension 'python_setup_py'
[0.160s] Level 1:colcon.colcon_core.package_identification:_identify(clientapp/instance/jai/src/acquire) by extensions ['ignore', 'ignore_ament_install']
[0.160s] Level 1:colcon.colcon_core.package_identification:_identify(clientapp/instance/jai/src/acquire) by extension 'ignore'
[0.160s] Level 1:colcon.colcon_core.package_identification:_identify(clientapp/instance/jai/src/acquire) by extension 'ignore_ament_install'
[0.160s] Level 1:colcon.colcon_core.package_identification:_identify(clientapp/instance/jai/src/acquire) by extensions ['colcon_pkg']
[0.160s] Level 1:colcon.colcon_core.package_identification:_identify(clientapp/instance/jai/src/acquire) by extension 'colcon_pkg'
[0.160s] Level 1:colcon.colcon_core.package_identification:_identify(clientapp/instance/jai/src/acquire) by extensions ['colcon_meta']
[0.160s] Level 1:colcon.colcon_core.package_identification:_identify(clientapp/instance/jai/src/acquire) by extension 'colcon_meta'
[0.160s] Level 1:colcon.colcon_core.package_identification:_identify(clientapp/instance/jai/src/acquire) by extensions ['ros']
[0.160s] Level 1:colcon.colcon_core.package_identification:_identify(clientapp/instance/jai/src/acquire) by extension 'ros'
[0.160s] Level 1:colcon.colcon_core.package_identification:_identify(clientapp/instance/jai/src/acquire) by extensions ['cmake', 'python']
[0.160s] Level 1:colcon.colcon_core.package_identification:_identify(clientapp/instance/jai/src/acquire) by extension 'cmake'
[0.160s] Level 1:colcon.colcon_core.package_identification:_identify(clientapp/instance/jai/src/acquire) by extension 'python'
[0.160s] Level 1:colcon.colcon_core.package_identification:_identify(clientapp/instance/jai/src/acquire) by extensions ['python_setup_py']
[0.160s] Level 1:colcon.colcon_core.package_identification:_identify(clientapp/instance/jai/src/acquire) by extension 'python_setup_py'
[0.160s] Level 1:colcon.colcon_core.package_identification:_identify(clientapp/instance/jai/src/camera) by extensions ['ignore', 'ignore_ament_install']
[0.160s] Level 1:colcon.colcon_core.package_identification:_identify(clientapp/instance/jai/src/camera) by extension 'ignore'
[0.160s] Level 1:colcon.colcon_core.package_identification:_identify(clientapp/instance/jai/src/camera) by extension 'ignore_ament_install'
[0.160s] Level 1:colcon.colcon_core.package_identification:_identify(clientapp/instance/jai/src/camera) by extensions ['colcon_pkg']
[0.160s] Level 1:colcon.colcon_core.package_identification:_identify(clientapp/instance/jai/src/camera) by extension 'colcon_pkg'
[0.160s] Level 1:colcon.colcon_core.package_identification:_identify(clientapp/instance/jai/src/camera) by extensions ['colcon_meta']
[0.160s] Level 1:colcon.colcon_core.package_identification:_identify(clientapp/instance/jai/src/camera) by extension 'colcon_meta'
[0.160s] Level 1:colcon.colcon_core.package_identification:_identify(clientapp/instance/jai/src/camera) by extensions ['ros']
[0.160s] Level 1:colcon.colcon_core.package_identification:_identify(clientapp/instance/jai/src/camera) by extension 'ros'
[0.160s] Level 1:colcon.colcon_core.package_identification:_identify(clientapp/instance/jai/src/camera) by extensions ['cmake', 'python']
[0.160s] Level 1:colcon.colcon_core.package_identification:_identify(clientapp/instance/jai/src/camera) by extension 'cmake'
[0.160s] Level 1:colcon.colcon_core.package_identification:_identify(clientapp/instance/jai/src/camera) by extension 'python'
[0.160s] Level 1:colcon.colcon_core.package_identification:_identify(clientapp/instance/jai/src/camera) by extensions ['python_setup_py']
[0.160s] Level 1:colcon.colcon_core.package_identification:_identify(clientapp/instance/jai/src/camera) by extension 'python_setup_py'
[0.160s] Level 1:colcon.colcon_core.package_identification:_identify(clientapp/instance/jai/src/device) by extensions ['ignore', 'ignore_ament_install']
[0.160s] Level 1:colcon.colcon_core.package_identification:_identify(clientapp/instance/jai/src/device) by extension 'ignore'
[0.160s] Level 1:colcon.colcon_core.package_identification:_identify(clientapp/instance/jai/src/device) by extension 'ignore_ament_install'
[0.160s] Level 1:colcon.colcon_core.package_identification:_identify(clientapp/instance/jai/src/device) by extensions ['colcon_pkg']
[0.160s] Level 1:colcon.colcon_core.package_identification:_identify(clientapp/instance/jai/src/device) by extension 'colcon_pkg'
[0.160s] Level 1:colcon.colcon_core.package_identification:_identify(clientapp/instance/jai/src/device) by extensions ['colcon_meta']
[0.160s] Level 1:colcon.colcon_core.package_identification:_identify(clientapp/instance/jai/src/device) by extension 'colcon_meta'
[0.160s] Level 1:colcon.colcon_core.package_identification:_identify(clientapp/instance/jai/src/device) by extensions ['ros']
[0.160s] Level 1:colcon.colcon_core.package_identification:_identify(clientapp/instance/jai/src/device) by extension 'ros'
[0.160s] Level 1:colcon.colcon_core.package_identification:_identify(clientapp/instance/jai/src/device) by extensions ['cmake', 'python']
[0.160s] Level 1:colcon.colcon_core.package_identification:_identify(clientapp/instance/jai/src/device) by extension 'cmake'
[0.160s] Level 1:colcon.colcon_core.package_identification:_identify(clientapp/instance/jai/src/device) by extension 'python'
[0.160s] Level 1:colcon.colcon_core.package_identification:_identify(clientapp/instance/jai/src/device) by extensions ['python_setup_py']
[0.161s] Level 1:colcon.colcon_core.package_identification:_identify(clientapp/instance/jai/src/device) by extension 'python_setup_py'
[0.161s] Level 1:colcon.colcon_core.package_identification:_identify(clientapp/instance/jai/src/logger) by extensions ['ignore', 'ignore_ament_install']
[0.161s] Level 1:colcon.colcon_core.package_identification:_identify(clientapp/instance/jai/src/logger) by extension 'ignore'
[0.161s] Level 1:colcon.colcon_core.package_identification:_identify(clientapp/instance/jai/src/logger) by extension 'ignore_ament_install'
[0.161s] Level 1:colcon.colcon_core.package_identification:_identify(clientapp/instance/jai/src/logger) by extensions ['colcon_pkg']
[0.161s] Level 1:colcon.colcon_core.package_identification:_identify(clientapp/instance/jai/src/logger) by extension 'colcon_pkg'
[0.161s] Level 1:colcon.colcon_core.package_identification:_identify(clientapp/instance/jai/src/logger) by extensions ['colcon_meta']
[0.161s] Level 1:colcon.colcon_core.package_identification:_identify(clientapp/instance/jai/src/logger) by extension 'colcon_meta'
[0.161s] Level 1:colcon.colcon_core.package_identification:_identify(clientapp/instance/jai/src/logger) by extensions ['ros']
[0.161s] Level 1:colcon.colcon_core.package_identification:_identify(clientapp/instance/jai/src/logger) by extension 'ros'
[0.161s] Level 1:colcon.colcon_core.package_identification:_identify(clientapp/instance/jai/src/logger) by extensions ['cmake', 'python']
[0.161s] Level 1:colcon.colcon_core.package_identification:_identify(clientapp/instance/jai/src/logger) by extension 'cmake'
[0.161s] Level 1:colcon.colcon_core.package_identification:_identify(clientapp/instance/jai/src/logger) by extension 'python'
[0.161s] Level 1:colcon.colcon_core.package_identification:_identify(clientapp/instance/jai/src/logger) by extensions ['python_setup_py']
[0.161s] Level 1:colcon.colcon_core.package_identification:_identify(clientapp/instance/jai/src/logger) by extension 'python_setup_py'
[0.161s] Level 1:colcon.colcon_core.package_identification:_identify(clientapp/instance/jai/src/stream) by extensions ['ignore', 'ignore_ament_install']
[0.161s] Level 1:colcon.colcon_core.package_identification:_identify(clientapp/instance/jai/src/stream) by extension 'ignore'
[0.161s] Level 1:colcon.colcon_core.package_identification:_identify(clientapp/instance/jai/src/stream) by extension 'ignore_ament_install'
[0.161s] Level 1:colcon.colcon_core.package_identification:_identify(clientapp/instance/jai/src/stream) by extensions ['colcon_pkg']
[0.161s] Level 1:colcon.colcon_core.package_identification:_identify(clientapp/instance/jai/src/stream) by extension 'colcon_pkg'
[0.161s] Level 1:colcon.colcon_core.package_identification:_identify(clientapp/instance/jai/src/stream) by extensions ['colcon_meta']
[0.161s] Level 1:colcon.colcon_core.package_identification:_identify(clientapp/instance/jai/src/stream) by extension 'colcon_meta'
[0.161s] Level 1:colcon.colcon_core.package_identification:_identify(clientapp/instance/jai/src/stream) by extensions ['ros']
[0.161s] Level 1:colcon.colcon_core.package_identification:_identify(clientapp/instance/jai/src/stream) by extension 'ros'
[0.161s] Level 1:colcon.colcon_core.package_identification:_identify(clientapp/instance/jai/src/stream) by extensions ['cmake', 'python']
[0.161s] Level 1:colcon.colcon_core.package_identification:_identify(clientapp/instance/jai/src/stream) by extension 'cmake'
[0.161s] Level 1:colcon.colcon_core.package_identification:_identify(clientapp/instance/jai/src/stream) by extension 'python'
[0.161s] Level 1:colcon.colcon_core.package_identification:_identify(clientapp/instance/jai/src/stream) by extensions ['python_setup_py']
[0.161s] Level 1:colcon.colcon_core.package_identification:_identify(clientapp/instance/jai/src/stream) by extension 'python_setup_py'
[0.161s] Level 1:colcon.colcon_core.package_identification:_identify(clientapp/instance/jai_bridge) by extensions ['ignore', 'ignore_ament_install']
[0.161s] Level 1:colcon.colcon_core.package_identification:_identify(clientapp/instance/jai_bridge) by extension 'ignore'
[0.161s] Level 1:colcon.colcon_core.package_identification:_identify(clientapp/instance/jai_bridge) by extension 'ignore_ament_install'
[0.161s] Level 1:colcon.colcon_core.package_identification:_identify(clientapp/instance/jai_bridge) by extensions ['colcon_pkg']
[0.161s] Level 1:colcon.colcon_core.package_identification:_identify(clientapp/instance/jai_bridge) by extension 'colcon_pkg'
[0.161s] Level 1:colcon.colcon_core.package_identification:_identify(clientapp/instance/jai_bridge) by extensions ['colcon_meta']
[0.161s] Level 1:colcon.colcon_core.package_identification:_identify(clientapp/instance/jai_bridge) by extension 'colcon_meta'
[0.161s] Level 1:colcon.colcon_core.package_identification:_identify(clientapp/instance/jai_bridge) by extensions ['ros']
[0.161s] Level 1:colcon.colcon_core.package_identification:_identify(clientapp/instance/jai_bridge) by extension 'ros'
[0.161s] Level 1:colcon.colcon_core.package_identification:_identify(clientapp/instance/jai_bridge) by extensions ['cmake', 'python']
[0.161s] Level 1:colcon.colcon_core.package_identification:_identify(clientapp/instance/jai_bridge) by extension 'cmake'
[0.161s] Level 1:colcon.colcon_core.package_identification:_identify(clientapp/instance/jai_bridge) by extension 'python'
[0.161s] Level 1:colcon.colcon_core.package_identification:_identify(clientapp/instance/jai_bridge) by extensions ['python_setup_py']
[0.161s] Level 1:colcon.colcon_core.package_identification:_identify(clientapp/instance/jai_bridge) by extension 'python_setup_py'
[0.161s] Level 1:colcon.colcon_core.package_identification:_identify(clientapp/instance/jai_bridge/modules) by extensions ['ignore', 'ignore_ament_install']
[0.161s] Level 1:colcon.colcon_core.package_identification:_identify(clientapp/instance/jai_bridge/modules) by extension 'ignore'
[0.161s] Level 1:colcon.colcon_core.package_identification:_identify(clientapp/instance/jai_bridge/modules) by extension 'ignore_ament_install'
[0.161s] Level 1:colcon.colcon_core.package_identification:_identify(clientapp/instance/jai_bridge/modules) by extensions ['colcon_pkg']
[0.161s] Level 1:colcon.colcon_core.package_identification:_identify(clientapp/instance/jai_bridge/modules) by extension 'colcon_pkg'
[0.161s] Level 1:colcon.colcon_core.package_identification:_identify(clientapp/instance/jai_bridge/modules) by extensions ['colcon_meta']
[0.161s] Level 1:colcon.colcon_core.package_identification:_identify(clientapp/instance/jai_bridge/modules) by extension 'colcon_meta'
[0.161s] Level 1:colcon.colcon_core.package_identification:_identify(clientapp/instance/jai_bridge/modules) by extensions ['ros']
[0.161s] Level 1:colcon.colcon_core.package_identification:_identify(clientapp/instance/jai_bridge/modules) by extension 'ros'
[0.162s] Level 1:colcon.colcon_core.package_identification:_identify(clientapp/instance/jai_bridge/modules) by extensions ['cmake', 'python']
[0.162s] Level 1:colcon.colcon_core.package_identification:_identify(clientapp/instance/jai_bridge/modules) by extension 'cmake'
[0.162s] Level 1:colcon.colcon_core.package_identification:_identify(clientapp/instance/jai_bridge/modules) by extension 'python'
[0.162s] Level 1:colcon.colcon_core.package_identification:_identify(clientapp/instance/jai_bridge/modules) by extensions ['python_setup_py']
[0.162s] Level 1:colcon.colcon_core.package_identification:_identify(clientapp/instance/jai_bridge/modules) by extension 'python_setup_py'
[0.162s] Level 1:colcon.colcon_core.package_identification:_identify(clientapp/instance/laptop) by extensions ['ignore', 'ignore_ament_install']
[0.162s] Level 1:colcon.colcon_core.package_identification:_identify(clientapp/instance/laptop) by extension 'ignore'
[0.162s] Level 1:colcon.colcon_core.package_identification:_identify(clientapp/instance/laptop) by extension 'ignore_ament_install'
[0.162s] Level 1:colcon.colcon_core.package_identification:_identify(clientapp/instance/laptop) by extensions ['colcon_pkg']
[0.162s] Level 1:colcon.colcon_core.package_identification:_identify(clientapp/instance/laptop) by extension 'colcon_pkg'
[0.162s] Level 1:colcon.colcon_core.package_identification:_identify(clientapp/instance/laptop) by extensions ['colcon_meta']
[0.162s] Level 1:colcon.colcon_core.package_identification:_identify(clientapp/instance/laptop) by extension 'colcon_meta'
[0.162s] Level 1:colcon.colcon_core.package_identification:_identify(clientapp/instance/laptop) by extensions ['ros']
[0.162s] Level 1:colcon.colcon_core.package_identification:_identify(clientapp/instance/laptop) by extension 'ros'
[0.162s] Level 1:colcon.colcon_core.package_identification:_identify(clientapp/instance/laptop) by extensions ['cmake', 'python']
[0.162s] Level 1:colcon.colcon_core.package_identification:_identify(clientapp/instance/laptop) by extension 'cmake'
[0.162s] Level 1:colcon.colcon_core.package_identification:_identify(clientapp/instance/laptop) by extension 'python'
[0.162s] Level 1:colcon.colcon_core.package_identification:_identify(clientapp/instance/laptop) by extensions ['python_setup_py']
[0.162s] Level 1:colcon.colcon_core.package_identification:_identify(clientapp/instance/laptop) by extension 'python_setup_py'
[0.162s] Level 1:colcon.colcon_core.package_identification:_identify(clientapp/instance/logger) by extensions ['ignore', 'ignore_ament_install']
[0.162s] Level 1:colcon.colcon_core.package_identification:_identify(clientapp/instance/logger) by extension 'ignore'
[0.162s] Level 1:colcon.colcon_core.package_identification:_identify(clientapp/instance/logger) by extension 'ignore_ament_install'
[0.162s] Level 1:colcon.colcon_core.package_identification:_identify(clientapp/instance/logger) by extensions ['colcon_pkg']
[0.162s] Level 1:colcon.colcon_core.package_identification:_identify(clientapp/instance/logger) by extension 'colcon_pkg'
[0.162s] Level 1:colcon.colcon_core.package_identification:_identify(clientapp/instance/logger) by extensions ['colcon_meta']
[0.162s] Level 1:colcon.colcon_core.package_identification:_identify(clientapp/instance/logger) by extension 'colcon_meta'
[0.162s] Level 1:colcon.colcon_core.package_identification:_identify(clientapp/instance/logger) by extensions ['ros']
[0.162s] Level 1:colcon.colcon_core.package_identification:_identify(clientapp/instance/logger) by extension 'ros'
[0.162s] Level 1:colcon.colcon_core.package_identification:_identify(clientapp/instance/logger) by extensions ['cmake', 'python']
[0.162s] Level 1:colcon.colcon_core.package_identification:_identify(clientapp/instance/logger) by extension 'cmake'
[0.162s] Level 1:colcon.colcon_core.package_identification:_identify(clientapp/instance/logger) by extension 'python'
[0.162s] Level 1:colcon.colcon_core.package_identification:_identify(clientapp/instance/logger) by extensions ['python_setup_py']
[0.162s] Level 1:colcon.colcon_core.package_identification:_identify(clientapp/instance/logger) by extension 'python_setup_py'
[0.162s] Level 1:colcon.colcon_core.package_identification:_identify(clientapp/instance/lucid) by extensions ['ignore', 'ignore_ament_install']
[0.162s] Level 1:colcon.colcon_core.package_identification:_identify(clientapp/instance/lucid) by extension 'ignore'
[0.162s] Level 1:colcon.colcon_core.package_identification:_identify(clientapp/instance/lucid) by extension 'ignore_ament_install'
[0.162s] Level 1:colcon.colcon_core.package_identification:_identify(clientapp/instance/lucid) by extensions ['colcon_pkg']
[0.162s] Level 1:colcon.colcon_core.package_identification:_identify(clientapp/instance/lucid) by extension 'colcon_pkg'
[0.162s] Level 1:colcon.colcon_core.package_identification:_identify(clientapp/instance/lucid) by extensions ['colcon_meta']
[0.162s] Level 1:colcon.colcon_core.package_identification:_identify(clientapp/instance/lucid) by extension 'colcon_meta'
[0.162s] Level 1:colcon.colcon_core.package_identification:_identify(clientapp/instance/lucid) by extensions ['ros']
[0.162s] Level 1:colcon.colcon_core.package_identification:_identify(clientapp/instance/lucid) by extension 'ros'
[0.162s] Level 1:colcon.colcon_core.package_identification:_identify(clientapp/instance/lucid) by extensions ['cmake', 'python']
[0.162s] Level 1:colcon.colcon_core.package_identification:_identify(clientapp/instance/lucid) by extension 'cmake'
[0.162s] Level 1:colcon.colcon_core.package_identification:_identify(clientapp/instance/lucid) by extension 'python'
[0.162s] Level 1:colcon.colcon_core.package_identification:_identify(clientapp/instance/lucid) by extensions ['python_setup_py']
[0.162s] Level 1:colcon.colcon_core.package_identification:_identify(clientapp/instance/lucid) by extension 'python_setup_py'
[0.162s] Level 1:colcon.colcon_core.package_identification:_identify(clientapp/instance/lucid/sensors) by extensions ['ignore', 'ignore_ament_install']
[0.162s] Level 1:colcon.colcon_core.package_identification:_identify(clientapp/instance/lucid/sensors) by extension 'ignore'
[0.162s] Level 1:colcon.colcon_core.package_identification:_identify(clientapp/instance/lucid/sensors) by extension 'ignore_ament_install'
[0.162s] Level 1:colcon.colcon_core.package_identification:_identify(clientapp/instance/lucid/sensors) by extensions ['colcon_pkg']
[0.162s] Level 1:colcon.colcon_core.package_identification:_identify(clientapp/instance/lucid/sensors) by extension 'colcon_pkg'
[0.163s] Level 1:colcon.colcon_core.package_identification:_identify(clientapp/instance/lucid/sensors) by extensions ['colcon_meta']
[0.163s] Level 1:colcon.colcon_core.package_identification:_identify(clientapp/instance/lucid/sensors) by extension 'colcon_meta'
[0.163s] Level 1:colcon.colcon_core.package_identification:_identify(clientapp/instance/lucid/sensors) by extensions ['ros']
[0.163s] Level 1:colcon.colcon_core.package_identification:_identify(clientapp/instance/lucid/sensors) by extension 'ros'
[0.163s] Level 1:colcon.colcon_core.package_identification:_identify(clientapp/instance/lucid/sensors) by extensions ['cmake', 'python']
[0.163s] Level 1:colcon.colcon_core.package_identification:_identify(clientapp/instance/lucid/sensors) by extension 'cmake'
[0.163s] Level 1:colcon.colcon_core.package_identification:_identify(clientapp/instance/lucid/sensors) by extension 'python'
[0.163s] Level 1:colcon.colcon_core.package_identification:_identify(clientapp/instance/lucid/sensors) by extensions ['python_setup_py']
[0.163s] Level 1:colcon.colcon_core.package_identification:_identify(clientapp/instance/lucid/sensors) by extension 'python_setup_py'
[0.163s] Level 1:colcon.colcon_core.package_identification:_identify(clientapp/instance/lucid/sensors/cameras) by extensions ['ignore', 'ignore_ament_install']
[0.163s] Level 1:colcon.colcon_core.package_identification:_identify(clientapp/instance/lucid/sensors/cameras) by extension 'ignore'
[0.163s] Level 1:colcon.colcon_core.package_identification:_identify(clientapp/instance/lucid/sensors/cameras) by extension 'ignore_ament_install'
[0.163s] Level 1:colcon.colcon_core.package_identification:_identify(clientapp/instance/lucid/sensors/cameras) by extensions ['colcon_pkg']
[0.163s] Level 1:colcon.colcon_core.package_identification:_identify(clientapp/instance/lucid/sensors/cameras) by extension 'colcon_pkg'
[0.163s] Level 1:colcon.colcon_core.package_identification:_identify(clientapp/instance/lucid/sensors/cameras) by extensions ['colcon_meta']
[0.163s] Level 1:colcon.colcon_core.package_identification:_identify(clientapp/instance/lucid/sensors/cameras) by extension 'colcon_meta'
[0.163s] Level 1:colcon.colcon_core.package_identification:_identify(clientapp/instance/lucid/sensors/cameras) by extensions ['ros']
[0.163s] Level 1:colcon.colcon_core.package_identification:_identify(clientapp/instance/lucid/sensors/cameras) by extension 'ros'
[0.163s] Level 1:colcon.colcon_core.package_identification:_identify(clientapp/instance/lucid/sensors/cameras) by extensions ['cmake', 'python']
[0.163s] Level 1:colcon.colcon_core.package_identification:_identify(clientapp/instance/lucid/sensors/cameras) by extension 'cmake'
[0.163s] Level 1:colcon.colcon_core.package_identification:_identify(clientapp/instance/lucid/sensors/cameras) by extension 'python'
[0.163s] Level 1:colcon.colcon_core.package_identification:_identify(clientapp/instance/lucid/sensors/cameras) by extensions ['python_setup_py']
[0.163s] Level 1:colcon.colcon_core.package_identification:_identify(clientapp/instance/lucid/sensors/cameras) by extension 'python_setup_py'
[0.163s] Level 1:colcon.colcon_core.package_identification:_identify(clientapp/instance/lucid/sensors/lidar) by extensions ['ignore', 'ignore_ament_install']
[0.163s] Level 1:colcon.colcon_core.package_identification:_identify(clientapp/instance/lucid/sensors/lidar) by extension 'ignore'
[0.163s] Level 1:colcon.colcon_core.package_identification:_identify(clientapp/instance/lucid/sensors/lidar) by extension 'ignore_ament_install'
[0.163s] Level 1:colcon.colcon_core.package_identification:_identify(clientapp/instance/lucid/sensors/lidar) by extensions ['colcon_pkg']
[0.163s] Level 1:colcon.colcon_core.package_identification:_identify(clientapp/instance/lucid/sensors/lidar) by extension 'colcon_pkg'
[0.163s] Level 1:colcon.colcon_core.package_identification:_identify(clientapp/instance/lucid/sensors/lidar) by extensions ['colcon_meta']
[0.163s] Level 1:colcon.colcon_core.package_identification:_identify(clientapp/instance/lucid/sensors/lidar) by extension 'colcon_meta'
[0.163s] Level 1:colcon.colcon_core.package_identification:_identify(clientapp/instance/lucid/sensors/lidar) by extensions ['ros']
[0.163s] Level 1:colcon.colcon_core.package_identification:_identify(clientapp/instance/lucid/sensors/lidar) by extension 'ros'
[0.163s] Level 1:colcon.colcon_core.package_identification:_identify(clientapp/instance/lucid/sensors/lidar) by extensions ['cmake', 'python']
[0.163s] Level 1:colcon.colcon_core.package_identification:_identify(clientapp/instance/lucid/sensors/lidar) by extension 'cmake'
[0.163s] Level 1:colcon.colcon_core.package_identification:_identify(clientapp/instance/lucid/sensors/lidar) by extension 'python'
[0.163s] Level 1:colcon.colcon_core.package_identification:_identify(clientapp/instance/lucid/sensors/lidar) by extensions ['python_setup_py']
[0.163s] Level 1:colcon.colcon_core.package_identification:_identify(clientapp/instance/lucid/sensors/lidar) by extension 'python_setup_py'
[0.163s] Level 1:colcon.colcon_core.package_identification:_identify(clientapp/instance/ouster_lidar) by extensions ['ignore', 'ignore_ament_install']
[0.163s] Level 1:colcon.colcon_core.package_identification:_identify(clientapp/instance/ouster_lidar) by extension 'ignore'
[0.163s] Level 1:colcon.colcon_core.package_identification:_identify(clientapp/instance/ouster_lidar) by extension 'ignore_ament_install'
[0.163s] Level 1:colcon.colcon_core.package_identification:_identify(clientapp/instance/ouster_lidar) by extensions ['colcon_pkg']
[0.163s] Level 1:colcon.colcon_core.package_identification:_identify(clientapp/instance/ouster_lidar) by extension 'colcon_pkg'
[0.163s] Level 1:colcon.colcon_core.package_identification:_identify(clientapp/instance/ouster_lidar) by extensions ['colcon_meta']
[0.163s] Level 1:colcon.colcon_core.package_identification:_identify(clientapp/instance/ouster_lidar) by extension 'colcon_meta'
[0.163s] Level 1:colcon.colcon_core.package_identification:_identify(clientapp/instance/ouster_lidar) by extensions ['ros']
[0.163s] Level 1:colcon.colcon_core.package_identification:_identify(clientapp/instance/ouster_lidar) by extension 'ros'
[0.163s] Level 1:colcon.colcon_core.package_identification:_identify(clientapp/instance/ouster_lidar) by extensions ['cmake', 'python']
[0.163s] Level 1:colcon.colcon_core.package_identification:_identify(clientapp/instance/ouster_lidar) by extension 'cmake'
[0.163s] Level 1:colcon.colcon_core.package_identification:_identify(clientapp/instance/ouster_lidar) by extension 'python'
[0.163s] Level 1:colcon.colcon_core.package_identification:_identify(clientapp/instance/ouster_lidar) by extensions ['python_setup_py']
[0.163s] Level 1:colcon.colcon_core.package_identification:_identify(clientapp/instance/ouster_lidar) by extension 'python_setup_py'
[0.163s] Level 1:colcon.colcon_core.package_identification:_identify(clientapp/instance/ranger) by extensions ['ignore', 'ignore_ament_install']
[0.164s] Level 1:colcon.colcon_core.package_identification:_identify(clientapp/instance/ranger) by extension 'ignore'
[0.164s] Level 1:colcon.colcon_core.package_identification:_identify(clientapp/instance/ranger) by extension 'ignore_ament_install'
[0.164s] Level 1:colcon.colcon_core.package_identification:_identify(clientapp/instance/ranger) by extensions ['colcon_pkg']
[0.164s] Level 1:colcon.colcon_core.package_identification:_identify(clientapp/instance/ranger) by extension 'colcon_pkg'
[0.164s] Level 1:colcon.colcon_core.package_identification:_identify(clientapp/instance/ranger) by extensions ['colcon_meta']
[0.164s] Level 1:colcon.colcon_core.package_identification:_identify(clientapp/instance/ranger) by extension 'colcon_meta'
[0.164s] Level 1:colcon.colcon_core.package_identification:_identify(clientapp/instance/ranger) by extensions ['ros']
[0.164s] Level 1:colcon.colcon_core.package_identification:_identify(clientapp/instance/ranger) by extension 'ros'
[0.164s] Level 1:colcon.colcon_core.package_identification:_identify(clientapp/instance/ranger) by extensions ['cmake', 'python']
[0.164s] Level 1:colcon.colcon_core.package_identification:_identify(clientapp/instance/ranger) by extension 'cmake'
[0.164s] Level 1:colcon.colcon_core.package_identification:_identify(clientapp/instance/ranger) by extension 'python'
[0.164s] Level 1:colcon.colcon_core.package_identification:_identify(clientapp/instance/ranger) by extensions ['python_setup_py']
[0.164s] Level 1:colcon.colcon_core.package_identification:_identify(clientapp/instance/ranger) by extension 'python_setup_py'
[0.164s] Level 1:colcon.colcon_core.package_identification:_identify(clientapp/instance/slam) by extensions ['ignore', 'ignore_ament_install']
[0.164s] Level 1:colcon.colcon_core.package_identification:_identify(clientapp/instance/slam) by extension 'ignore'
[0.164s] Level 1:colcon.colcon_core.package_identification:_identify(clientapp/instance/slam) by extension 'ignore_ament_install'
[0.164s] Level 1:colcon.colcon_core.package_identification:_identify(clientapp/instance/slam) by extensions ['colcon_pkg']
[0.164s] Level 1:colcon.colcon_core.package_identification:_identify(clientapp/instance/slam) by extension 'colcon_pkg'
[0.164s] Level 1:colcon.colcon_core.package_identification:_identify(clientapp/instance/slam) by extensions ['colcon_meta']
[0.164s] Level 1:colcon.colcon_core.package_identification:_identify(clientapp/instance/slam) by extension 'colcon_meta'
[0.164s] Level 1:colcon.colcon_core.package_identification:_identify(clientapp/instance/slam) by extensions ['ros']
[0.164s] Level 1:colcon.colcon_core.package_identification:_identify(clientapp/instance/slam) by extension 'ros'
[0.164s] Level 1:colcon.colcon_core.package_identification:_identify(clientapp/instance/slam) by extensions ['cmake', 'python']
[0.164s] Level 1:colcon.colcon_core.package_identification:_identify(clientapp/instance/slam) by extension 'cmake'
[0.164s] Level 1:colcon.colcon_core.package_identification:_identify(clientapp/instance/slam) by extension 'python'
[0.164s] Level 1:colcon.colcon_core.package_identification:_identify(clientapp/instance/slam) by extensions ['python_setup_py']
[0.164s] Level 1:colcon.colcon_core.package_identification:_identify(clientapp/instance/slam) by extension 'python_setup_py'
[0.164s] Level 1:colcon.colcon_core.package_identification:_identify(clientapp/nginx) by extensions ['ignore', 'ignore_ament_install']
[0.164s] Level 1:colcon.colcon_core.package_identification:_identify(clientapp/nginx) by extension 'ignore'
[0.164s] Level 1:colcon.colcon_core.package_identification:_identify(clientapp/nginx) by extension 'ignore_ament_install'
[0.164s] Level 1:colcon.colcon_core.package_identification:_identify(clientapp/nginx) by extensions ['colcon_pkg']
[0.164s] Level 1:colcon.colcon_core.package_identification:_identify(clientapp/nginx) by extension 'colcon_pkg'
[0.164s] Level 1:colcon.colcon_core.package_identification:_identify(clientapp/nginx) by extensions ['colcon_meta']
[0.164s] Level 1:colcon.colcon_core.package_identification:_identify(clientapp/nginx) by extension 'colcon_meta'
[0.164s] Level 1:colcon.colcon_core.package_identification:_identify(clientapp/nginx) by extensions ['ros']
[0.164s] Level 1:colcon.colcon_core.package_identification:_identify(clientapp/nginx) by extension 'ros'
[0.164s] Level 1:colcon.colcon_core.package_identification:_identify(clientapp/nginx) by extensions ['cmake', 'python']
[0.164s] Level 1:colcon.colcon_core.package_identification:_identify(clientapp/nginx) by extension 'cmake'
[0.164s] Level 1:colcon.colcon_core.package_identification:_identify(clientapp/nginx) by extension 'python'
[0.164s] Level 1:colcon.colcon_core.package_identification:_identify(clientapp/nginx) by extensions ['python_setup_py']
[0.164s] Level 1:colcon.colcon_core.package_identification:_identify(clientapp/nginx) by extension 'python_setup_py'
[0.164s] Level 1:colcon.colcon_core.package_identification:_identify(clientapp/nodes) by extensions ['ignore', 'ignore_ament_install']
[0.164s] Level 1:colcon.colcon_core.package_identification:_identify(clientapp/nodes) by extension 'ignore'
[0.164s] Level 1:colcon.colcon_core.package_identification:_identify(clientapp/nodes) by extension 'ignore_ament_install'
[0.164s] Level 1:colcon.colcon_core.package_identification:_identify(clientapp/nodes) by extensions ['colcon_pkg']
[0.164s] Level 1:colcon.colcon_core.package_identification:_identify(clientapp/nodes) by extension 'colcon_pkg'
[0.164s] Level 1:colcon.colcon_core.package_identification:_identify(clientapp/nodes) by extensions ['colcon_meta']
[0.164s] Level 1:colcon.colcon_core.package_identification:_identify(clientapp/nodes) by extension 'colcon_meta'
[0.164s] Level 1:colcon.colcon_core.package_identification:_identify(clientapp/nodes) by extensions ['ros']
[0.164s] Level 1:colcon.colcon_core.package_identification:_identify(clientapp/nodes) by extension 'ros'
[0.164s] Level 1:colcon.colcon_core.package_identification:_identify(clientapp/nodes) by extensions ['cmake', 'python']
[0.164s] Level 1:colcon.colcon_core.package_identification:_identify(clientapp/nodes) by extension 'cmake'
[0.164s] Level 1:colcon.colcon_core.package_identification:_identify(clientapp/nodes) by extension 'python'
[0.164s] Level 1:colcon.colcon_core.package_identification:_identify(clientapp/nodes) by extensions ['python_setup_py']
[0.164s] Level 1:colcon.colcon_core.package_identification:_identify(clientapp/nodes) by extension 'python_setup_py'
[0.164s] Level 1:colcon.colcon_core.package_identification:_identify(clientapp/public) by extensions ['ignore', 'ignore_ament_install']
[0.165s] Level 1:colcon.colcon_core.package_identification:_identify(clientapp/public) by extension 'ignore'
[0.165s] Level 1:colcon.colcon_core.package_identification:_identify(clientapp/public) by extension 'ignore_ament_install'
[0.165s] Level 1:colcon.colcon_core.package_identification:_identify(clientapp/public) by extensions ['colcon_pkg']
[0.165s] Level 1:colcon.colcon_core.package_identification:_identify(clientapp/public) by extension 'colcon_pkg'
[0.165s] Level 1:colcon.colcon_core.package_identification:_identify(clientapp/public) by extensions ['colcon_meta']
[0.165s] Level 1:colcon.colcon_core.package_identification:_identify(clientapp/public) by extension 'colcon_meta'
[0.165s] Level 1:colcon.colcon_core.package_identification:_identify(clientapp/public) by extensions ['ros']
[0.165s] Level 1:colcon.colcon_core.package_identification:_identify(clientapp/public) by extension 'ros'
[0.165s] Level 1:colcon.colcon_core.package_identification:_identify(clientapp/public) by extensions ['cmake', 'python']
[0.165s] Level 1:colcon.colcon_core.package_identification:_identify(clientapp/public) by extension 'cmake'
[0.165s] Level 1:colcon.colcon_core.package_identification:_identify(clientapp/public) by extension 'python'
[0.165s] Level 1:colcon.colcon_core.package_identification:_identify(clientapp/public) by extensions ['python_setup_py']
[0.165s] Level 1:colcon.colcon_core.package_identification:_identify(clientapp/public) by extension 'python_setup_py'
[0.165s] Level 1:colcon.colcon_core.package_identification:_identify(clientapp/share) by extensions ['ignore', 'ignore_ament_install']
[0.165s] Level 1:colcon.colcon_core.package_identification:_identify(clientapp/share) by extension 'ignore'
[0.165s] Level 1:colcon.colcon_core.package_identification:_identify(clientapp/share) by extension 'ignore_ament_install'
[0.165s] Level 1:colcon.colcon_core.package_identification:_identify(clientapp/share) by extensions ['colcon_pkg']
[0.165s] Level 1:colcon.colcon_core.package_identification:_identify(clientapp/share) by extension 'colcon_pkg'
[0.165s] Level 1:colcon.colcon_core.package_identification:_identify(clientapp/share) by extensions ['colcon_meta']
[0.165s] Level 1:colcon.colcon_core.package_identification:_identify(clientapp/share) by extension 'colcon_meta'
[0.165s] Level 1:colcon.colcon_core.package_identification:_identify(clientapp/share) by extensions ['ros']
[0.165s] Level 1:colcon.colcon_core.package_identification:_identify(clientapp/share) by extension 'ros'
[0.165s] Level 1:colcon.colcon_core.package_identification:_identify(clientapp/share) by extensions ['cmake', 'python']
[0.165s] Level 1:colcon.colcon_core.package_identification:_identify(clientapp/share) by extension 'cmake'
[0.165s] Level 1:colcon.colcon_core.package_identification:_identify(clientapp/share) by extension 'python'
[0.165s] Level 1:colcon.colcon_core.package_identification:_identify(clientapp/share) by extensions ['python_setup_py']
[0.165s] Level 1:colcon.colcon_core.package_identification:_identify(clientapp/share) by extension 'python_setup_py'
[0.165s] Level 1:colcon.colcon_core.package_identification:_identify(downstream) by extensions ['ignore', 'ignore_ament_install']
[0.165s] Level 1:colcon.colcon_core.package_identification:_identify(downstream) by extension 'ignore'
[0.165s] Level 1:colcon.colcon_core.package_identification:_identify(downstream) by extension 'ignore_ament_install'
[0.165s] Level 1:colcon.colcon_core.package_identification:_identify(downstream) by extensions ['colcon_pkg']
[0.165s] Level 1:colcon.colcon_core.package_identification:_identify(downstream) by extension 'colcon_pkg'
[0.165s] Level 1:colcon.colcon_core.package_identification:_identify(downstream) by extensions ['colcon_meta']
[0.165s] Level 1:colcon.colcon_core.package_identification:_identify(downstream) by extension 'colcon_meta'
[0.165s] Level 1:colcon.colcon_core.package_identification:_identify(downstream) by extensions ['ros']
[0.165s] Level 1:colcon.colcon_core.package_identification:_identify(downstream) by extension 'ros'
[0.165s] Level 1:colcon.colcon_core.package_identification:_identify(downstream) by extensions ['cmake', 'python']
[0.165s] Level 1:colcon.colcon_core.package_identification:_identify(downstream) by extension 'cmake'
[0.165s] Level 1:colcon.colcon_core.package_identification:_identify(downstream) by extension 'python'
[0.165s] Level 1:colcon.colcon_core.package_identification:_identify(downstream) by extensions ['python_setup_py']
[0.165s] Level 1:colcon.colcon_core.package_identification:_identify(downstream) by extension 'python_setup_py'
[0.165s] Level 1:colcon.colcon_core.package_identification:_identify(install) by extensions ['ignore', 'ignore_ament_install']
[0.165s] Level 1:colcon.colcon_core.package_identification:_identify(install) by extension 'ignore'
[0.165s] Level 1:colcon.colcon_core.package_identification:_identify(install) ignored
[0.165s] Level 1:colcon.colcon_core.package_identification:_identify(log) by extensions ['ignore', 'ignore_ament_install']
[0.165s] Level 1:colcon.colcon_core.package_identification:_identify(log) by extension 'ignore'
[0.165s] Level 1:colcon.colcon_core.package_identification:_identify(log) ignored
[0.165s] Level 1:colcon.colcon_core.package_identification:_identify(piper_ws) by extensions ['ignore', 'ignore_ament_install']
[0.165s] Level 1:colcon.colcon_core.package_identification:_identify(piper_ws) by extension 'ignore'
[0.165s] Level 1:colcon.colcon_core.package_identification:_identify(piper_ws) by extension 'ignore_ament_install'
[0.166s] Level 1:colcon.colcon_core.package_identification:_identify(piper_ws) by extensions ['colcon_pkg']
[0.166s] Level 1:colcon.colcon_core.package_identification:_identify(piper_ws) by extension 'colcon_pkg'
[0.166s] Level 1:colcon.colcon_core.package_identification:_identify(piper_ws) by extensions ['colcon_meta']
[0.166s] Level 1:colcon.colcon_core.package_identification:_identify(piper_ws) by extension 'colcon_meta'
[0.166s] Level 1:colcon.colcon_core.package_identification:_identify(piper_ws) by extensions ['ros']
[0.166s] Level 1:colcon.colcon_core.package_identification:_identify(piper_ws) by extension 'ros'
[0.166s] Level 1:colcon.colcon_core.package_identification:_identify(piper_ws) by extensions ['cmake', 'python']
[0.166s] Level 1:colcon.colcon_core.package_identification:_identify(piper_ws) by extension 'cmake'
[0.166s] Level 1:colcon.colcon_core.package_identification:_identify(piper_ws) by extension 'python'
[0.166s] Level 1:colcon.colcon_core.package_identification:_identify(piper_ws) by extensions ['python_setup_py']
[0.166s] Level 1:colcon.colcon_core.package_identification:_identify(piper_ws) by extension 'python_setup_py'
[0.166s] Level 1:colcon.colcon_core.package_identification:_identify(piper_ws/build) by extensions ['ignore', 'ignore_ament_install']
[0.166s] Level 1:colcon.colcon_core.package_identification:_identify(piper_ws/build) by extension 'ignore'
[0.166s] Level 1:colcon.colcon_core.package_identification:_identify(piper_ws/build) ignored
[0.166s] Level 1:colcon.colcon_core.package_identification:_identify(piper_ws/install) by extensions ['ignore', 'ignore_ament_install']
[0.166s] Level 1:colcon.colcon_core.package_identification:_identify(piper_ws/install) by extension 'ignore'
[0.166s] Level 1:colcon.colcon_core.package_identification:_identify(piper_ws/install) ignored
[0.166s] Level 1:colcon.colcon_core.package_identification:_identify(piper_ws/log) by extensions ['ignore', 'ignore_ament_install']
[0.166s] Level 1:colcon.colcon_core.package_identification:_identify(piper_ws/log) by extension 'ignore'
[0.166s] Level 1:colcon.colcon_core.package_identification:_identify(piper_ws/log) ignored
[0.166s] Level 1:colcon.colcon_core.package_identification:_identify(piper_ws/src) by extensions ['ignore', 'ignore_ament_install']
[0.166s] Level 1:colcon.colcon_core.package_identification:_identify(piper_ws/src) by extension 'ignore'
[0.166s] Level 1:colcon.colcon_core.package_identification:_identify(piper_ws/src) by extension 'ignore_ament_install'
[0.166s] Level 1:colcon.colcon_core.package_identification:_identify(piper_ws/src) by extensions ['colcon_pkg']
[0.166s] Level 1:colcon.colcon_core.package_identification:_identify(piper_ws/src) by extension 'colcon_pkg'
[0.166s] Level 1:colcon.colcon_core.package_identification:_identify(piper_ws/src) by extensions ['colcon_meta']
[0.166s] Level 1:colcon.colcon_core.package_identification:_identify(piper_ws/src) by extension 'colcon_meta'
[0.166s] Level 1:colcon.colcon_core.package_identification:_identify(piper_ws/src) by extensions ['ros']
[0.166s] Level 1:colcon.colcon_core.package_identification:_identify(piper_ws/src) by extension 'ros'
[0.166s] Level 1:colcon.colcon_core.package_identification:_identify(piper_ws/src) by extensions ['cmake', 'python']
[0.166s] Level 1:colcon.colcon_core.package_identification:_identify(piper_ws/src) by extension 'cmake'
[0.166s] Level 1:colcon.colcon_core.package_identification:_identify(piper_ws/src) by extension 'python'
[0.166s] Level 1:colcon.colcon_core.package_identification:_identify(piper_ws/src) by extensions ['python_setup_py']
[0.166s] Level 1:colcon.colcon_core.package_identification:_identify(piper_ws/src) by extension 'python_setup_py'
[0.166s] Level 1:colcon.colcon_core.package_identification:_identify(piper_ws/src/Piper_ros) by extensions ['ignore', 'ignore_ament_install']
[0.166s] Level 1:colcon.colcon_core.package_identification:_identify(piper_ws/src/Piper_ros) by extension 'ignore'
[0.166s] Level 1:colcon.colcon_core.package_identification:_identify(piper_ws/src/Piper_ros) by extension 'ignore_ament_install'
[0.166s] Level 1:colcon.colcon_core.package_identification:_identify(piper_ws/src/Piper_ros) by extensions ['colcon_pkg']
[0.166s] Level 1:colcon.colcon_core.package_identification:_identify(piper_ws/src/Piper_ros) by extension 'colcon_pkg'
[0.166s] Level 1:colcon.colcon_core.package_identification:_identify(piper_ws/src/Piper_ros) by extensions ['colcon_meta']
[0.166s] Level 1:colcon.colcon_core.package_identification:_identify(piper_ws/src/Piper_ros) by extension 'colcon_meta'
[0.166s] Level 1:colcon.colcon_core.package_identification:_identify(piper_ws/src/Piper_ros) by extensions ['ros']
[0.166s] Level 1:colcon.colcon_core.package_identification:_identify(piper_ws/src/Piper_ros) by extension 'ros'
[0.166s] Level 1:colcon.colcon_core.package_identification:_identify(piper_ws/src/Piper_ros) by extensions ['cmake', 'python']
[0.166s] Level 1:colcon.colcon_core.package_identification:_identify(piper_ws/src/Piper_ros) by extension 'cmake'
[0.166s] Level 1:colcon.colcon_core.package_identification:_identify(piper_ws/src/Piper_ros) by extension 'python'
[0.166s] Level 1:colcon.colcon_core.package_identification:_identify(piper_ws/src/Piper_ros) by extensions ['python_setup_py']
[0.166s] Level 1:colcon.colcon_core.package_identification:_identify(piper_ws/src/Piper_ros) by extension 'python_setup_py'
[0.166s] Level 1:colcon.colcon_core.package_identification:_identify(piper_ws/src/Piper_ros/asserts) by extensions ['ignore', 'ignore_ament_install']
[0.167s] Level 1:colcon.colcon_core.package_identification:_identify(piper_ws/src/Piper_ros/asserts) by extension 'ignore'
[0.167s] Level 1:colcon.colcon_core.package_identification:_identify(piper_ws/src/Piper_ros/asserts) by extension 'ignore_ament_install'
[0.167s] Level 1:colcon.colcon_core.package_identification:_identify(piper_ws/src/Piper_ros/asserts) by extensions ['colcon_pkg']
[0.167s] Level 1:colcon.colcon_core.package_identification:_identify(piper_ws/src/Piper_ros/asserts) by extension 'colcon_pkg'
[0.167s] Level 1:colcon.colcon_core.package_identification:_identify(piper_ws/src/Piper_ros/asserts) by extensions ['colcon_meta']
[0.167s] Level 1:colcon.colcon_core.package_identification:_identify(piper_ws/src/Piper_ros/asserts) by extension 'colcon_meta'
[0.167s] Level 1:colcon.colcon_core.package_identification:_identify(piper_ws/src/Piper_ros/asserts) by extensions ['ros']
[0.167s] Level 1:colcon.colcon_core.package_identification:_identify(piper_ws/src/Piper_ros/asserts) by extension 'ros'
[0.167s] Level 1:colcon.colcon_core.package_identification:_identify(piper_ws/src/Piper_ros/asserts) by extensions ['cmake', 'python']
[0.167s] Level 1:colcon.colcon_core.package_identification:_identify(piper_ws/src/Piper_ros/asserts) by extension 'cmake'
[0.167s] Level 1:colcon.colcon_core.package_identification:_identify(piper_ws/src/Piper_ros/asserts) by extension 'python'
[0.167s] Level 1:colcon.colcon_core.package_identification:_identify(piper_ws/src/Piper_ros/asserts) by extensions ['python_setup_py']
[0.167s] Level 1:colcon.colcon_core.package_identification:_identify(piper_ws/src/Piper_ros/asserts) by extension 'python_setup_py'
[0.167s] Level 1:colcon.colcon_core.package_identification:_identify(piper_ws/src/Piper_ros/asserts/pictures) by extensions ['ignore', 'ignore_ament_install']
[0.167s] Level 1:colcon.colcon_core.package_identification:_identify(piper_ws/src/Piper_ros/asserts/pictures) by extension 'ignore'
[0.167s] Level 1:colcon.colcon_core.package_identification:_identify(piper_ws/src/Piper_ros/asserts/pictures) by extension 'ignore_ament_install'
[0.167s] Level 1:colcon.colcon_core.package_identification:_identify(piper_ws/src/Piper_ros/asserts/pictures) by extensions ['colcon_pkg']
[0.167s] Level 1:colcon.colcon_core.package_identification:_identify(piper_ws/src/Piper_ros/asserts/pictures) by extension 'colcon_pkg'
[0.167s] Level 1:colcon.colcon_core.package_identification:_identify(piper_ws/src/Piper_ros/asserts/pictures) by extensions ['colcon_meta']
[0.167s] Level 1:colcon.colcon_core.package_identification:_identify(piper_ws/src/Piper_ros/asserts/pictures) by extension 'colcon_meta'
[0.167s] Level 1:colcon.colcon_core.package_identification:_identify(piper_ws/src/Piper_ros/asserts/pictures) by extensions ['ros']
[0.167s] Level 1:colcon.colcon_core.package_identification:_identify(piper_ws/src/Piper_ros/asserts/pictures) by extension 'ros'
[0.167s] Level 1:colcon.colcon_core.package_identification:_identify(piper_ws/src/Piper_ros/asserts/pictures) by extensions ['cmake', 'python']
[0.167s] Level 1:colcon.colcon_core.package_identification:_identify(piper_ws/src/Piper_ros/asserts/pictures) by extension 'cmake'
[0.167s] Level 1:colcon.colcon_core.package_identification:_identify(piper_ws/src/Piper_ros/asserts/pictures) by extension 'python'
[0.167s] Level 1:colcon.colcon_core.package_identification:_identify(piper_ws/src/Piper_ros/asserts/pictures) by extensions ['python_setup_py']
[0.167s] Level 1:colcon.colcon_core.package_identification:_identify(piper_ws/src/Piper_ros/asserts/pictures) by extension 'python_setup_py'
[0.167s] Level 1:colcon.colcon_core.package_identification:_identify(piper_ws/src/Piper_ros/src) by extensions ['ignore', 'ignore_ament_install']
[0.167s] Level 1:colcon.colcon_core.package_identification:_identify(piper_ws/src/Piper_ros/src) by extension 'ignore'
[0.167s] Level 1:colcon.colcon_core.package_identification:_identify(piper_ws/src/Piper_ros/src) by extension 'ignore_ament_install'
[0.167s] Level 1:colcon.colcon_core.package_identification:_identify(piper_ws/src/Piper_ros/src) by extensions ['colcon_pkg']
[0.167s] Level 1:colcon.colcon_core.package_identification:_identify(piper_ws/src/Piper_ros/src) by extension 'colcon_pkg'
[0.167s] Level 1:colcon.colcon_core.package_identification:_identify(piper_ws/src/Piper_ros/src) by extensions ['colcon_meta']
[0.167s] Level 1:colcon.colcon_core.package_identification:_identify(piper_ws/src/Piper_ros/src) by extension 'colcon_meta'
[0.167s] Level 1:colcon.colcon_core.package_identification:_identify(piper_ws/src/Piper_ros/src) by extensions ['ros']
[0.167s] Level 1:colcon.colcon_core.package_identification:_identify(piper_ws/src/Piper_ros/src) by extension 'ros'
[0.167s] Level 1:colcon.colcon_core.package_identification:_identify(piper_ws/src/Piper_ros/src) by extensions ['cmake', 'python']
[0.167s] Level 1:colcon.colcon_core.package_identification:_identify(piper_ws/src/Piper_ros/src) by extension 'cmake'
[0.167s] Level 1:colcon.colcon_core.package_identification:_identify(piper_ws/src/Piper_ros/src) by extension 'python'
[0.167s] Level 1:colcon.colcon_core.package_identification:_identify(piper_ws/src/Piper_ros/src) by extensions ['python_setup_py']
[0.167s] Level 1:colcon.colcon_core.package_identification:_identify(piper_ws/src/Piper_ros/src) by extension 'python_setup_py'
[0.167s] Level 1:colcon.colcon_core.package_identification:_identify(piper_ws/src/Piper_ros/src/flask_ui) by extensions ['ignore', 'ignore_ament_install']
[0.167s] Level 1:colcon.colcon_core.package_identification:_identify(piper_ws/src/Piper_ros/src/flask_ui) by extension 'ignore'
[0.167s] Level 1:colcon.colcon_core.package_identification:_identify(piper_ws/src/Piper_ros/src/flask_ui) by extension 'ignore_ament_install'
[0.167s] Level 1:colcon.colcon_core.package_identification:_identify(piper_ws/src/Piper_ros/src/flask_ui) by extensions ['colcon_pkg']
[0.167s] Level 1:colcon.colcon_core.package_identification:_identify(piper_ws/src/Piper_ros/src/flask_ui) by extension 'colcon_pkg'
[0.167s] Level 1:colcon.colcon_core.package_identification:_identify(piper_ws/src/Piper_ros/src/flask_ui) by extensions ['colcon_meta']
[0.167s] Level 1:colcon.colcon_core.package_identification:_identify(piper_ws/src/Piper_ros/src/flask_ui) by extension 'colcon_meta'
[0.167s] Level 1:colcon.colcon_core.package_identification:_identify(piper_ws/src/Piper_ros/src/flask_ui) by extensions ['ros']
[0.167s] Level 1:colcon.colcon_core.package_identification:_identify(piper_ws/src/Piper_ros/src/flask_ui) by extension 'ros'
[0.168s] DEBUG:colcon.colcon_core.package_identification:Package 'piper_ws/src/Piper_ros/src/flask_ui' with type 'ros.ament_cmake' and name 'flask_ui'
[0.168s] Level 1:colcon.colcon_core.package_identification:_identify(piper_ws/src/Piper_ros/src/piper) by extensions ['ignore', 'ignore_ament_install']
[0.168s] Level 1:colcon.colcon_core.package_identification:_identify(piper_ws/src/Piper_ros/src/piper) by extension 'ignore'
[0.168s] Level 1:colcon.colcon_core.package_identification:_identify(piper_ws/src/Piper_ros/src/piper) by extension 'ignore_ament_install'
[0.168s] Level 1:colcon.colcon_core.package_identification:_identify(piper_ws/src/Piper_ros/src/piper) by extensions ['colcon_pkg']
[0.168s] Level 1:colcon.colcon_core.package_identification:_identify(piper_ws/src/Piper_ros/src/piper) by extension 'colcon_pkg'
[0.168s] Level 1:colcon.colcon_core.package_identification:_identify(piper_ws/src/Piper_ros/src/piper) by extensions ['colcon_meta']
[0.168s] Level 1:colcon.colcon_core.package_identification:_identify(piper_ws/src/Piper_ros/src/piper) by extension 'colcon_meta'
[0.168s] Level 1:colcon.colcon_core.package_identification:_identify(piper_ws/src/Piper_ros/src/piper) by extensions ['ros']
[0.168s] Level 1:colcon.colcon_core.package_identification:_identify(piper_ws/src/Piper_ros/src/piper) by extension 'ros'
[0.168s] DEBUG:colcon.colcon_core.package_identification:Package 'piper_ws/src/Piper_ros/src/piper' with type 'ros.ament_python' and name 'piper'
[0.168s] Level 1:colcon.colcon_core.package_identification:_identify(piper_ws/src/Piper_ros/src/piper_description) by extensions ['ignore', 'ignore_ament_install']
[0.168s] Level 1:colcon.colcon_core.package_identification:_identify(piper_ws/src/Piper_ros/src/piper_description) by extension 'ignore'
[0.168s] Level 1:colcon.colcon_core.package_identification:_identify(piper_ws/src/Piper_ros/src/piper_description) by extension 'ignore_ament_install'
[0.168s] Level 1:colcon.colcon_core.package_identification:_identify(piper_ws/src/Piper_ros/src/piper_description) by extensions ['colcon_pkg']
[0.168s] Level 1:colcon.colcon_core.package_identification:_identify(piper_ws/src/Piper_ros/src/piper_description) by extension 'colcon_pkg'
[0.168s] Level 1:colcon.colcon_core.package_identification:_identify(piper_ws/src/Piper_ros/src/piper_description) by extensions ['colcon_meta']
[0.168s] Level 1:colcon.colcon_core.package_identification:_identify(piper_ws/src/Piper_ros/src/piper_description) by extension 'colcon_meta'
[0.168s] Level 1:colcon.colcon_core.package_identification:_identify(piper_ws/src/Piper_ros/src/piper_description) by extensions ['ros']
[0.168s] Level 1:colcon.colcon_core.package_identification:_identify(piper_ws/src/Piper_ros/src/piper_description) by extension 'ros'
[0.169s] DEBUG:colcon.colcon_core.package_identification:Package 'piper_ws/src/Piper_ros/src/piper_description' with type 'ros.ament_cmake' and name 'piper_description'
[0.169s] Level 1:colcon.colcon_core.package_identification:_identify(piper_ws/src/Piper_ros/src/piper_humble) by extensions ['ignore', 'ignore_ament_install']
[0.169s] Level 1:colcon.colcon_core.package_identification:_identify(piper_ws/src/Piper_ros/src/piper_humble) by extension 'ignore'
[0.169s] Level 1:colcon.colcon_core.package_identification:_identify(piper_ws/src/Piper_ros/src/piper_humble) by extension 'ignore_ament_install'
[0.169s] Level 1:colcon.colcon_core.package_identification:_identify(piper_ws/src/Piper_ros/src/piper_humble) by extensions ['colcon_pkg']
[0.169s] Level 1:colcon.colcon_core.package_identification:_identify(piper_ws/src/Piper_ros/src/piper_humble) by extension 'colcon_pkg'
[0.169s] Level 1:colcon.colcon_core.package_identification:_identify(piper_ws/src/Piper_ros/src/piper_humble) by extensions ['colcon_meta']
[0.169s] Level 1:colcon.colcon_core.package_identification:_identify(piper_ws/src/Piper_ros/src/piper_humble) by extension 'colcon_meta'
[0.169s] Level 1:colcon.colcon_core.package_identification:_identify(piper_ws/src/Piper_ros/src/piper_humble) by extensions ['ros']
[0.169s] Level 1:colcon.colcon_core.package_identification:_identify(piper_ws/src/Piper_ros/src/piper_humble) by extension 'ros'
[0.169s] DEBUG:colcon.colcon_core.package_identification:Package 'piper_ws/src/Piper_ros/src/piper_humble' with type 'ros.ament_cmake' and name 'piper_humble'
[0.169s] Level 1:colcon.colcon_core.package_identification:_identify(piper_ws/src/Piper_ros/src/piper_moveit) by extensions ['ignore', 'ignore_ament_install']
[0.169s] Level 1:colcon.colcon_core.package_identification:_identify(piper_ws/src/Piper_ros/src/piper_moveit) by extension 'ignore'
[0.169s] Level 1:colcon.colcon_core.package_identification:_identify(piper_ws/src/Piper_ros/src/piper_moveit) by extension 'ignore_ament_install'
[0.169s] Level 1:colcon.colcon_core.package_identification:_identify(piper_ws/src/Piper_ros/src/piper_moveit) by extensions ['colcon_pkg']
[0.169s] Level 1:colcon.colcon_core.package_identification:_identify(piper_ws/src/Piper_ros/src/piper_moveit) by extension 'colcon_pkg'
[0.169s] Level 1:colcon.colcon_core.package_identification:_identify(piper_ws/src/Piper_ros/src/piper_moveit) by extensions ['colcon_meta']
[0.169s] Level 1:colcon.colcon_core.package_identification:_identify(piper_ws/src/Piper_ros/src/piper_moveit) by extension 'colcon_meta'
[0.169s] Level 1:colcon.colcon_core.package_identification:_identify(piper_ws/src/Piper_ros/src/piper_moveit) by extensions ['ros']
[0.169s] Level 1:colcon.colcon_core.package_identification:_identify(piper_ws/src/Piper_ros/src/piper_moveit) by extension 'ros'
[0.169s] Level 1:colcon.colcon_core.package_identification:_identify(piper_ws/src/Piper_ros/src/piper_moveit) by extensions ['cmake', 'python']
[0.170s] Level 1:colcon.colcon_core.package_identification:_identify(piper_ws/src/Piper_ros/src/piper_moveit) by extension 'cmake'
[0.170s] Level 1:colcon.colcon_core.package_identification:_identify(piper_ws/src/Piper_ros/src/piper_moveit) by extension 'python'
[0.170s] Level 1:colcon.colcon_core.package_identification:_identify(piper_ws/src/Piper_ros/src/piper_moveit) by extensions ['python_setup_py']
[0.170s] Level 1:colcon.colcon_core.package_identification:_identify(piper_ws/src/Piper_ros/src/piper_moveit) by extension 'python_setup_py'
[0.170s] Level 1:colcon.colcon_core.package_identification:_identify(piper_ws/src/Piper_ros/src/piper_moveit/piper_no_gripper_moveit) by extensions ['ignore', 'ignore_ament_install']
[0.170s] Level 1:colcon.colcon_core.package_identification:_identify(piper_ws/src/Piper_ros/src/piper_moveit/piper_no_gripper_moveit) by extension 'ignore'
[0.170s] Level 1:colcon.colcon_core.package_identification:_identify(piper_ws/src/Piper_ros/src/piper_moveit/piper_no_gripper_moveit) by extension 'ignore_ament_install'
[0.170s] Level 1:colcon.colcon_core.package_identification:_identify(piper_ws/src/Piper_ros/src/piper_moveit/piper_no_gripper_moveit) by extensions ['colcon_pkg']
[0.170s] Level 1:colcon.colcon_core.package_identification:_identify(piper_ws/src/Piper_ros/src/piper_moveit/piper_no_gripper_moveit) by extension 'colcon_pkg'
[0.170s] Level 1:colcon.colcon_core.package_identification:_identify(piper_ws/src/Piper_ros/src/piper_moveit/piper_no_gripper_moveit) by extensions ['colcon_meta']
[0.170s] Level 1:colcon.colcon_core.package_identification:_identify(piper_ws/src/Piper_ros/src/piper_moveit/piper_no_gripper_moveit) by extension 'colcon_meta'
[0.170s] Level 1:colcon.colcon_core.package_identification:_identify(piper_ws/src/Piper_ros/src/piper_moveit/piper_no_gripper_moveit) by extensions ['ros']
[0.170s] Level 1:colcon.colcon_core.package_identification:_identify(piper_ws/src/Piper_ros/src/piper_moveit/piper_no_gripper_moveit) by extension 'ros'
[0.170s] DEBUG:colcon.colcon_core.package_identification:Package 'piper_ws/src/Piper_ros/src/piper_moveit/piper_no_gripper_moveit' with type 'ros.ament_cmake' and name 'piper_no_gripper_moveit'
[0.170s] Level 1:colcon.colcon_core.package_identification:_identify(piper_ws/src/Piper_ros/src/piper_moveit/piper_with_gripper_moveit) by extensions ['ignore', 'ignore_ament_install']
[0.170s] Level 1:colcon.colcon_core.package_identification:_identify(piper_ws/src/Piper_ros/src/piper_moveit/piper_with_gripper_moveit) by extension 'ignore'
[0.170s] Level 1:colcon.colcon_core.package_identification:_identify(piper_ws/src/Piper_ros/src/piper_moveit/piper_with_gripper_moveit) by extension 'ignore_ament_install'
[0.170s] Level 1:colcon.colcon_core.package_identification:_identify(piper_ws/src/Piper_ros/src/piper_moveit/piper_with_gripper_moveit) by extensions ['colcon_pkg']
[0.170s] Level 1:colcon.colcon_core.package_identification:_identify(piper_ws/src/Piper_ros/src/piper_moveit/piper_with_gripper_moveit) by extension 'colcon_pkg'
[0.170s] Level 1:colcon.colcon_core.package_identification:_identify(piper_ws/src/Piper_ros/src/piper_moveit/piper_with_gripper_moveit) by extensions ['colcon_meta']
[0.170s] Level 1:colcon.colcon_core.package_identification:_identify(piper_ws/src/Piper_ros/src/piper_moveit/piper_with_gripper_moveit) by extension 'colcon_meta'
[0.170s] Level 1:colcon.colcon_core.package_identification:_identify(piper_ws/src/Piper_ros/src/piper_moveit/piper_with_gripper_moveit) by extensions ['ros']
[0.170s] Level 1:colcon.colcon_core.package_identification:_identify(piper_ws/src/Piper_ros/src/piper_moveit/piper_with_gripper_moveit) by extension 'ros'
[0.171s] DEBUG:colcon.colcon_core.package_identification:Package 'piper_ws/src/Piper_ros/src/piper_moveit/piper_with_gripper_moveit' with type 'ros.ament_cmake' and name 'piper_with_gripper_moveit'
[0.171s] Level 1:colcon.colcon_core.package_identification:_identify(piper_ws/src/Piper_ros/src/piper_msgs) by extensions ['ignore', 'ignore_ament_install']
[0.171s] Level 1:colcon.colcon_core.package_identification:_identify(piper_ws/src/Piper_ros/src/piper_msgs) by extension 'ignore'
[0.171s] Level 1:colcon.colcon_core.package_identification:_identify(piper_ws/src/Piper_ros/src/piper_msgs) by extension 'ignore_ament_install'
[0.171s] Level 1:colcon.colcon_core.package_identification:_identify(piper_ws/src/Piper_ros/src/piper_msgs) by extensions ['colcon_pkg']
[0.171s] Level 1:colcon.colcon_core.package_identification:_identify(piper_ws/src/Piper_ros/src/piper_msgs) by extension 'colcon_pkg'
[0.171s] Level 1:colcon.colcon_core.package_identification:_identify(piper_ws/src/Piper_ros/src/piper_msgs) by extensions ['colcon_meta']
[0.171s] Level 1:colcon.colcon_core.package_identification:_identify(piper_ws/src/Piper_ros/src/piper_msgs) by extension 'colcon_meta'
[0.171s] Level 1:colcon.colcon_core.package_identification:_identify(piper_ws/src/Piper_ros/src/piper_msgs) by extensions ['ros']
[0.171s] Level 1:colcon.colcon_core.package_identification:_identify(piper_ws/src/Piper_ros/src/piper_msgs) by extension 'ros'
[0.171s] DEBUG:colcon.colcon_core.package_identification:Package 'piper_ws/src/Piper_ros/src/piper_msgs' with type 'ros.ament_cmake' and name 'piper_msgs'
[0.171s] Level 1:colcon.colcon_core.package_identification:_identify(piper_ws/src/Piper_ros/src/piper_sim) by extensions ['ignore', 'ignore_ament_install']
[0.171s] Level 1:colcon.colcon_core.package_identification:_identify(piper_ws/src/Piper_ros/src/piper_sim) by extension 'ignore'
[0.171s] Level 1:colcon.colcon_core.package_identification:_identify(piper_ws/src/Piper_ros/src/piper_sim) by extension 'ignore_ament_install'
[0.171s] Level 1:colcon.colcon_core.package_identification:_identify(piper_ws/src/Piper_ros/src/piper_sim) by extensions ['colcon_pkg']
[0.171s] Level 1:colcon.colcon_core.package_identification:_identify(piper_ws/src/Piper_ros/src/piper_sim) by extension 'colcon_pkg'
[0.171s] Level 1:colcon.colcon_core.package_identification:_identify(piper_ws/src/Piper_ros/src/piper_sim) by extensions ['colcon_meta']
[0.171s] Level 1:colcon.colcon_core.package_identification:_identify(piper_ws/src/Piper_ros/src/piper_sim) by extension 'colcon_meta'
[0.171s] Level 1:colcon.colcon_core.package_identification:_identify(piper_ws/src/Piper_ros/src/piper_sim) by extensions ['ros']
[0.172s] Level 1:colcon.colcon_core.package_identification:_identify(piper_ws/src/Piper_ros/src/piper_sim) by extension 'ros'
[0.172s] Level 1:colcon.colcon_core.package_identification:_identify(piper_ws/src/Piper_ros/src/piper_sim) by extensions ['cmake', 'python']
[0.172s] Level 1:colcon.colcon_core.package_identification:_identify(piper_ws/src/Piper_ros/src/piper_sim) by extension 'cmake'
[0.172s] Level 1:colcon.colcon_core.package_identification:_identify(piper_ws/src/Piper_ros/src/piper_sim) by extension 'python'
[0.172s] Level 1:colcon.colcon_core.package_identification:_identify(piper_ws/src/Piper_ros/src/piper_sim) by extensions ['python_setup_py']
[0.172s] Level 1:colcon.colcon_core.package_identification:_identify(piper_ws/src/Piper_ros/src/piper_sim) by extension 'python_setup_py'
[0.172s] Level 1:colcon.colcon_core.package_identification:_identify(piper_ws/src/Piper_ros/src/piper_sim/piper_gazebo) by extensions ['ignore', 'ignore_ament_install']
[0.172s] Level 1:colcon.colcon_core.package_identification:_identify(piper_ws/src/Piper_ros/src/piper_sim/piper_gazebo) by extension 'ignore'
[0.172s] Level 1:colcon.colcon_core.package_identification:_identify(piper_ws/src/Piper_ros/src/piper_sim/piper_gazebo) by extension 'ignore_ament_install'
[0.172s] Level 1:colcon.colcon_core.package_identification:_identify(piper_ws/src/Piper_ros/src/piper_sim/piper_gazebo) by extensions ['colcon_pkg']
[0.172s] Level 1:colcon.colcon_core.package_identification:_identify(piper_ws/src/Piper_ros/src/piper_sim/piper_gazebo) by extension 'colcon_pkg'
[0.172s] Level 1:colcon.colcon_core.package_identification:_identify(piper_ws/src/Piper_ros/src/piper_sim/piper_gazebo) by extensions ['colcon_meta']
[0.172s] Level 1:colcon.colcon_core.package_identification:_identify(piper_ws/src/Piper_ros/src/piper_sim/piper_gazebo) by extension 'colcon_meta'
[0.172s] Level 1:colcon.colcon_core.package_identification:_identify(piper_ws/src/Piper_ros/src/piper_sim/piper_gazebo) by extensions ['ros']
[0.172s] Level 1:colcon.colcon_core.package_identification:_identify(piper_ws/src/Piper_ros/src/piper_sim/piper_gazebo) by extension 'ros'
[0.173s] DEBUG:colcon.colcon_core.package_identification:Package 'piper_ws/src/Piper_ros/src/piper_sim/piper_gazebo' with type 'ros.ament_cmake' and name 'piper_gazebo'
[0.173s] Level 1:colcon.colcon_core.package_identification:_identify(piper_ws/src/Piper_ros/src/piper_sim/piper_mujoco) by extensions ['ignore', 'ignore_ament_install']
[0.173s] Level 1:colcon.colcon_core.package_identification:_identify(piper_ws/src/Piper_ros/src/piper_sim/piper_mujoco) by extension 'ignore'
[0.173s] Level 1:colcon.colcon_core.package_identification:_identify(piper_ws/src/Piper_ros/src/piper_sim/piper_mujoco) by extension 'ignore_ament_install'
[0.173s] Level 1:colcon.colcon_core.package_identification:_identify(piper_ws/src/Piper_ros/src/piper_sim/piper_mujoco) by extensions ['colcon_pkg']
[0.173s] Level 1:colcon.colcon_core.package_identification:_identify(piper_ws/src/Piper_ros/src/piper_sim/piper_mujoco) by extension 'colcon_pkg'
[0.173s] Level 1:colcon.colcon_core.package_identification:_identify(piper_ws/src/Piper_ros/src/piper_sim/piper_mujoco) by extensions ['colcon_meta']
[0.173s] Level 1:colcon.colcon_core.package_identification:_identify(piper_ws/src/Piper_ros/src/piper_sim/piper_mujoco) by extension 'colcon_meta'
[0.173s] Level 1:colcon.colcon_core.package_identification:_identify(piper_ws/src/Piper_ros/src/piper_sim/piper_mujoco) by extensions ['ros']
[0.173s] Level 1:colcon.colcon_core.package_identification:_identify(piper_ws/src/Piper_ros/src/piper_sim/piper_mujoco) by extension 'ros'
[0.173s] DEBUG:colcon.colcon_core.package_identification:Package 'piper_ws/src/Piper_ros/src/piper_sim/piper_mujoco' with type 'ros.ament_cmake' and name 'piper_mujoco'
[0.173s] Level 1:colcon.colcon_core.package_identification:_identify(public) by extensions ['ignore', 'ignore_ament_install']
[0.173s] Level 1:colcon.colcon_core.package_identification:_identify(public) by extension 'ignore'
[0.173s] Level 1:colcon.colcon_core.package_identification:_identify(public) by extension 'ignore_ament_install'
[0.173s] Level 1:colcon.colcon_core.package_identification:_identify(public) by extensions ['colcon_pkg']
[0.173s] Level 1:colcon.colcon_core.package_identification:_identify(public) by extension 'colcon_pkg'
[0.173s] Level 1:colcon.colcon_core.package_identification:_identify(public) by extensions ['colcon_meta']
[0.173s] Level 1:colcon.colcon_core.package_identification:_identify(public) by extension 'colcon_meta'
[0.173s] Level 1:colcon.colcon_core.package_identification:_identify(public) by extensions ['ros']
[0.173s] Level 1:colcon.colcon_core.package_identification:_identify(public) by extension 'ros'
[0.173s] Level 1:colcon.colcon_core.package_identification:_identify(public) by extensions ['cmake', 'python']
[0.173s] Level 1:colcon.colcon_core.package_identification:_identify(public) by extension 'cmake'
[0.173s] Level 1:colcon.colcon_core.package_identification:_identify(public) by extension 'python'
[0.173s] Level 1:colcon.colcon_core.package_identification:_identify(public) by extensions ['python_setup_py']
[0.173s] Level 1:colcon.colcon_core.package_identification:_identify(public) by extension 'python_setup_py'
[0.173s] Level 1:colcon.colcon_core.package_identification:_identify(public/proto) by extensions ['ignore', 'ignore_ament_install']
[0.173s] Level 1:colcon.colcon_core.package_identification:_identify(public/proto) by extension 'ignore'
[0.173s] Level 1:colcon.colcon_core.package_identification:_identify(public/proto) by extension 'ignore_ament_install'
[0.174s] Level 1:colcon.colcon_core.package_identification:_identify(public/proto) by extensions ['colcon_pkg']
[0.174s] Level 1:colcon.colcon_core.package_identification:_identify(public/proto) by extension 'colcon_pkg'
[0.174s] Level 1:colcon.colcon_core.package_identification:_identify(public/proto) by extensions ['colcon_meta']
[0.174s] Level 1:colcon.colcon_core.package_identification:_identify(public/proto) by extension 'colcon_meta'
[0.174s] Level 1:colcon.colcon_core.package_identification:_identify(public/proto) by extensions ['ros']
[0.174s] Level 1:colcon.colcon_core.package_identification:_identify(public/proto) by extension 'ros'
[0.174s] Level 1:colcon.colcon_core.package_identification:_identify(public/proto) by extensions ['cmake', 'python']
[0.174s] Level 1:colcon.colcon_core.package_identification:_identify(public/proto) by extension 'cmake'
[0.174s] Level 1:colcon.colcon_core.package_identification:_identify(public/proto) by extension 'python'
[0.174s] Level 1:colcon.colcon_core.package_identification:_identify(public/proto) by extensions ['python_setup_py']
[0.174s] Level 1:colcon.colcon_core.package_identification:_identify(public/proto) by extension 'python_setup_py'
[0.174s] Level 1:colcon.colcon_core.package_identification:_identify(public/proto/cpp) by extensions ['ignore', 'ignore_ament_install']
[0.174s] Level 1:colcon.colcon_core.package_identification:_identify(public/proto/cpp) by extension 'ignore'
[0.174s] Level 1:colcon.colcon_core.package_identification:_identify(public/proto/cpp) by extension 'ignore_ament_install'
[0.174s] Level 1:colcon.colcon_core.package_identification:_identify(public/proto/cpp) by extensions ['colcon_pkg']
[0.174s] Level 1:colcon.colcon_core.package_identification:_identify(public/proto/cpp) by extension 'colcon_pkg'
[0.174s] Level 1:colcon.colcon_core.package_identification:_identify(public/proto/cpp) by extensions ['colcon_meta']
[0.174s] Level 1:colcon.colcon_core.package_identification:_identify(public/proto/cpp) by extension 'colcon_meta'
[0.174s] Level 1:colcon.colcon_core.package_identification:_identify(public/proto/cpp) by extensions ['ros']
[0.174s] Level 1:colcon.colcon_core.package_identification:_identify(public/proto/cpp) by extension 'ros'
[0.174s] Level 1:colcon.colcon_core.package_identification:_identify(public/proto/cpp) by extensions ['cmake', 'python']
[0.174s] Level 1:colcon.colcon_core.package_identification:_identify(public/proto/cpp) by extension 'cmake'
[0.174s] Level 1:colcon.colcon_core.package_identification:_identify(public/proto/cpp) by extension 'python'
[0.174s] Level 1:colcon.colcon_core.package_identification:_identify(public/proto/cpp) by extensions ['python_setup_py']
[0.174s] Level 1:colcon.colcon_core.package_identification:_identify(public/proto/cpp) by extension 'python_setup_py'
[0.174s] Level 1:colcon.colcon_core.package_identification:_identify(reactapp) by extensions ['ignore', 'ignore_ament_install']
[0.174s] Level 1:colcon.colcon_core.package_identification:_identify(reactapp) by extension 'ignore'
[0.174s] Level 1:colcon.colcon_core.package_identification:_identify(reactapp) by extension 'ignore_ament_install'
[0.174s] Level 1:colcon.colcon_core.package_identification:_identify(reactapp) by extensions ['colcon_pkg']
[0.174s] Level 1:colcon.colcon_core.package_identification:_identify(reactapp) by extension 'colcon_pkg'
[0.174s] Level 1:colcon.colcon_core.package_identification:_identify(reactapp) by extensions ['colcon_meta']
[0.174s] Level 1:colcon.colcon_core.package_identification:_identify(reactapp) by extension 'colcon_meta'
[0.174s] Level 1:colcon.colcon_core.package_identification:_identify(reactapp) by extensions ['ros']
[0.174s] Level 1:colcon.colcon_core.package_identification:_identify(reactapp) by extension 'ros'
[0.174s] Level 1:colcon.colcon_core.package_identification:_identify(reactapp) by extensions ['cmake', 'python']
[0.174s] Level 1:colcon.colcon_core.package_identification:_identify(reactapp) by extension 'cmake'
[0.174s] Level 1:colcon.colcon_core.package_identification:_identify(reactapp) by extension 'python'
[0.174s] Level 1:colcon.colcon_core.package_identification:_identify(reactapp) by extensions ['python_setup_py']
[0.174s] Level 1:colcon.colcon_core.package_identification:_identify(reactapp) by extension 'python_setup_py'
[0.174s] Level 1:colcon.colcon_core.package_identification:_identify(reactapp/public) by extensions ['ignore', 'ignore_ament_install']
[0.174s] Level 1:colcon.colcon_core.package_identification:_identify(reactapp/public) by extension 'ignore'
[0.174s] Level 1:colcon.colcon_core.package_identification:_identify(reactapp/public) by extension 'ignore_ament_install'
[0.174s] Level 1:colcon.colcon_core.package_identification:_identify(reactapp/public) by extensions ['colcon_pkg']
[0.174s] Level 1:colcon.colcon_core.package_identification:_identify(reactapp/public) by extension 'colcon_pkg'
[0.174s] Level 1:colcon.colcon_core.package_identification:_identify(reactapp/public) by extensions ['colcon_meta']
[0.174s] Level 1:colcon.colcon_core.package_identification:_identify(reactapp/public) by extension 'colcon_meta'
[0.174s] Level 1:colcon.colcon_core.package_identification:_identify(reactapp/public) by extensions ['ros']
[0.174s] Level 1:colcon.colcon_core.package_identification:_identify(reactapp/public) by extension 'ros'
[0.174s] Level 1:colcon.colcon_core.package_identification:_identify(reactapp/public) by extensions ['cmake', 'python']
[0.174s] Level 1:colcon.colcon_core.package_identification:_identify(reactapp/public) by extension 'cmake'
[0.174s] Level 1:colcon.colcon_core.package_identification:_identify(reactapp/public) by extension 'python'
[0.174s] Level 1:colcon.colcon_core.package_identification:_identify(reactapp/public) by extensions ['python_setup_py']
[0.174s] Level 1:colcon.colcon_core.package_identification:_identify(reactapp/public) by extension 'python_setup_py'
[0.174s] Level 1:colcon.colcon_core.package_identification:_identify(reactapp/src) by extensions ['ignore', 'ignore_ament_install']
[0.174s] Level 1:colcon.colcon_core.package_identification:_identify(reactapp/src) by extension 'ignore'
[0.174s] Level 1:colcon.colcon_core.package_identification:_identify(reactapp/src) by extension 'ignore_ament_install'
[0.175s] Level 1:colcon.colcon_core.package_identification:_identify(reactapp/src) by extensions ['colcon_pkg']
[0.175s] Level 1:colcon.colcon_core.package_identification:_identify(reactapp/src) by extension 'colcon_pkg'
[0.175s] Level 1:colcon.colcon_core.package_identification:_identify(reactapp/src) by extensions ['colcon_meta']
[0.175s] Level 1:colcon.colcon_core.package_identification:_identify(reactapp/src) by extension 'colcon_meta'
[0.175s] Level 1:colcon.colcon_core.package_identification:_identify(reactapp/src) by extensions ['ros']
[0.175s] Level 1:colcon.colcon_core.package_identification:_identify(reactapp/src) by extension 'ros'
[0.175s] Level 1:colcon.colcon_core.package_identification:_identify(reactapp/src) by extensions ['cmake', 'python']
[0.175s] Level 1:colcon.colcon_core.package_identification:_identify(reactapp/src) by extension 'cmake'
[0.175s] Level 1:colcon.colcon_core.package_identification:_identify(reactapp/src) by extension 'python'
[0.175s] Level 1:colcon.colcon_core.package_identification:_identify(reactapp/src) by extensions ['python_setup_py']
[0.175s] Level 1:colcon.colcon_core.package_identification:_identify(reactapp/src) by extension 'python_setup_py'
[0.175s] Level 1:colcon.colcon_core.package_identification:_identify(reactapp/src/connect) by extensions ['ignore', 'ignore_ament_install']
[0.175s] Level 1:colcon.colcon_core.package_identification:_identify(reactapp/src/connect) by extension 'ignore'
[0.175s] Level 1:colcon.colcon_core.package_identification:_identify(reactapp/src/connect) by extension 'ignore_ament_install'
[0.175s] Level 1:colcon.colcon_core.package_identification:_identify(reactapp/src/connect) by extensions ['colcon_pkg']
[0.175s] Level 1:colcon.colcon_core.package_identification:_identify(reactapp/src/connect) by extension 'colcon_pkg'
[0.175s] Level 1:colcon.colcon_core.package_identification:_identify(reactapp/src/connect) by extensions ['colcon_meta']
[0.175s] Level 1:colcon.colcon_core.package_identification:_identify(reactapp/src/connect) by extension 'colcon_meta'
[0.175s] Level 1:colcon.colcon_core.package_identification:_identify(reactapp/src/connect) by extensions ['ros']
[0.175s] Level 1:colcon.colcon_core.package_identification:_identify(reactapp/src/connect) by extension 'ros'
[0.175s] Level 1:colcon.colcon_core.package_identification:_identify(reactapp/src/connect) by extensions ['cmake', 'python']
[0.175s] Level 1:colcon.colcon_core.package_identification:_identify(reactapp/src/connect) by extension 'cmake'
[0.175s] Level 1:colcon.colcon_core.package_identification:_identify(reactapp/src/connect) by extension 'python'
[0.175s] Level 1:colcon.colcon_core.package_identification:_identify(reactapp/src/connect) by extensions ['python_setup_py']
[0.175s] Level 1:colcon.colcon_core.package_identification:_identify(reactapp/src/connect) by extension 'python_setup_py'
[0.175s] Level 1:colcon.colcon_core.package_identification:_identify(reactapp/src/connect/http) by extensions ['ignore', 'ignore_ament_install']
[0.175s] Level 1:colcon.colcon_core.package_identification:_identify(reactapp/src/connect/http) by extension 'ignore'
[0.175s] Level 1:colcon.colcon_core.package_identification:_identify(reactapp/src/connect/http) by extension 'ignore_ament_install'
[0.175s] Level 1:colcon.colcon_core.package_identification:_identify(reactapp/src/connect/http) by extensions ['colcon_pkg']
[0.175s] Level 1:colcon.colcon_core.package_identification:_identify(reactapp/src/connect/http) by extension 'colcon_pkg'
[0.175s] Level 1:colcon.colcon_core.package_identification:_identify(reactapp/src/connect/http) by extensions ['colcon_meta']
[0.175s] Level 1:colcon.colcon_core.package_identification:_identify(reactapp/src/connect/http) by extension 'colcon_meta'
[0.175s] Level 1:colcon.colcon_core.package_identification:_identify(reactapp/src/connect/http) by extensions ['ros']
[0.175s] Level 1:colcon.colcon_core.package_identification:_identify(reactapp/src/connect/http) by extension 'ros'
[0.175s] Level 1:colcon.colcon_core.package_identification:_identify(reactapp/src/connect/http) by extensions ['cmake', 'python']
[0.175s] Level 1:colcon.colcon_core.package_identification:_identify(reactapp/src/connect/http) by extension 'cmake'
[0.175s] Level 1:colcon.colcon_core.package_identification:_identify(reactapp/src/connect/http) by extension 'python'
[0.175s] Level 1:colcon.colcon_core.package_identification:_identify(reactapp/src/connect/http) by extensions ['python_setup_py']
[0.175s] Level 1:colcon.colcon_core.package_identification:_identify(reactapp/src/connect/http) by extension 'python_setup_py'
[0.175s] Level 1:colcon.colcon_core.package_identification:_identify(reactapp/src/connect/socket) by extensions ['ignore', 'ignore_ament_install']
[0.175s] Level 1:colcon.colcon_core.package_identification:_identify(reactapp/src/connect/socket) by extension 'ignore'
[0.175s] Level 1:colcon.colcon_core.package_identification:_identify(reactapp/src/connect/socket) by extension 'ignore_ament_install'
[0.175s] Level 1:colcon.colcon_core.package_identification:_identify(reactapp/src/connect/socket) by extensions ['colcon_pkg']
[0.175s] Level 1:colcon.colcon_core.package_identification:_identify(reactapp/src/connect/socket) by extension 'colcon_pkg'
[0.175s] Level 1:colcon.colcon_core.package_identification:_identify(reactapp/src/connect/socket) by extensions ['colcon_meta']
[0.175s] Level 1:colcon.colcon_core.package_identification:_identify(reactapp/src/connect/socket) by extension 'colcon_meta'
[0.175s] Level 1:colcon.colcon_core.package_identification:_identify(reactapp/src/connect/socket) by extensions ['ros']
[0.175s] Level 1:colcon.colcon_core.package_identification:_identify(reactapp/src/connect/socket) by extension 'ros'
[0.175s] Level 1:colcon.colcon_core.package_identification:_identify(reactapp/src/connect/socket) by extensions ['cmake', 'python']
[0.175s] Level 1:colcon.colcon_core.package_identification:_identify(reactapp/src/connect/socket) by extension 'cmake'
[0.175s] Level 1:colcon.colcon_core.package_identification:_identify(reactapp/src/connect/socket) by extension 'python'
[0.175s] Level 1:colcon.colcon_core.package_identification:_identify(reactapp/src/connect/socket) by extensions ['python_setup_py']
[0.175s] Level 1:colcon.colcon_core.package_identification:_identify(reactapp/src/connect/socket) by extension 'python_setup_py'
[0.175s] Level 1:colcon.colcon_core.package_identification:_identify(reactapp/src/data) by extensions ['ignore', 'ignore_ament_install']
[0.175s] Level 1:colcon.colcon_core.package_identification:_identify(reactapp/src/data) by extension 'ignore'
[0.176s] Level 1:colcon.colcon_core.package_identification:_identify(reactapp/src/data) by extension 'ignore_ament_install'
[0.176s] Level 1:colcon.colcon_core.package_identification:_identify(reactapp/src/data) by extensions ['colcon_pkg']
[0.176s] Level 1:colcon.colcon_core.package_identification:_identify(reactapp/src/data) by extension 'colcon_pkg'
[0.176s] Level 1:colcon.colcon_core.package_identification:_identify(reactapp/src/data) by extensions ['colcon_meta']
[0.176s] Level 1:colcon.colcon_core.package_identification:_identify(reactapp/src/data) by extension 'colcon_meta'
[0.176s] Level 1:colcon.colcon_core.package_identification:_identify(reactapp/src/data) by extensions ['ros']
[0.176s] Level 1:colcon.colcon_core.package_identification:_identify(reactapp/src/data) by extension 'ros'
[0.176s] Level 1:colcon.colcon_core.package_identification:_identify(reactapp/src/data) by extensions ['cmake', 'python']
[0.176s] Level 1:colcon.colcon_core.package_identification:_identify(reactapp/src/data) by extension 'cmake'
[0.176s] Level 1:colcon.colcon_core.package_identification:_identify(reactapp/src/data) by extension 'python'
[0.176s] Level 1:colcon.colcon_core.package_identification:_identify(reactapp/src/data) by extensions ['python_setup_py']
[0.176s] Level 1:colcon.colcon_core.package_identification:_identify(reactapp/src/data) by extension 'python_setup_py'
[0.176s] Level 1:colcon.colcon_core.package_identification:_identify(reactapp/src/design) by extensions ['ignore', 'ignore_ament_install']
[0.176s] Level 1:colcon.colcon_core.package_identification:_identify(reactapp/src/design) by extension 'ignore'
[0.176s] Level 1:colcon.colcon_core.package_identification:_identify(reactapp/src/design) by extension 'ignore_ament_install'
[0.176s] Level 1:colcon.colcon_core.package_identification:_identify(reactapp/src/design) by extensions ['colcon_pkg']
[0.176s] Level 1:colcon.colcon_core.package_identification:_identify(reactapp/src/design) by extension 'colcon_pkg'
[0.176s] Level 1:colcon.colcon_core.package_identification:_identify(reactapp/src/design) by extensions ['colcon_meta']
[0.176s] Level 1:colcon.colcon_core.package_identification:_identify(reactapp/src/design) by extension 'colcon_meta'
[0.176s] Level 1:colcon.colcon_core.package_identification:_identify(reactapp/src/design) by extensions ['ros']
[0.176s] Level 1:colcon.colcon_core.package_identification:_identify(reactapp/src/design) by extension 'ros'
[0.176s] Level 1:colcon.colcon_core.package_identification:_identify(reactapp/src/design) by extensions ['cmake', 'python']
[0.176s] Level 1:colcon.colcon_core.package_identification:_identify(reactapp/src/design) by extension 'cmake'
[0.176s] Level 1:colcon.colcon_core.package_identification:_identify(reactapp/src/design) by extension 'python'
[0.176s] Level 1:colcon.colcon_core.package_identification:_identify(reactapp/src/design) by extensions ['python_setup_py']
[0.176s] Level 1:colcon.colcon_core.package_identification:_identify(reactapp/src/design) by extension 'python_setup_py'
[0.176s] Level 1:colcon.colcon_core.package_identification:_identify(reactapp/src/design/button) by extensions ['ignore', 'ignore_ament_install']
[0.176s] Level 1:colcon.colcon_core.package_identification:_identify(reactapp/src/design/button) by extension 'ignore'
[0.176s] Level 1:colcon.colcon_core.package_identification:_identify(reactapp/src/design/button) by extension 'ignore_ament_install'
[0.176s] Level 1:colcon.colcon_core.package_identification:_identify(reactapp/src/design/button) by extensions ['colcon_pkg']
[0.176s] Level 1:colcon.colcon_core.package_identification:_identify(reactapp/src/design/button) by extension 'colcon_pkg'
[0.176s] Level 1:colcon.colcon_core.package_identification:_identify(reactapp/src/design/button) by extensions ['colcon_meta']
[0.176s] Level 1:colcon.colcon_core.package_identification:_identify(reactapp/src/design/button) by extension 'colcon_meta'
[0.176s] Level 1:colcon.colcon_core.package_identification:_identify(reactapp/src/design/button) by extensions ['ros']
[0.176s] Level 1:colcon.colcon_core.package_identification:_identify(reactapp/src/design/button) by extension 'ros'
[0.176s] Level 1:colcon.colcon_core.package_identification:_identify(reactapp/src/design/button) by extensions ['cmake', 'python']
[0.176s] Level 1:colcon.colcon_core.package_identification:_identify(reactapp/src/design/button) by extension 'cmake'
[0.176s] Level 1:colcon.colcon_core.package_identification:_identify(reactapp/src/design/button) by extension 'python'
[0.176s] Level 1:colcon.colcon_core.package_identification:_identify(reactapp/src/design/button) by extensions ['python_setup_py']
[0.176s] Level 1:colcon.colcon_core.package_identification:_identify(reactapp/src/design/button) by extension 'python_setup_py'
[0.176s] Level 1:colcon.colcon_core.package_identification:_identify(reactapp/src/design/other) by extensions ['ignore', 'ignore_ament_install']
[0.176s] Level 1:colcon.colcon_core.package_identification:_identify(reactapp/src/design/other) by extension 'ignore'
[0.176s] Level 1:colcon.colcon_core.package_identification:_identify(reactapp/src/design/other) by extension 'ignore_ament_install'
[0.176s] Level 1:colcon.colcon_core.package_identification:_identify(reactapp/src/design/other) by extensions ['colcon_pkg']
[0.176s] Level 1:colcon.colcon_core.package_identification:_identify(reactapp/src/design/other) by extension 'colcon_pkg'
[0.176s] Level 1:colcon.colcon_core.package_identification:_identify(reactapp/src/design/other) by extensions ['colcon_meta']
[0.176s] Level 1:colcon.colcon_core.package_identification:_identify(reactapp/src/design/other) by extension 'colcon_meta'
[0.176s] Level 1:colcon.colcon_core.package_identification:_identify(reactapp/src/design/other) by extensions ['ros']
[0.176s] Level 1:colcon.colcon_core.package_identification:_identify(reactapp/src/design/other) by extension 'ros'
[0.176s] Level 1:colcon.colcon_core.package_identification:_identify(reactapp/src/design/other) by extensions ['cmake', 'python']
[0.176s] Level 1:colcon.colcon_core.package_identification:_identify(reactapp/src/design/other) by extension 'cmake'
[0.176s] Level 1:colcon.colcon_core.package_identification:_identify(reactapp/src/design/other) by extension 'python'
[0.176s] Level 1:colcon.colcon_core.package_identification:_identify(reactapp/src/design/other) by extensions ['python_setup_py']
[0.176s] Level 1:colcon.colcon_core.package_identification:_identify(reactapp/src/design/other) by extension 'python_setup_py'
[0.176s] Level 1:colcon.colcon_core.package_identification:_identify(reactapp/src/design/text) by extensions ['ignore', 'ignore_ament_install']
[0.177s] Level 1:colcon.colcon_core.package_identification:_identify(reactapp/src/design/text) by extension 'ignore'
[0.177s] Level 1:colcon.colcon_core.package_identification:_identify(reactapp/src/design/text) by extension 'ignore_ament_install'
[0.177s] Level 1:colcon.colcon_core.package_identification:_identify(reactapp/src/design/text) by extensions ['colcon_pkg']
[0.177s] Level 1:colcon.colcon_core.package_identification:_identify(reactapp/src/design/text) by extension 'colcon_pkg'
[0.177s] Level 1:colcon.colcon_core.package_identification:_identify(reactapp/src/design/text) by extensions ['colcon_meta']
[0.177s] Level 1:colcon.colcon_core.package_identification:_identify(reactapp/src/design/text) by extension 'colcon_meta'
[0.177s] Level 1:colcon.colcon_core.package_identification:_identify(reactapp/src/design/text) by extensions ['ros']
[0.177s] Level 1:colcon.colcon_core.package_identification:_identify(reactapp/src/design/text) by extension 'ros'
[0.177s] Level 1:colcon.colcon_core.package_identification:_identify(reactapp/src/design/text) by extensions ['cmake', 'python']
[0.177s] Level 1:colcon.colcon_core.package_identification:_identify(reactapp/src/design/text) by extension 'cmake'
[0.177s] Level 1:colcon.colcon_core.package_identification:_identify(reactapp/src/design/text) by extension 'python'
[0.177s] Level 1:colcon.colcon_core.package_identification:_identify(reactapp/src/design/text) by extensions ['python_setup_py']
[0.177s] Level 1:colcon.colcon_core.package_identification:_identify(reactapp/src/design/text) by extension 'python_setup_py'
[0.177s] Level 1:colcon.colcon_core.package_identification:_identify(reactapp/src/page) by extensions ['ignore', 'ignore_ament_install']
[0.177s] Level 1:colcon.colcon_core.package_identification:_identify(reactapp/src/page) by extension 'ignore'
[0.177s] Level 1:colcon.colcon_core.package_identification:_identify(reactapp/src/page) by extension 'ignore_ament_install'
[0.177s] Level 1:colcon.colcon_core.package_identification:_identify(reactapp/src/page) by extensions ['colcon_pkg']
[0.177s] Level 1:colcon.colcon_core.package_identification:_identify(reactapp/src/page) by extension 'colcon_pkg'
[0.177s] Level 1:colcon.colcon_core.package_identification:_identify(reactapp/src/page) by extensions ['colcon_meta']
[0.177s] Level 1:colcon.colcon_core.package_identification:_identify(reactapp/src/page) by extension 'colcon_meta'
[0.177s] Level 1:colcon.colcon_core.package_identification:_identify(reactapp/src/page) by extensions ['ros']
[0.177s] Level 1:colcon.colcon_core.package_identification:_identify(reactapp/src/page) by extension 'ros'
[0.177s] Level 1:colcon.colcon_core.package_identification:_identify(reactapp/src/page) by extensions ['cmake', 'python']
[0.177s] Level 1:colcon.colcon_core.package_identification:_identify(reactapp/src/page) by extension 'cmake'
[0.177s] Level 1:colcon.colcon_core.package_identification:_identify(reactapp/src/page) by extension 'python'
[0.177s] Level 1:colcon.colcon_core.package_identification:_identify(reactapp/src/page) by extensions ['python_setup_py']
[0.177s] Level 1:colcon.colcon_core.package_identification:_identify(reactapp/src/page) by extension 'python_setup_py'
[0.177s] Level 1:colcon.colcon_core.package_identification:_identify(reactapp/src/page/appbar) by extensions ['ignore', 'ignore_ament_install']
[0.177s] Level 1:colcon.colcon_core.package_identification:_identify(reactapp/src/page/appbar) by extension 'ignore'
[0.177s] Level 1:colcon.colcon_core.package_identification:_identify(reactapp/src/page/appbar) by extension 'ignore_ament_install'
[0.177s] Level 1:colcon.colcon_core.package_identification:_identify(reactapp/src/page/appbar) by extensions ['colcon_pkg']
[0.177s] Level 1:colcon.colcon_core.package_identification:_identify(reactapp/src/page/appbar) by extension 'colcon_pkg'
[0.177s] Level 1:colcon.colcon_core.package_identification:_identify(reactapp/src/page/appbar) by extensions ['colcon_meta']
[0.177s] Level 1:colcon.colcon_core.package_identification:_identify(reactapp/src/page/appbar) by extension 'colcon_meta'
[0.177s] Level 1:colcon.colcon_core.package_identification:_identify(reactapp/src/page/appbar) by extensions ['ros']
[0.177s] Level 1:colcon.colcon_core.package_identification:_identify(reactapp/src/page/appbar) by extension 'ros'
[0.177s] Level 1:colcon.colcon_core.package_identification:_identify(reactapp/src/page/appbar) by extensions ['cmake', 'python']
[0.177s] Level 1:colcon.colcon_core.package_identification:_identify(reactapp/src/page/appbar) by extension 'cmake'
[0.177s] Level 1:colcon.colcon_core.package_identification:_identify(reactapp/src/page/appbar) by extension 'python'
[0.177s] Level 1:colcon.colcon_core.package_identification:_identify(reactapp/src/page/appbar) by extensions ['python_setup_py']
[0.177s] Level 1:colcon.colcon_core.package_identification:_identify(reactapp/src/page/appbar) by extension 'python_setup_py'
[0.177s] Level 1:colcon.colcon_core.package_identification:_identify(reactapp/src/page/appbar/battery) by extensions ['ignore', 'ignore_ament_install']
[0.177s] Level 1:colcon.colcon_core.package_identification:_identify(reactapp/src/page/appbar/battery) by extension 'ignore'
[0.177s] Level 1:colcon.colcon_core.package_identification:_identify(reactapp/src/page/appbar/battery) by extension 'ignore_ament_install'
[0.177s] Level 1:colcon.colcon_core.package_identification:_identify(reactapp/src/page/appbar/battery) by extensions ['colcon_pkg']
[0.177s] Level 1:colcon.colcon_core.package_identification:_identify(reactapp/src/page/appbar/battery) by extension 'colcon_pkg'
[0.177s] Level 1:colcon.colcon_core.package_identification:_identify(reactapp/src/page/appbar/battery) by extensions ['colcon_meta']
[0.177s] Level 1:colcon.colcon_core.package_identification:_identify(reactapp/src/page/appbar/battery) by extension 'colcon_meta'
[0.177s] Level 1:colcon.colcon_core.package_identification:_identify(reactapp/src/page/appbar/battery) by extensions ['ros']
[0.177s] Level 1:colcon.colcon_core.package_identification:_identify(reactapp/src/page/appbar/battery) by extension 'ros'
[0.177s] Level 1:colcon.colcon_core.package_identification:_identify(reactapp/src/page/appbar/battery) by extensions ['cmake', 'python']
[0.177s] Level 1:colcon.colcon_core.package_identification:_identify(reactapp/src/page/appbar/battery) by extension 'cmake'
[0.177s] Level 1:colcon.colcon_core.package_identification:_identify(reactapp/src/page/appbar/battery) by extension 'python'
[0.177s] Level 1:colcon.colcon_core.package_identification:_identify(reactapp/src/page/appbar/battery) by extensions ['python_setup_py']
[0.177s] Level 1:colcon.colcon_core.package_identification:_identify(reactapp/src/page/appbar/battery) by extension 'python_setup_py'
[0.178s] Level 1:colcon.colcon_core.package_identification:_identify(reactapp/src/page/appbar/robotmonitor) by extensions ['ignore', 'ignore_ament_install']
[0.178s] Level 1:colcon.colcon_core.package_identification:_identify(reactapp/src/page/appbar/robotmonitor) by extension 'ignore'
[0.178s] Level 1:colcon.colcon_core.package_identification:_identify(reactapp/src/page/appbar/robotmonitor) by extension 'ignore_ament_install'
[0.178s] Level 1:colcon.colcon_core.package_identification:_identify(reactapp/src/page/appbar/robotmonitor) by extensions ['colcon_pkg']
[0.178s] Level 1:colcon.colcon_core.package_identification:_identify(reactapp/src/page/appbar/robotmonitor) by extension 'colcon_pkg'
[0.178s] Level 1:colcon.colcon_core.package_identification:_identify(reactapp/src/page/appbar/robotmonitor) by extensions ['colcon_meta']
[0.178s] Level 1:colcon.colcon_core.package_identification:_identify(reactapp/src/page/appbar/robotmonitor) by extension 'colcon_meta'
[0.178s] Level 1:colcon.colcon_core.package_identification:_identify(reactapp/src/page/appbar/robotmonitor) by extensions ['ros']
[0.178s] Level 1:colcon.colcon_core.package_identification:_identify(reactapp/src/page/appbar/robotmonitor) by extension 'ros'
[0.178s] Level 1:colcon.colcon_core.package_identification:_identify(reactapp/src/page/appbar/robotmonitor) by extensions ['cmake', 'python']
[0.178s] Level 1:colcon.colcon_core.package_identification:_identify(reactapp/src/page/appbar/robotmonitor) by extension 'cmake'
[0.178s] Level 1:colcon.colcon_core.package_identification:_identify(reactapp/src/page/appbar/robotmonitor) by extension 'python'
[0.178s] Level 1:colcon.colcon_core.package_identification:_identify(reactapp/src/page/appbar/robotmonitor) by extensions ['python_setup_py']
[0.178s] Level 1:colcon.colcon_core.package_identification:_identify(reactapp/src/page/appbar/robotmonitor) by extension 'python_setup_py'
[0.178s] Level 1:colcon.colcon_core.package_identification:_identify(reactapp/src/page/capture) by extensions ['ignore', 'ignore_ament_install']
[0.178s] Level 1:colcon.colcon_core.package_identification:_identify(reactapp/src/page/capture) by extension 'ignore'
[0.178s] Level 1:colcon.colcon_core.package_identification:_identify(reactapp/src/page/capture) by extension 'ignore_ament_install'
[0.178s] Level 1:colcon.colcon_core.package_identification:_identify(reactapp/src/page/capture) by extensions ['colcon_pkg']
[0.178s] Level 1:colcon.colcon_core.package_identification:_identify(reactapp/src/page/capture) by extension 'colcon_pkg'
[0.178s] Level 1:colcon.colcon_core.package_identification:_identify(reactapp/src/page/capture) by extensions ['colcon_meta']
[0.178s] Level 1:colcon.colcon_core.package_identification:_identify(reactapp/src/page/capture) by extension 'colcon_meta'
[0.178s] Level 1:colcon.colcon_core.package_identification:_identify(reactapp/src/page/capture) by extensions ['ros']
[0.178s] Level 1:colcon.colcon_core.package_identification:_identify(reactapp/src/page/capture) by extension 'ros'
[0.178s] Level 1:colcon.colcon_core.package_identification:_identify(reactapp/src/page/capture) by extensions ['cmake', 'python']
[0.178s] Level 1:colcon.colcon_core.package_identification:_identify(reactapp/src/page/capture) by extension 'cmake'
[0.178s] Level 1:colcon.colcon_core.package_identification:_identify(reactapp/src/page/capture) by extension 'python'
[0.178s] Level 1:colcon.colcon_core.package_identification:_identify(reactapp/src/page/capture) by extensions ['python_setup_py']
[0.178s] Level 1:colcon.colcon_core.package_identification:_identify(reactapp/src/page/capture) by extension 'python_setup_py'
[0.178s] Level 1:colcon.colcon_core.package_identification:_identify(reactapp/src/page/diagnotics) by extensions ['ignore', 'ignore_ament_install']
[0.178s] Level 1:colcon.colcon_core.package_identification:_identify(reactapp/src/page/diagnotics) by extension 'ignore'
[0.178s] Level 1:colcon.colcon_core.package_identification:_identify(reactapp/src/page/diagnotics) by extension 'ignore_ament_install'
[0.178s] Level 1:colcon.colcon_core.package_identification:_identify(reactapp/src/page/diagnotics) by extensions ['colcon_pkg']
[0.178s] Level 1:colcon.colcon_core.package_identification:_identify(reactapp/src/page/diagnotics) by extension 'colcon_pkg'
[0.178s] Level 1:colcon.colcon_core.package_identification:_identify(reactapp/src/page/diagnotics) by extensions ['colcon_meta']
[0.178s] Level 1:colcon.colcon_core.package_identification:_identify(reactapp/src/page/diagnotics) by extension 'colcon_meta'
[0.178s] Level 1:colcon.colcon_core.package_identification:_identify(reactapp/src/page/diagnotics) by extensions ['ros']
[0.178s] Level 1:colcon.colcon_core.package_identification:_identify(reactapp/src/page/diagnotics) by extension 'ros'
[0.178s] Level 1:colcon.colcon_core.package_identification:_identify(reactapp/src/page/diagnotics) by extensions ['cmake', 'python']
[0.178s] Level 1:colcon.colcon_core.package_identification:_identify(reactapp/src/page/diagnotics) by extension 'cmake'
[0.178s] Level 1:colcon.colcon_core.package_identification:_identify(reactapp/src/page/diagnotics) by extension 'python'
[0.178s] Level 1:colcon.colcon_core.package_identification:_identify(reactapp/src/page/diagnotics) by extensions ['python_setup_py']
[0.178s] Level 1:colcon.colcon_core.package_identification:_identify(reactapp/src/page/diagnotics) by extension 'python_setup_py'
[0.178s] Level 1:colcon.colcon_core.package_identification:_identify(reactapp/src/page/jaibridge) by extensions ['ignore', 'ignore_ament_install']
[0.178s] Level 1:colcon.colcon_core.package_identification:_identify(reactapp/src/page/jaibridge) by extension 'ignore'
[0.178s] Level 1:colcon.colcon_core.package_identification:_identify(reactapp/src/page/jaibridge) by extension 'ignore_ament_install'
[0.178s] Level 1:colcon.colcon_core.package_identification:_identify(reactapp/src/page/jaibridge) by extensions ['colcon_pkg']
[0.178s] Level 1:colcon.colcon_core.package_identification:_identify(reactapp/src/page/jaibridge) by extension 'colcon_pkg'
[0.178s] Level 1:colcon.colcon_core.package_identification:_identify(reactapp/src/page/jaibridge) by extensions ['colcon_meta']
[0.178s] Level 1:colcon.colcon_core.package_identification:_identify(reactapp/src/page/jaibridge) by extension 'colcon_meta'
[0.178s] Level 1:colcon.colcon_core.package_identification:_identify(reactapp/src/page/jaibridge) by extensions ['ros']
[0.178s] Level 1:colcon.colcon_core.package_identification:_identify(reactapp/src/page/jaibridge) by extension 'ros'
[0.178s] Level 1:colcon.colcon_core.package_identification:_identify(reactapp/src/page/jaibridge) by extensions ['cmake', 'python']
[0.178s] Level 1:colcon.colcon_core.package_identification:_identify(reactapp/src/page/jaibridge) by extension 'cmake'
[0.178s] Level 1:colcon.colcon_core.package_identification:_identify(reactapp/src/page/jaibridge) by extension 'python'
[0.179s] Level 1:colcon.colcon_core.package_identification:_identify(reactapp/src/page/jaibridge) by extensions ['python_setup_py']
[0.179s] Level 1:colcon.colcon_core.package_identification:_identify(reactapp/src/page/jaibridge) by extension 'python_setup_py'
[0.179s] Level 1:colcon.colcon_core.package_identification:_identify(reactapp/src/page/launch) by extensions ['ignore', 'ignore_ament_install']
[0.179s] Level 1:colcon.colcon_core.package_identification:_identify(reactapp/src/page/launch) by extension 'ignore'
[0.179s] Level 1:colcon.colcon_core.package_identification:_identify(reactapp/src/page/launch) by extension 'ignore_ament_install'
[0.179s] Level 1:colcon.colcon_core.package_identification:_identify(reactapp/src/page/launch) by extensions ['colcon_pkg']
[0.179s] Level 1:colcon.colcon_core.package_identification:_identify(reactapp/src/page/launch) by extension 'colcon_pkg'
[0.179s] Level 1:colcon.colcon_core.package_identification:_identify(reactapp/src/page/launch) by extensions ['colcon_meta']
[0.179s] Level 1:colcon.colcon_core.package_identification:_identify(reactapp/src/page/launch) by extension 'colcon_meta'
[0.179s] Level 1:colcon.colcon_core.package_identification:_identify(reactapp/src/page/launch) by extensions ['ros']
[0.179s] Level 1:colcon.colcon_core.package_identification:_identify(reactapp/src/page/launch) by extension 'ros'
[0.179s] Level 1:colcon.colcon_core.package_identification:_identify(reactapp/src/page/launch) by extensions ['cmake', 'python']
[0.179s] Level 1:colcon.colcon_core.package_identification:_identify(reactapp/src/page/launch) by extension 'cmake'
[0.179s] Level 1:colcon.colcon_core.package_identification:_identify(reactapp/src/page/launch) by extension 'python'
[0.179s] Level 1:colcon.colcon_core.package_identification:_identify(reactapp/src/page/launch) by extensions ['python_setup_py']
[0.179s] Level 1:colcon.colcon_core.package_identification:_identify(reactapp/src/page/launch) by extension 'python_setup_py'
[0.179s] Level 1:colcon.colcon_core.package_identification:_identify(reactapp/src/page/lidar) by extensions ['ignore', 'ignore_ament_install']
[0.179s] Level 1:colcon.colcon_core.package_identification:_identify(reactapp/src/page/lidar) by extension 'ignore'
[0.179s] Level 1:colcon.colcon_core.package_identification:_identify(reactapp/src/page/lidar) by extension 'ignore_ament_install'
[0.179s] Level 1:colcon.colcon_core.package_identification:_identify(reactapp/src/page/lidar) by extensions ['colcon_pkg']
[0.179s] Level 1:colcon.colcon_core.package_identification:_identify(reactapp/src/page/lidar) by extension 'colcon_pkg'
[0.179s] Level 1:colcon.colcon_core.package_identification:_identify(reactapp/src/page/lidar) by extensions ['colcon_meta']
[0.179s] Level 1:colcon.colcon_core.package_identification:_identify(reactapp/src/page/lidar) by extension 'colcon_meta'
[0.179s] Level 1:colcon.colcon_core.package_identification:_identify(reactapp/src/page/lidar) by extensions ['ros']
[0.179s] Level 1:colcon.colcon_core.package_identification:_identify(reactapp/src/page/lidar) by extension 'ros'
[0.179s] Level 1:colcon.colcon_core.package_identification:_identify(reactapp/src/page/lidar) by extensions ['cmake', 'python']
[0.179s] Level 1:colcon.colcon_core.package_identification:_identify(reactapp/src/page/lidar) by extension 'cmake'
[0.179s] Level 1:colcon.colcon_core.package_identification:_identify(reactapp/src/page/lidar) by extension 'python'
[0.179s] Level 1:colcon.colcon_core.package_identification:_identify(reactapp/src/page/lidar) by extensions ['python_setup_py']
[0.179s] Level 1:colcon.colcon_core.package_identification:_identify(reactapp/src/page/lidar) by extension 'python_setup_py'
[0.179s] Level 1:colcon.colcon_core.package_identification:_identify(reactapp/src/page/lucid) by extensions ['ignore', 'ignore_ament_install']
[0.179s] Level 1:colcon.colcon_core.package_identification:_identify(reactapp/src/page/lucid) by extension 'ignore'
[0.179s] Level 1:colcon.colcon_core.package_identification:_identify(reactapp/src/page/lucid) by extension 'ignore_ament_install'
[0.179s] Level 1:colcon.colcon_core.package_identification:_identify(reactapp/src/page/lucid) by extensions ['colcon_pkg']
[0.179s] Level 1:colcon.colcon_core.package_identification:_identify(reactapp/src/page/lucid) by extension 'colcon_pkg'
[0.179s] Level 1:colcon.colcon_core.package_identification:_identify(reactapp/src/page/lucid) by extensions ['colcon_meta']
[0.179s] Level 1:colcon.colcon_core.package_identification:_identify(reactapp/src/page/lucid) by extension 'colcon_meta'
[0.179s] Level 1:colcon.colcon_core.package_identification:_identify(reactapp/src/page/lucid) by extensions ['ros']
[0.179s] Level 1:colcon.colcon_core.package_identification:_identify(reactapp/src/page/lucid) by extension 'ros'
[0.179s] Level 1:colcon.colcon_core.package_identification:_identify(reactapp/src/page/lucid) by extensions ['cmake', 'python']
[0.179s] Level 1:colcon.colcon_core.package_identification:_identify(reactapp/src/page/lucid) by extension 'cmake'
[0.179s] Level 1:colcon.colcon_core.package_identification:_identify(reactapp/src/page/lucid) by extension 'python'
[0.179s] Level 1:colcon.colcon_core.package_identification:_identify(reactapp/src/page/lucid) by extensions ['python_setup_py']
[0.179s] Level 1:colcon.colcon_core.package_identification:_identify(reactapp/src/page/lucid) by extension 'python_setup_py'
[0.179s] Level 1:colcon.colcon_core.package_identification:_identify(reactapp/src/page/nodes) by extensions ['ignore', 'ignore_ament_install']
[0.179s] Level 1:colcon.colcon_core.package_identification:_identify(reactapp/src/page/nodes) by extension 'ignore'
[0.179s] Level 1:colcon.colcon_core.package_identification:_identify(reactapp/src/page/nodes) by extension 'ignore_ament_install'
[0.179s] Level 1:colcon.colcon_core.package_identification:_identify(reactapp/src/page/nodes) by extensions ['colcon_pkg']
[0.179s] Level 1:colcon.colcon_core.package_identification:_identify(reactapp/src/page/nodes) by extension 'colcon_pkg'
[0.179s] Level 1:colcon.colcon_core.package_identification:_identify(reactapp/src/page/nodes) by extensions ['colcon_meta']
[0.179s] Level 1:colcon.colcon_core.package_identification:_identify(reactapp/src/page/nodes) by extension 'colcon_meta'
[0.179s] Level 1:colcon.colcon_core.package_identification:_identify(reactapp/src/page/nodes) by extensions ['ros']
[0.179s] Level 1:colcon.colcon_core.package_identification:_identify(reactapp/src/page/nodes) by extension 'ros'
[0.179s] Level 1:colcon.colcon_core.package_identification:_identify(reactapp/src/page/nodes) by extensions ['cmake', 'python']
[0.179s] Level 1:colcon.colcon_core.package_identification:_identify(reactapp/src/page/nodes) by extension 'cmake'
[0.180s] Level 1:colcon.colcon_core.package_identification:_identify(reactapp/src/page/nodes) by extension 'python'
[0.180s] Level 1:colcon.colcon_core.package_identification:_identify(reactapp/src/page/nodes) by extensions ['python_setup_py']
[0.180s] Level 1:colcon.colcon_core.package_identification:_identify(reactapp/src/page/nodes) by extension 'python_setup_py'
[0.180s] Level 1:colcon.colcon_core.package_identification:_identify(reactapp/src/page/polarization) by extensions ['ignore', 'ignore_ament_install']
[0.180s] Level 1:colcon.colcon_core.package_identification:_identify(reactapp/src/page/polarization) by extension 'ignore'
[0.180s] Level 1:colcon.colcon_core.package_identification:_identify(reactapp/src/page/polarization) by extension 'ignore_ament_install'
[0.180s] Level 1:colcon.colcon_core.package_identification:_identify(reactapp/src/page/polarization) by extensions ['colcon_pkg']
[0.180s] Level 1:colcon.colcon_core.package_identification:_identify(reactapp/src/page/polarization) by extension 'colcon_pkg'
[0.180s] Level 1:colcon.colcon_core.package_identification:_identify(reactapp/src/page/polarization) by extensions ['colcon_meta']
[0.180s] Level 1:colcon.colcon_core.package_identification:_identify(reactapp/src/page/polarization) by extension 'colcon_meta'
[0.180s] Level 1:colcon.colcon_core.package_identification:_identify(reactapp/src/page/polarization) by extensions ['ros']
[0.180s] Level 1:colcon.colcon_core.package_identification:_identify(reactapp/src/page/polarization) by extension 'ros'
[0.180s] Level 1:colcon.colcon_core.package_identification:_identify(reactapp/src/page/polarization) by extensions ['cmake', 'python']
[0.180s] Level 1:colcon.colcon_core.package_identification:_identify(reactapp/src/page/polarization) by extension 'cmake'
[0.180s] Level 1:colcon.colcon_core.package_identification:_identify(reactapp/src/page/polarization) by extension 'python'
[0.180s] Level 1:colcon.colcon_core.package_identification:_identify(reactapp/src/page/polarization) by extensions ['python_setup_py']
[0.180s] Level 1:colcon.colcon_core.package_identification:_identify(reactapp/src/page/polarization) by extension 'python_setup_py'
[0.180s] Level 1:colcon.colcon_core.package_identification:_identify(reactapp/src/page/sensors) by extensions ['ignore', 'ignore_ament_install']
[0.180s] Level 1:colcon.colcon_core.package_identification:_identify(reactapp/src/page/sensors) by extension 'ignore'
[0.180s] Level 1:colcon.colcon_core.package_identification:_identify(reactapp/src/page/sensors) by extension 'ignore_ament_install'
[0.180s] Level 1:colcon.colcon_core.package_identification:_identify(reactapp/src/page/sensors) by extensions ['colcon_pkg']
[0.180s] Level 1:colcon.colcon_core.package_identification:_identify(reactapp/src/page/sensors) by extension 'colcon_pkg'
[0.180s] Level 1:colcon.colcon_core.package_identification:_identify(reactapp/src/page/sensors) by extensions ['colcon_meta']
[0.180s] Level 1:colcon.colcon_core.package_identification:_identify(reactapp/src/page/sensors) by extension 'colcon_meta'
[0.180s] Level 1:colcon.colcon_core.package_identification:_identify(reactapp/src/page/sensors) by extensions ['ros']
[0.180s] Level 1:colcon.colcon_core.package_identification:_identify(reactapp/src/page/sensors) by extension 'ros'
[0.180s] Level 1:colcon.colcon_core.package_identification:_identify(reactapp/src/page/sensors) by extensions ['cmake', 'python']
[0.180s] Level 1:colcon.colcon_core.package_identification:_identify(reactapp/src/page/sensors) by extension 'cmake'
[0.180s] Level 1:colcon.colcon_core.package_identification:_identify(reactapp/src/page/sensors) by extension 'python'
[0.180s] Level 1:colcon.colcon_core.package_identification:_identify(reactapp/src/page/sensors) by extensions ['python_setup_py']
[0.180s] Level 1:colcon.colcon_core.package_identification:_identify(reactapp/src/page/sensors) by extension 'python_setup_py'
[0.180s] Level 1:colcon.colcon_core.package_identification:_identify(reactapp/src/page/service) by extensions ['ignore', 'ignore_ament_install']
[0.180s] Level 1:colcon.colcon_core.package_identification:_identify(reactapp/src/page/service) by extension 'ignore'
[0.180s] Level 1:colcon.colcon_core.package_identification:_identify(reactapp/src/page/service) by extension 'ignore_ament_install'
[0.180s] Level 1:colcon.colcon_core.package_identification:_identify(reactapp/src/page/service) by extensions ['colcon_pkg']
[0.180s] Level 1:colcon.colcon_core.package_identification:_identify(reactapp/src/page/service) by extension 'colcon_pkg'
[0.180s] Level 1:colcon.colcon_core.package_identification:_identify(reactapp/src/page/service) by extensions ['colcon_meta']
[0.180s] Level 1:colcon.colcon_core.package_identification:_identify(reactapp/src/page/service) by extension 'colcon_meta'
[0.180s] Level 1:colcon.colcon_core.package_identification:_identify(reactapp/src/page/service) by extensions ['ros']
[0.180s] Level 1:colcon.colcon_core.package_identification:_identify(reactapp/src/page/service) by extension 'ros'
[0.180s] Level 1:colcon.colcon_core.package_identification:_identify(reactapp/src/page/service) by extensions ['cmake', 'python']
[0.180s] Level 1:colcon.colcon_core.package_identification:_identify(reactapp/src/page/service) by extension 'cmake'
[0.180s] Level 1:colcon.colcon_core.package_identification:_identify(reactapp/src/page/service) by extension 'python'
[0.180s] Level 1:colcon.colcon_core.package_identification:_identify(reactapp/src/page/service) by extensions ['python_setup_py']
[0.180s] Level 1:colcon.colcon_core.package_identification:_identify(reactapp/src/page/service) by extension 'python_setup_py'
[0.180s] Level 1:colcon.colcon_core.package_identification:_identify(reactapp/src/page/slam) by extensions ['ignore', 'ignore_ament_install']
[0.180s] Level 1:colcon.colcon_core.package_identification:_identify(reactapp/src/page/slam) by extension 'ignore'
[0.180s] Level 1:colcon.colcon_core.package_identification:_identify(reactapp/src/page/slam) by extension 'ignore_ament_install'
[0.180s] Level 1:colcon.colcon_core.package_identification:_identify(reactapp/src/page/slam) by extensions ['colcon_pkg']
[0.180s] Level 1:colcon.colcon_core.package_identification:_identify(reactapp/src/page/slam) by extension 'colcon_pkg'
[0.180s] Level 1:colcon.colcon_core.package_identification:_identify(reactapp/src/page/slam) by extensions ['colcon_meta']
[0.180s] Level 1:colcon.colcon_core.package_identification:_identify(reactapp/src/page/slam) by extension 'colcon_meta'
[0.180s] Level 1:colcon.colcon_core.package_identification:_identify(reactapp/src/page/slam) by extensions ['ros']
[0.180s] Level 1:colcon.colcon_core.package_identification:_identify(reactapp/src/page/slam) by extension 'ros'
[0.181s] Level 1:colcon.colcon_core.package_identification:_identify(reactapp/src/page/slam) by extensions ['cmake', 'python']
[0.181s] Level 1:colcon.colcon_core.package_identification:_identify(reactapp/src/page/slam) by extension 'cmake'
[0.181s] Level 1:colcon.colcon_core.package_identification:_identify(reactapp/src/page/slam) by extension 'python'
[0.181s] Level 1:colcon.colcon_core.package_identification:_identify(reactapp/src/page/slam) by extensions ['python_setup_py']
[0.181s] Level 1:colcon.colcon_core.package_identification:_identify(reactapp/src/page/slam) by extension 'python_setup_py'
[0.181s] Level 1:colcon.colcon_core.package_identification:_identify(reactapp/src/page/topic) by extensions ['ignore', 'ignore_ament_install']
[0.181s] Level 1:colcon.colcon_core.package_identification:_identify(reactapp/src/page/topic) by extension 'ignore'
[0.181s] Level 1:colcon.colcon_core.package_identification:_identify(reactapp/src/page/topic) by extension 'ignore_ament_install'
[0.181s] Level 1:colcon.colcon_core.package_identification:_identify(reactapp/src/page/topic) by extensions ['colcon_pkg']
[0.181s] Level 1:colcon.colcon_core.package_identification:_identify(reactapp/src/page/topic) by extension 'colcon_pkg'
[0.181s] Level 1:colcon.colcon_core.package_identification:_identify(reactapp/src/page/topic) by extensions ['colcon_meta']
[0.181s] Level 1:colcon.colcon_core.package_identification:_identify(reactapp/src/page/topic) by extension 'colcon_meta'
[0.181s] Level 1:colcon.colcon_core.package_identification:_identify(reactapp/src/page/topic) by extensions ['ros']
[0.181s] Level 1:colcon.colcon_core.package_identification:_identify(reactapp/src/page/topic) by extension 'ros'
[0.181s] Level 1:colcon.colcon_core.package_identification:_identify(reactapp/src/page/topic) by extensions ['cmake', 'python']
[0.181s] Level 1:colcon.colcon_core.package_identification:_identify(reactapp/src/page/topic) by extension 'cmake'
[0.181s] Level 1:colcon.colcon_core.package_identification:_identify(reactapp/src/page/topic) by extension 'python'
[0.181s] Level 1:colcon.colcon_core.package_identification:_identify(reactapp/src/page/topic) by extensions ['python_setup_py']
[0.181s] Level 1:colcon.colcon_core.package_identification:_identify(reactapp/src/page/topic) by extension 'python_setup_py'
[0.181s] Level 1:colcon.colcon_core.package_identification:_identify(reactapp/src/public) by extensions ['ignore', 'ignore_ament_install']
[0.181s] Level 1:colcon.colcon_core.package_identification:_identify(reactapp/src/public) by extension 'ignore'
[0.181s] Level 1:colcon.colcon_core.package_identification:_identify(reactapp/src/public) by extension 'ignore_ament_install'
[0.181s] Level 1:colcon.colcon_core.package_identification:_identify(reactapp/src/public) by extensions ['colcon_pkg']
[0.181s] Level 1:colcon.colcon_core.package_identification:_identify(reactapp/src/public) by extension 'colcon_pkg'
[0.181s] Level 1:colcon.colcon_core.package_identification:_identify(reactapp/src/public) by extensions ['colcon_meta']
[0.181s] Level 1:colcon.colcon_core.package_identification:_identify(reactapp/src/public) by extension 'colcon_meta'
[0.181s] Level 1:colcon.colcon_core.package_identification:_identify(reactapp/src/public) by extensions ['ros']
[0.181s] Level 1:colcon.colcon_core.package_identification:_identify(reactapp/src/public) by extension 'ros'
[0.181s] Level 1:colcon.colcon_core.package_identification:_identify(reactapp/src/public) by extensions ['cmake', 'python']
[0.181s] Level 1:colcon.colcon_core.package_identification:_identify(reactapp/src/public) by extension 'cmake'
[0.181s] Level 1:colcon.colcon_core.package_identification:_identify(reactapp/src/public) by extension 'python'
[0.181s] Level 1:colcon.colcon_core.package_identification:_identify(reactapp/src/public) by extensions ['python_setup_py']
[0.181s] Level 1:colcon.colcon_core.package_identification:_identify(reactapp/src/public) by extension 'python_setup_py'
[0.181s] Level 1:colcon.colcon_core.package_identification:_identify(reactapp/src/public/proto) by extensions ['ignore', 'ignore_ament_install']
[0.181s] Level 1:colcon.colcon_core.package_identification:_identify(reactapp/src/public/proto) by extension 'ignore'
[0.181s] Level 1:colcon.colcon_core.package_identification:_identify(reactapp/src/public/proto) by extension 'ignore_ament_install'
[0.181s] Level 1:colcon.colcon_core.package_identification:_identify(reactapp/src/public/proto) by extensions ['colcon_pkg']
[0.181s] Level 1:colcon.colcon_core.package_identification:_identify(reactapp/src/public/proto) by extension 'colcon_pkg'
[0.181s] Level 1:colcon.colcon_core.package_identification:_identify(reactapp/src/public/proto) by extensions ['colcon_meta']
[0.181s] Level 1:colcon.colcon_core.package_identification:_identify(reactapp/src/public/proto) by extension 'colcon_meta'
[0.181s] Level 1:colcon.colcon_core.package_identification:_identify(reactapp/src/public/proto) by extensions ['ros']
[0.181s] Level 1:colcon.colcon_core.package_identification:_identify(reactapp/src/public/proto) by extension 'ros'
[0.181s] Level 1:colcon.colcon_core.package_identification:_identify(reactapp/src/public/proto) by extensions ['cmake', 'python']
[0.181s] Level 1:colcon.colcon_core.package_identification:_identify(reactapp/src/public/proto) by extension 'cmake'
[0.181s] Level 1:colcon.colcon_core.package_identification:_identify(reactapp/src/public/proto) by extension 'python'
[0.181s] Level 1:colcon.colcon_core.package_identification:_identify(reactapp/src/public/proto) by extensions ['python_setup_py']
[0.181s] Level 1:colcon.colcon_core.package_identification:_identify(reactapp/src/public/proto) by extension 'python_setup_py'
[0.181s] Level 1:colcon.colcon_core.package_identification:_identify(reactapp/src/resource) by extensions ['ignore', 'ignore_ament_install']
[0.181s] Level 1:colcon.colcon_core.package_identification:_identify(reactapp/src/resource) by extension 'ignore'
[0.181s] Level 1:colcon.colcon_core.package_identification:_identify(reactapp/src/resource) by extension 'ignore_ament_install'
[0.181s] Level 1:colcon.colcon_core.package_identification:_identify(reactapp/src/resource) by extensions ['colcon_pkg']
[0.181s] Level 1:colcon.colcon_core.package_identification:_identify(reactapp/src/resource) by extension 'colcon_pkg'
[0.181s] Level 1:colcon.colcon_core.package_identification:_identify(reactapp/src/resource) by extensions ['colcon_meta']
[0.181s] Level 1:colcon.colcon_core.package_identification:_identify(reactapp/src/resource) by extension 'colcon_meta'
[0.181s] Level 1:colcon.colcon_core.package_identification:_identify(reactapp/src/resource) by extensions ['ros']
[0.182s] Level 1:colcon.colcon_core.package_identification:_identify(reactapp/src/resource) by extension 'ros'
[0.182s] Level 1:colcon.colcon_core.package_identification:_identify(reactapp/src/resource) by extensions ['cmake', 'python']
[0.182s] Level 1:colcon.colcon_core.package_identification:_identify(reactapp/src/resource) by extension 'cmake'
[0.182s] Level 1:colcon.colcon_core.package_identification:_identify(reactapp/src/resource) by extension 'python'
[0.182s] Level 1:colcon.colcon_core.package_identification:_identify(reactapp/src/resource) by extensions ['python_setup_py']
[0.182s] Level 1:colcon.colcon_core.package_identification:_identify(reactapp/src/resource) by extension 'python_setup_py'
[0.182s] Level 1:colcon.colcon_core.package_identification:_identify(reactapp/src/static) by extensions ['ignore', 'ignore_ament_install']
[0.182s] Level 1:colcon.colcon_core.package_identification:_identify(reactapp/src/static) by extension 'ignore'
[0.182s] Level 1:colcon.colcon_core.package_identification:_identify(reactapp/src/static) by extension 'ignore_ament_install'
[0.182s] Level 1:colcon.colcon_core.package_identification:_identify(reactapp/src/static) by extensions ['colcon_pkg']
[0.182s] Level 1:colcon.colcon_core.package_identification:_identify(reactapp/src/static) by extension 'colcon_pkg'
[0.182s] Level 1:colcon.colcon_core.package_identification:_identify(reactapp/src/static) by extensions ['colcon_meta']
[0.182s] Level 1:colcon.colcon_core.package_identification:_identify(reactapp/src/static) by extension 'colcon_meta'
[0.182s] Level 1:colcon.colcon_core.package_identification:_identify(reactapp/src/static) by extensions ['ros']
[0.182s] Level 1:colcon.colcon_core.package_identification:_identify(reactapp/src/static) by extension 'ros'
[0.182s] Level 1:colcon.colcon_core.package_identification:_identify(reactapp/src/static) by extensions ['cmake', 'python']
[0.182s] Level 1:colcon.colcon_core.package_identification:_identify(reactapp/src/static) by extension 'cmake'
[0.182s] Level 1:colcon.colcon_core.package_identification:_identify(reactapp/src/static) by extension 'python'
[0.182s] Level 1:colcon.colcon_core.package_identification:_identify(reactapp/src/static) by extensions ['python_setup_py']
[0.182s] Level 1:colcon.colcon_core.package_identification:_identify(reactapp/src/static) by extension 'python_setup_py'
[0.182s] Level 1:colcon.colcon_core.package_identification:_identify(reactapp/src/stores) by extensions ['ignore', 'ignore_ament_install']
[0.182s] Level 1:colcon.colcon_core.package_identification:_identify(reactapp/src/stores) by extension 'ignore'
[0.182s] Level 1:colcon.colcon_core.package_identification:_identify(reactapp/src/stores) by extension 'ignore_ament_install'
[0.182s] Level 1:colcon.colcon_core.package_identification:_identify(reactapp/src/stores) by extensions ['colcon_pkg']
[0.182s] Level 1:colcon.colcon_core.package_identification:_identify(reactapp/src/stores) by extension 'colcon_pkg'
[0.182s] Level 1:colcon.colcon_core.package_identification:_identify(reactapp/src/stores) by extensions ['colcon_meta']
[0.182s] Level 1:colcon.colcon_core.package_identification:_identify(reactapp/src/stores) by extension 'colcon_meta'
[0.182s] Level 1:colcon.colcon_core.package_identification:_identify(reactapp/src/stores) by extensions ['ros']
[0.182s] Level 1:colcon.colcon_core.package_identification:_identify(reactapp/src/stores) by extension 'ros'
[0.182s] Level 1:colcon.colcon_core.package_identification:_identify(reactapp/src/stores) by extensions ['cmake', 'python']
[0.182s] Level 1:colcon.colcon_core.package_identification:_identify(reactapp/src/stores) by extension 'cmake'
[0.182s] Level 1:colcon.colcon_core.package_identification:_identify(reactapp/src/stores) by extension 'python'
[0.182s] Level 1:colcon.colcon_core.package_identification:_identify(reactapp/src/stores) by extensions ['python_setup_py']
[0.182s] Level 1:colcon.colcon_core.package_identification:_identify(reactapp/src/stores) by extension 'python_setup_py'
[0.182s] Level 1:colcon.colcon_core.package_identification:_identify(rosapp) by extensions ['ignore', 'ignore_ament_install']
[0.182s] Level 1:colcon.colcon_core.package_identification:_identify(rosapp) by extension 'ignore'
[0.182s] Level 1:colcon.colcon_core.package_identification:_identify(rosapp) by extension 'ignore_ament_install'
[0.182s] Level 1:colcon.colcon_core.package_identification:_identify(rosapp) by extensions ['colcon_pkg']
[0.182s] Level 1:colcon.colcon_core.package_identification:_identify(rosapp) by extension 'colcon_pkg'
[0.182s] Level 1:colcon.colcon_core.package_identification:_identify(rosapp) by extensions ['colcon_meta']
[0.182s] Level 1:colcon.colcon_core.package_identification:_identify(rosapp) by extension 'colcon_meta'
[0.182s] Level 1:colcon.colcon_core.package_identification:_identify(rosapp) by extensions ['ros']
[0.182s] Level 1:colcon.colcon_core.package_identification:_identify(rosapp) by extension 'ros'
[0.182s] Level 1:colcon.colcon_core.package_identification:_identify(rosapp) by extensions ['cmake', 'python']
[0.182s] Level 1:colcon.colcon_core.package_identification:_identify(rosapp) by extension 'cmake'
[0.182s] Level 1:colcon.colcon_core.package_identification:_identify(rosapp) by extension 'python'
[0.182s] Level 1:colcon.colcon_core.package_identification:_identify(rosapp) by extensions ['python_setup_py']
[0.182s] Level 1:colcon.colcon_core.package_identification:_identify(rosapp) by extension 'python_setup_py'
[0.182s] Level 1:colcon.colcon_core.package_identification:_identify(rosapp/bash) by extensions ['ignore', 'ignore_ament_install']
[0.182s] Level 1:colcon.colcon_core.package_identification:_identify(rosapp/bash) by extension 'ignore'
[0.182s] Level 1:colcon.colcon_core.package_identification:_identify(rosapp/bash) by extension 'ignore_ament_install'
[0.182s] Level 1:colcon.colcon_core.package_identification:_identify(rosapp/bash) by extensions ['colcon_pkg']
[0.182s] Level 1:colcon.colcon_core.package_identification:_identify(rosapp/bash) by extension 'colcon_pkg'
[0.182s] Level 1:colcon.colcon_core.package_identification:_identify(rosapp/bash) by extensions ['colcon_meta']
[0.182s] Level 1:colcon.colcon_core.package_identification:_identify(rosapp/bash) by extension 'colcon_meta'
[0.182s] Level 1:colcon.colcon_core.package_identification:_identify(rosapp/bash) by extensions ['ros']
[0.182s] Level 1:colcon.colcon_core.package_identification:_identify(rosapp/bash) by extension 'ros'
[0.183s] Level 1:colcon.colcon_core.package_identification:_identify(rosapp/bash) by extensions ['cmake', 'python']
[0.183s] Level 1:colcon.colcon_core.package_identification:_identify(rosapp/bash) by extension 'cmake'
[0.183s] Level 1:colcon.colcon_core.package_identification:_identify(rosapp/bash) by extension 'python'
[0.183s] Level 1:colcon.colcon_core.package_identification:_identify(rosapp/bash) by extensions ['python_setup_py']
[0.183s] Level 1:colcon.colcon_core.package_identification:_identify(rosapp/bash) by extension 'python_setup_py'
[0.183s] Level 1:colcon.colcon_core.package_identification:_identify(rosapp/camera_function) by extensions ['ignore', 'ignore_ament_install']
[0.183s] Level 1:colcon.colcon_core.package_identification:_identify(rosapp/camera_function) by extension 'ignore'
[0.183s] Level 1:colcon.colcon_core.package_identification:_identify(rosapp/camera_function) by extension 'ignore_ament_install'
[0.183s] Level 1:colcon.colcon_core.package_identification:_identify(rosapp/camera_function) by extensions ['colcon_pkg']
[0.183s] Level 1:colcon.colcon_core.package_identification:_identify(rosapp/camera_function) by extension 'colcon_pkg'
[0.183s] Level 1:colcon.colcon_core.package_identification:_identify(rosapp/camera_function) by extensions ['colcon_meta']
[0.183s] Level 1:colcon.colcon_core.package_identification:_identify(rosapp/camera_function) by extension 'colcon_meta'
[0.183s] Level 1:colcon.colcon_core.package_identification:_identify(rosapp/camera_function) by extensions ['ros']
[0.183s] Level 1:colcon.colcon_core.package_identification:_identify(rosapp/camera_function) by extension 'ros'
[0.183s] Level 1:colcon.colcon_core.package_identification:_identify(rosapp/camera_function) by extensions ['cmake', 'python']
[0.183s] Level 1:colcon.colcon_core.package_identification:_identify(rosapp/camera_function) by extension 'cmake'
[0.183s] Level 1:colcon.colcon_core.package_identification:_identify(rosapp/camera_function) by extension 'python'
[0.183s] Level 1:colcon.colcon_core.package_identification:_identify(rosapp/camera_function) by extensions ['python_setup_py']
[0.183s] Level 1:colcon.colcon_core.package_identification:_identify(rosapp/camera_function) by extension 'python_setup_py'
[0.183s] Level 1:colcon.colcon_core.package_identification:_identify(rosapp/share) by extensions ['ignore', 'ignore_ament_install']
[0.183s] Level 1:colcon.colcon_core.package_identification:_identify(rosapp/share) by extension 'ignore'
[0.183s] Level 1:colcon.colcon_core.package_identification:_identify(rosapp/share) by extension 'ignore_ament_install'
[0.183s] Level 1:colcon.colcon_core.package_identification:_identify(rosapp/share) by extensions ['colcon_pkg']
[0.183s] Level 1:colcon.colcon_core.package_identification:_identify(rosapp/share) by extension 'colcon_pkg'
[0.183s] Level 1:colcon.colcon_core.package_identification:_identify(rosapp/share) by extensions ['colcon_meta']
[0.183s] Level 1:colcon.colcon_core.package_identification:_identify(rosapp/share) by extension 'colcon_meta'
[0.183s] Level 1:colcon.colcon_core.package_identification:_identify(rosapp/share) by extensions ['ros']
[0.183s] Level 1:colcon.colcon_core.package_identification:_identify(rosapp/share) by extension 'ros'
[0.183s] Level 1:colcon.colcon_core.package_identification:_identify(rosapp/share) by extensions ['cmake', 'python']
[0.183s] Level 1:colcon.colcon_core.package_identification:_identify(rosapp/share) by extension 'cmake'
[0.183s] Level 1:colcon.colcon_core.package_identification:_identify(rosapp/share) by extension 'python'
[0.183s] Level 1:colcon.colcon_core.package_identification:_identify(rosapp/share) by extensions ['python_setup_py']
[0.183s] Level 1:colcon.colcon_core.package_identification:_identify(rosapp/share) by extension 'python_setup_py'
[0.183s] Level 1:colcon.colcon_core.package_discovery:discover_packages(recursive) using defaults
[0.183s] Level 1:colcon.colcon_core.package_discovery:discover_packages(ignore) discover
[0.183s] Level 1:colcon.colcon_core.package_discovery:discover_packages(ignore) using defaults
[0.183s] Level 1:colcon.colcon_core.package_discovery:discover_packages(path) discover
[0.183s] Level 1:colcon.colcon_core.package_discovery:discover_packages(path) using defaults
[0.212s] Level 1:colcon.colcon_core.package_discovery:discover_packages(prefix_path) check parameters
[0.212s] Level 1:colcon.colcon_core.package_discovery:discover_packages(prefix_path) discover
[0.214s] DEBUG:colcon.colcon_installed_package_information.package_discovery:Found 315 installed packages in /opt/ros/humble
[0.215s] Level 1:colcon.colcon_core.package_discovery:discover_packages(prefix_path) using defaults
[0.235s] Level 5:colcon.colcon_core.verb:set package 'jai_rosbridge' build argument 'cmake_args' from command line to 'None'
[0.235s] Level 5:colcon.colcon_core.verb:set package 'jai_rosbridge' build argument 'cmake_target' from command line to 'None'
[0.235s] Level 5:colcon.colcon_core.verb:set package 'jai_rosbridge' build argument 'cmake_target_skip_unavailable' from command line to 'False'
[0.235s] Level 5:colcon.colcon_core.verb:set package 'jai_rosbridge' build argument 'cmake_clean_cache' from command line to 'False'
[0.236s] Level 5:colcon.colcon_core.verb:set package 'jai_rosbridge' build argument 'cmake_clean_first' from command line to 'False'
[0.236s] Level 5:colcon.colcon_core.verb:set package 'jai_rosbridge' build argument 'cmake_force_configure' from command line to 'False'
[0.236s] Level 5:colcon.colcon_core.verb:set package 'jai_rosbridge' build argument 'ament_cmake_args' from command line to 'None'
[0.236s] Level 5:colcon.colcon_core.verb:set package 'jai_rosbridge' build argument 'catkin_cmake_args' from command line to 'None'
[0.236s] Level 5:colcon.colcon_core.verb:set package 'jai_rosbridge' build argument 'catkin_skip_building_tests' from command line to 'False'
[0.236s] DEBUG:colcon.colcon_core.verb:Building package 'jai_rosbridge' with the following arguments: {'ament_cmake_args': None, 'build_base': '/home/cg-tuf/turtlebot4_flask/build/jai_rosbridge', 'catkin_cmake_args': None, 'catkin_skip_building_tests': False, 'cmake_args': None, 'cmake_clean_cache': False, 'cmake_clean_first': False, 'cmake_force_configure': False, 'cmake_target': None, 'cmake_target_skip_unavailable': False, 'install_base': '/home/cg-tuf/turtlebot4_flask/install/jai_rosbridge', 'merge_install': False, 'path': '/home/cg-tuf/turtlebot4_flask/clientapp/instance/jai/jai_rosbridge', 'symlink_install': False, 'test_result_base': None}
[0.236s] Level 5:colcon.colcon_core.verb:set package 'piper' build argument 'cmake_args' from command line to 'None'
[0.236s] Level 5:colcon.colcon_core.verb:set package 'piper' build argument 'cmake_target' from command line to 'None'
[0.236s] Level 5:colcon.colcon_core.verb:set package 'piper' build argument 'cmake_target_skip_unavailable' from command line to 'False'
[0.236s] Level 5:colcon.colcon_core.verb:set package 'piper' build argument 'cmake_clean_cache' from command line to 'False'
[0.236s] Level 5:colcon.colcon_core.verb:set package 'piper' build argument 'cmake_clean_first' from command line to 'False'
[0.236s] Level 5:colcon.colcon_core.verb:set package 'piper' build argument 'cmake_force_configure' from command line to 'False'
[0.236s] Level 5:colcon.colcon_core.verb:set package 'piper' build argument 'ament_cmake_args' from command line to 'None'
[0.236s] Level 5:colcon.colcon_core.verb:set package 'piper' build argument 'catkin_cmake_args' from command line to 'None'
[0.236s] Level 5:colcon.colcon_core.verb:set package 'piper' build argument 'catkin_skip_building_tests' from command line to 'False'
[0.236s] DEBUG:colcon.colcon_core.verb:Building package 'piper' with the following arguments: {'ament_cmake_args': None, 'build_base': '/home/cg-tuf/turtlebot4_flask/build/piper', 'catkin_cmake_args': None, 'catkin_skip_building_tests': False, 'cmake_args': None, 'cmake_clean_cache': False, 'cmake_clean_first': False, 'cmake_force_configure': False, 'cmake_target': None, 'cmake_target_skip_unavailable': False, 'install_base': '/home/cg-tuf/turtlebot4_flask/install/piper', 'merge_install': False, 'path': '/home/cg-tuf/turtlebot4_flask/piper_ws/src/Piper_ros/src/piper', 'symlink_install': False, 'test_result_base': None}
[0.236s] Level 5:colcon.colcon_core.verb:set package 'piper_description' build argument 'cmake_args' from command line to 'None'
[0.236s] Level 5:colcon.colcon_core.verb:set package 'piper_description' build argument 'cmake_target' from command line to 'None'
[0.236s] Level 5:colcon.colcon_core.verb:set package 'piper_description' build argument 'cmake_target_skip_unavailable' from command line to 'False'
[0.236s] Level 5:colcon.colcon_core.verb:set package 'piper_description' build argument 'cmake_clean_cache' from command line to 'False'
[0.236s] Level 5:colcon.colcon_core.verb:set package 'piper_description' build argument 'cmake_clean_first' from command line to 'False'
[0.236s] Level 5:colcon.colcon_core.verb:set package 'piper_description' build argument 'cmake_force_configure' from command line to 'False'
[0.236s] Level 5:colcon.colcon_core.verb:set package 'piper_description' build argument 'ament_cmake_args' from command line to 'None'
[0.236s] Level 5:colcon.colcon_core.verb:set package 'piper_description' build argument 'catkin_cmake_args' from command line to 'None'
[0.236s] Level 5:colcon.colcon_core.verb:set package 'piper_description' build argument 'catkin_skip_building_tests' from command line to 'False'
[0.236s] DEBUG:colcon.colcon_core.verb:Building package 'piper_description' with the following arguments: {'ament_cmake_args': None, 'build_base': '/home/cg-tuf/turtlebot4_flask/build/piper_description', 'catkin_cmake_args': None, 'catkin_skip_building_tests': False, 'cmake_args': None, 'cmake_clean_cache': False, 'cmake_clean_first': False, 'cmake_force_configure': False, 'cmake_target': None, 'cmake_target_skip_unavailable': False, 'install_base': '/home/cg-tuf/turtlebot4_flask/install/piper_description', 'merge_install': False, 'path': '/home/cg-tuf/turtlebot4_flask/piper_ws/src/Piper_ros/src/piper_description', 'symlink_install': False, 'test_result_base': None}
[0.236s] Level 5:colcon.colcon_core.verb:set package 'piper_gazebo' build argument 'cmake_args' from command line to 'None'
[0.236s] Level 5:colcon.colcon_core.verb:set package 'piper_gazebo' build argument 'cmake_target' from command line to 'None'
[0.236s] Level 5:colcon.colcon_core.verb:set package 'piper_gazebo' build argument 'cmake_target_skip_unavailable' from command line to 'False'
[0.236s] Level 5:colcon.colcon_core.verb:set package 'piper_gazebo' build argument 'cmake_clean_cache' from command line to 'False'
[0.236s] Level 5:colcon.colcon_core.verb:set package 'piper_gazebo' build argument 'cmake_clean_first' from command line to 'False'
[0.236s] Level 5:colcon.colcon_core.verb:set package 'piper_gazebo' build argument 'cmake_force_configure' from command line to 'False'
[0.236s] Level 5:colcon.colcon_core.verb:set package 'piper_gazebo' build argument 'ament_cmake_args' from command line to 'None'
[0.236s] Level 5:colcon.colcon_core.verb:set package 'piper_gazebo' build argument 'catkin_cmake_args' from command line to 'None'
[0.236s] Level 5:colcon.colcon_core.verb:set package 'piper_gazebo' build argument 'catkin_skip_building_tests' from command line to 'False'
[0.236s] DEBUG:colcon.colcon_core.verb:Building package 'piper_gazebo' with the following arguments: {'ament_cmake_args': None, 'build_base': '/home/cg-tuf/turtlebot4_flask/build/piper_gazebo', 'catkin_cmake_args': None, 'catkin_skip_building_tests': False, 'cmake_args': None, 'cmake_clean_cache': False, 'cmake_clean_first': False, 'cmake_force_configure': False, 'cmake_target': None, 'cmake_target_skip_unavailable': False, 'install_base': '/home/cg-tuf/turtlebot4_flask/install/piper_gazebo', 'merge_install': False, 'path': '/home/cg-tuf/turtlebot4_flask/piper_ws/src/Piper_ros/src/piper_sim/piper_gazebo', 'symlink_install': False, 'test_result_base': None}
[0.237s] Level 5:colcon.colcon_core.verb:set package 'piper_humble' build argument 'cmake_args' from command line to 'None'
[0.237s] Level 5:colcon.colcon_core.verb:set package 'piper_humble' build argument 'cmake_target' from command line to 'None'
[0.237s] Level 5:colcon.colcon_core.verb:set package 'piper_humble' build argument 'cmake_target_skip_unavailable' from command line to 'False'
[0.237s] Level 5:colcon.colcon_core.verb:set package 'piper_humble' build argument 'cmake_clean_cache' from command line to 'False'
[0.237s] Level 5:colcon.colcon_core.verb:set package 'piper_humble' build argument 'cmake_clean_first' from command line to 'False'
[0.237s] Level 5:colcon.colcon_core.verb:set package 'piper_humble' build argument 'cmake_force_configure' from command line to 'False'
[0.237s] Level 5:colcon.colcon_core.verb:set package 'piper_humble' build argument 'ament_cmake_args' from command line to 'None'
[0.237s] Level 5:colcon.colcon_core.verb:set package 'piper_humble' build argument 'catkin_cmake_args' from command line to 'None'
[0.237s] Level 5:colcon.colcon_core.verb:set package 'piper_humble' build argument 'catkin_skip_building_tests' from command line to 'False'
[0.237s] DEBUG:colcon.colcon_core.verb:Building package 'piper_humble' with the following arguments: {'ament_cmake_args': None, 'build_base': '/home/cg-tuf/turtlebot4_flask/build/piper_humble', 'catkin_cmake_args': None, 'catkin_skip_building_tests': False, 'cmake_args': None, 'cmake_clean_cache': False, 'cmake_clean_first': False, 'cmake_force_configure': False, 'cmake_target': None, 'cmake_target_skip_unavailable': False, 'install_base': '/home/cg-tuf/turtlebot4_flask/install/piper_humble', 'merge_install': False, 'path': '/home/cg-tuf/turtlebot4_flask/piper_ws/src/Piper_ros/src/piper_humble', 'symlink_install': False, 'test_result_base': None}
[0.237s] Level 5:colcon.colcon_core.verb:set package 'piper_msgs' build argument 'cmake_args' from command line to 'None'
[0.237s] Level 5:colcon.colcon_core.verb:set package 'piper_msgs' build argument 'cmake_target' from command line to 'None'
[0.237s] Level 5:colcon.colcon_core.verb:set package 'piper_msgs' build argument 'cmake_target_skip_unavailable' from command line to 'False'
[0.237s] Level 5:colcon.colcon_core.verb:set package 'piper_msgs' build argument 'cmake_clean_cache' from command line to 'False'
[0.237s] Level 5:colcon.colcon_core.verb:set package 'piper_msgs' build argument 'cmake_clean_first' from command line to 'False'
[0.237s] Level 5:colcon.colcon_core.verb:set package 'piper_msgs' build argument 'cmake_force_configure' from command line to 'False'
[0.237s] Level 5:colcon.colcon_core.verb:set package 'piper_msgs' build argument 'ament_cmake_args' from command line to 'None'
[0.237s] Level 5:colcon.colcon_core.verb:set package 'piper_msgs' build argument 'catkin_cmake_args' from command line to 'None'
[0.237s] Level 5:colcon.colcon_core.verb:set package 'piper_msgs' build argument 'catkin_skip_building_tests' from command line to 'False'
[0.237s] DEBUG:colcon.colcon_core.verb:Building package 'piper_msgs' with the following arguments: {'ament_cmake_args': None, 'build_base': '/home/cg-tuf/turtlebot4_flask/build/piper_msgs', 'catkin_cmake_args': None, 'catkin_skip_building_tests': False, 'cmake_args': None, 'cmake_clean_cache': False, 'cmake_clean_first': False, 'cmake_force_configure': False, 'cmake_target': None, 'cmake_target_skip_unavailable': False, 'install_base': '/home/cg-tuf/turtlebot4_flask/install/piper_msgs', 'merge_install': False, 'path': '/home/cg-tuf/turtlebot4_flask/piper_ws/src/Piper_ros/src/piper_msgs', 'symlink_install': False, 'test_result_base': None}
[0.237s] Level 5:colcon.colcon_core.verb:set package 'piper_mujoco' build argument 'cmake_args' from command line to 'None'
[0.237s] Level 5:colcon.colcon_core.verb:set package 'piper_mujoco' build argument 'cmake_target' from command line to 'None'
[0.237s] Level 5:colcon.colcon_core.verb:set package 'piper_mujoco' build argument 'cmake_target_skip_unavailable' from command line to 'False'
[0.237s] Level 5:colcon.colcon_core.verb:set package 'piper_mujoco' build argument 'cmake_clean_cache' from command line to 'False'
[0.237s] Level 5:colcon.colcon_core.verb:set package 'piper_mujoco' build argument 'cmake_clean_first' from command line to 'False'
[0.237s] Level 5:colcon.colcon_core.verb:set package 'piper_mujoco' build argument 'cmake_force_configure' from command line to 'False'
[0.237s] Level 5:colcon.colcon_core.verb:set package 'piper_mujoco' build argument 'ament_cmake_args' from command line to 'None'
[0.237s] Level 5:colcon.colcon_core.verb:set package 'piper_mujoco' build argument 'catkin_cmake_args' from command line to 'None'
[0.237s] Level 5:colcon.colcon_core.verb:set package 'piper_mujoco' build argument 'catkin_skip_building_tests' from command line to 'False'
[0.237s] DEBUG:colcon.colcon_core.verb:Building package 'piper_mujoco' with the following arguments: {'ament_cmake_args': None, 'build_base': '/home/cg-tuf/turtlebot4_flask/build/piper_mujoco', 'catkin_cmake_args': None, 'catkin_skip_building_tests': False, 'cmake_args': None, 'cmake_clean_cache': False, 'cmake_clean_first': False, 'cmake_force_configure': False, 'cmake_target': None, 'cmake_target_skip_unavailable': False, 'install_base': '/home/cg-tuf/turtlebot4_flask/install/piper_mujoco', 'merge_install': False, 'path': '/home/cg-tuf/turtlebot4_flask/piper_ws/src/Piper_ros/src/piper_sim/piper_mujoco', 'symlink_install': False, 'test_result_base': None}
[0.237s] Level 5:colcon.colcon_core.verb:set package 'flask_ui' build argument 'cmake_args' from command line to 'None'
[0.237s] Level 5:colcon.colcon_core.verb:set package 'flask_ui' build argument 'cmake_target' from command line to 'None'
[0.237s] Level 5:colcon.colcon_core.verb:set package 'flask_ui' build argument 'cmake_target_skip_unavailable' from command line to 'False'
[0.237s] Level 5:colcon.colcon_core.verb:set package 'flask_ui' build argument 'cmake_clean_cache' from command line to 'False'
[0.237s] Level 5:colcon.colcon_core.verb:set package 'flask_ui' build argument 'cmake_clean_first' from command line to 'False'
[0.237s] Level 5:colcon.colcon_core.verb:set package 'flask_ui' build argument 'cmake_force_configure' from command line to 'False'
[0.237s] Level 5:colcon.colcon_core.verb:set package 'flask_ui' build argument 'ament_cmake_args' from command line to 'None'
[0.237s] Level 5:colcon.colcon_core.verb:set package 'flask_ui' build argument 'catkin_cmake_args' from command line to 'None'
[0.237s] Level 5:colcon.colcon_core.verb:set package 'flask_ui' build argument 'catkin_skip_building_tests' from command line to 'False'
[0.237s] DEBUG:colcon.colcon_core.verb:Building package 'flask_ui' with the following arguments: {'ament_cmake_args': None, 'build_base': '/home/cg-tuf/turtlebot4_flask/build/flask_ui', 'catkin_cmake_args': None, 'catkin_skip_building_tests': False, 'cmake_args': None, 'cmake_clean_cache': False, 'cmake_clean_first': False, 'cmake_force_configure': False, 'cmake_target': None, 'cmake_target_skip_unavailable': False, 'install_base': '/home/cg-tuf/turtlebot4_flask/install/flask_ui', 'merge_install': False, 'path': '/home/cg-tuf/turtlebot4_flask/piper_ws/src/Piper_ros/src/flask_ui', 'symlink_install': False, 'test_result_base': None}
[0.237s] Level 5:colcon.colcon_core.verb:set package 'piper_no_gripper_moveit' build argument 'cmake_args' from command line to 'None'
[0.237s] Level 5:colcon.colcon_core.verb:set package 'piper_no_gripper_moveit' build argument 'cmake_target' from command line to 'None'
[0.237s] Level 5:colcon.colcon_core.verb:set package 'piper_no_gripper_moveit' build argument 'cmake_target_skip_unavailable' from command line to 'False'
[0.237s] Level 5:colcon.colcon_core.verb:set package 'piper_no_gripper_moveit' build argument 'cmake_clean_cache' from command line to 'False'
[0.237s] Level 5:colcon.colcon_core.verb:set package 'piper_no_gripper_moveit' build argument 'cmake_clean_first' from command line to 'False'
[0.237s] Level 5:colcon.colcon_core.verb:set package 'piper_no_gripper_moveit' build argument 'cmake_force_configure' from command line to 'False'
[0.238s] Level 5:colcon.colcon_core.verb:set package 'piper_no_gripper_moveit' build argument 'ament_cmake_args' from command line to 'None'
[0.238s] Level 5:colcon.colcon_core.verb:set package 'piper_no_gripper_moveit' build argument 'catkin_cmake_args' from command line to 'None'
[0.238s] Level 5:colcon.colcon_core.verb:set package 'piper_no_gripper_moveit' build argument 'catkin_skip_building_tests' from command line to 'False'
[0.238s] DEBUG:colcon.colcon_core.verb:Building package 'piper_no_gripper_moveit' with the following arguments: {'ament_cmake_args': None, 'build_base': '/home/cg-tuf/turtlebot4_flask/build/piper_no_gripper_moveit', 'catkin_cmake_args': None, 'catkin_skip_building_tests': False, 'cmake_args': None, 'cmake_clean_cache': False, 'cmake_clean_first': False, 'cmake_force_configure': False, 'cmake_target': None, 'cmake_target_skip_unavailable': False, 'install_base': '/home/cg-tuf/turtlebot4_flask/install/piper_no_gripper_moveit', 'merge_install': False, 'path': '/home/cg-tuf/turtlebot4_flask/piper_ws/src/Piper_ros/src/piper_moveit/piper_no_gripper_moveit', 'symlink_install': False, 'test_result_base': None}
[0.238s] Level 5:colcon.colcon_core.verb:set package 'piper_with_gripper_moveit' build argument 'cmake_args' from command line to 'None'
[0.238s] Level 5:colcon.colcon_core.verb:set package 'piper_with_gripper_moveit' build argument 'cmake_target' from command line to 'None'
[0.238s] Level 5:colcon.colcon_core.verb:set package 'piper_with_gripper_moveit' build argument 'cmake_target_skip_unavailable' from command line to 'False'
[0.238s] Level 5:colcon.colcon_core.verb:set package 'piper_with_gripper_moveit' build argument 'cmake_clean_cache' from command line to 'False'
[0.238s] Level 5:colcon.colcon_core.verb:set package 'piper_with_gripper_moveit' build argument 'cmake_clean_first' from command line to 'False'
[0.238s] Level 5:colcon.colcon_core.verb:set package 'piper_with_gripper_moveit' build argument 'cmake_force_configure' from command line to 'False'
[0.238s] Level 5:colcon.colcon_core.verb:set package 'piper_with_gripper_moveit' build argument 'ament_cmake_args' from command line to 'None'
[0.238s] Level 5:colcon.colcon_core.verb:set package 'piper_with_gripper_moveit' build argument 'catkin_cmake_args' from command line to 'None'
[0.238s] Level 5:colcon.colcon_core.verb:set package 'piper_with_gripper_moveit' build argument 'catkin_skip_building_tests' from command line to 'False'
[0.238s] DEBUG:colcon.colcon_core.verb:Building package 'piper_with_gripper_moveit' with the following arguments: {'ament_cmake_args': None, 'build_base': '/home/cg-tuf/turtlebot4_flask/build/piper_with_gripper_moveit', 'catkin_cmake_args': None, 'catkin_skip_building_tests': False, 'cmake_args': None, 'cmake_clean_cache': False, 'cmake_clean_first': False, 'cmake_force_configure': False, 'cmake_target': None, 'cmake_target_skip_unavailable': False, 'install_base': '/home/cg-tuf/turtlebot4_flask/install/piper_with_gripper_moveit', 'merge_install': False, 'path': '/home/cg-tuf/turtlebot4_flask/piper_ws/src/Piper_ros/src/piper_moveit/piper_with_gripper_moveit', 'symlink_install': False, 'test_result_base': None}
[0.238s] INFO:colcon.colcon_core.executor:Executing jobs using 'parallel' executor
[0.239s] DEBUG:colcon.colcon_parallel_executor.executor.parallel:run_until_complete
[0.239s] INFO:colcon.colcon_ros.task.ament_cmake.build:Building ROS package in '/home/cg-tuf/turtlebot4_flask/piper_ws/src/Piper_ros/src/piper_description' with build type 'ament_cmake'
[0.239s] INFO:colcon.colcon_cmake.task.cmake.build:Building CMake package in '/home/cg-tuf/turtlebot4_flask/piper_ws/src/Piper_ros/src/piper_description'
[0.240s] INFO:colcon.colcon_core.plugin_system:Skipping extension 'colcon_core.shell.bat': Not used on non-Windows systems
[0.240s] INFO:colcon.colcon_core.shell:Skip shell extension 'powershell' for command environment: Not usable outside of PowerShell
[0.240s] DEBUG:colcon.colcon_core.shell:Skip shell extension 'dsv' for command environment
[0.243s] INFO:colcon.colcon_ros.task.ament_cmake.build:Building ROS package in '/home/cg-tuf/turtlebot4_flask/piper_ws/src/Piper_ros/src/piper_msgs' with build type 'ament_cmake'
[0.243s] INFO:colcon.colcon_cmake.task.cmake.build:Building CMake package in '/home/cg-tuf/turtlebot4_flask/piper_ws/src/Piper_ros/src/piper_msgs'
[0.243s] INFO:colcon.colcon_core.shell:Skip shell extension 'powershell' for command environment: Not usable outside of PowerShell
[0.243s] DEBUG:colcon.colcon_core.shell:Skip shell extension 'dsv' for command environment
[0.245s] INFO:colcon.colcon_ros.task.ament_cmake.build:Building ROS package in '/home/cg-tuf/turtlebot4_flask/clientapp/instance/jai/jai_rosbridge' with build type 'ament_cmake'
[0.245s] INFO:colcon.colcon_cmake.task.cmake.build:Building CMake package in '/home/cg-tuf/turtlebot4_flask/clientapp/instance/jai/jai_rosbridge'
[0.245s] INFO:colcon.colcon_core.shell:Skip shell extension 'powershell' for command environment: Not usable outside of PowerShell
[0.245s] DEBUG:colcon.colcon_core.shell:Skip shell extension 'dsv' for command environment
[0.247s] INFO:colcon.colcon_ros.task.ament_python.build:Building ROS package in '/home/cg-tuf/turtlebot4_flask/piper_ws/src/Piper_ros/src/piper' with build type 'ament_python'
[0.247s] Level 1:colcon.colcon_core.shell:create_environment_hook('piper', 'ament_prefix_path')
[0.247s] INFO:colcon.colcon_core.shell:Creating environment hook '/home/cg-tuf/turtlebot4_flask/install/piper/share/piper/hook/ament_prefix_path.ps1'
[0.248s] INFO:colcon.colcon_core.shell:Creating environment descriptor '/home/cg-tuf/turtlebot4_flask/install/piper/share/piper/hook/ament_prefix_path.dsv'
[0.248s] INFO:colcon.colcon_core.shell:Creating environment hook '/home/cg-tuf/turtlebot4_flask/install/piper/share/piper/hook/ament_prefix_path.sh'
[0.248s] INFO:colcon.colcon_core.shell:Skip shell extension 'powershell' for command environment: Not usable outside of PowerShell
[0.248s] DEBUG:colcon.colcon_core.shell:Skip shell extension 'dsv' for command environment
[0.250s] INFO:colcon.colcon_ros.task.ament_cmake.build:Building ROS package in '/home/cg-tuf/turtlebot4_flask/piper_ws/src/Piper_ros/src/piper_sim/piper_gazebo' with build type 'ament_cmake'
[0.250s] INFO:colcon.colcon_cmake.task.cmake.build:Building CMake package in '/home/cg-tuf/turtlebot4_flask/piper_ws/src/Piper_ros/src/piper_sim/piper_gazebo'
[0.250s] INFO:colcon.colcon_core.shell:Skip shell extension 'powershell' for command environment: Not usable outside of PowerShell
[0.250s] DEBUG:colcon.colcon_core.shell:Skip shell extension 'dsv' for command environment
[0.254s] INFO:colcon.colcon_ros.task.ament_cmake.build:Building ROS package in '/home/cg-tuf/turtlebot4_flask/piper_ws/src/Piper_ros/src/piper_humble' with build type 'ament_cmake'
[0.254s] INFO:colcon.colcon_cmake.task.cmake.build:Building CMake package in '/home/cg-tuf/turtlebot4_flask/piper_ws/src/Piper_ros/src/piper_humble'
[0.254s] INFO:colcon.colcon_core.shell:Skip shell extension 'powershell' for command environment: Not usable outside of PowerShell
[0.254s] DEBUG:colcon.colcon_core.shell:Skip shell extension 'dsv' for command environment
[0.256s] INFO:colcon.colcon_ros.task.ament_cmake.build:Building ROS package in '/home/cg-tuf/turtlebot4_flask/piper_ws/src/Piper_ros/src/piper_sim/piper_mujoco' with build type 'ament_cmake'
[0.256s] INFO:colcon.colcon_cmake.task.cmake.build:Building CMake package in '/home/cg-tuf/turtlebot4_flask/piper_ws/src/Piper_ros/src/piper_sim/piper_mujoco'
[0.256s] INFO:colcon.colcon_core.shell:Skip shell extension 'powershell' for command environment: Not usable outside of PowerShell
[0.256s] DEBUG:colcon.colcon_core.shell:Skip shell extension 'dsv' for command environment
[0.263s] DEBUG:colcon.colcon_core.event_handler.log_command:Invoking command in '/home/cg-tuf/turtlebot4_flask/build/piper_description': CMAKE_PREFIX_PATH=/opt/ros/humble /usr/bin/cmake --build /home/cg-tuf/turtlebot4_flask/build/piper_description -- -j16 -l16
[0.264s] DEBUG:colcon.colcon_core.event_handler.log_command:Invoking command in '/home/cg-tuf/turtlebot4_flask/build/piper_msgs': CMAKE_PREFIX_PATH=/opt/ros/humble /usr/bin/cmake --build /home/cg-tuf/turtlebot4_flask/build/piper_msgs -- -j16 -l16
[0.267s] DEBUG:colcon.colcon_core.event_handler.log_command:Invoking command in '/home/cg-tuf/turtlebot4_flask/build/jai_rosbridge': CMAKE_PREFIX_PATH=/opt/ros/humble /usr/bin/cmake /home/cg-tuf/turtlebot4_flask/clientapp/instance/jai/jai_rosbridge -DCMAKE_INSTALL_PREFIX=/home/cg-tuf/turtlebot4_flask/install/jai_rosbridge
[0.461s] INFO:colcon.colcon_core.task.python.build:Building Python package in '/home/cg-tuf/turtlebot4_flask/piper_ws/src/Piper_ros/src/piper'
[0.462s] INFO:colcon.colcon_core.shell:Skip shell extension 'powershell' for command environment: Not usable outside of PowerShell
[0.462s] DEBUG:colcon.colcon_core.shell:Skip shell extension 'dsv' for command environment
[0.470s] DEBUG:colcon.colcon_core.event_handler.log_command:Invoking command in '/home/cg-tuf/turtlebot4_flask/build/piper_gazebo': CMAKE_PREFIX_PATH=/opt/ros/humble /usr/bin/cmake --build /home/cg-tuf/turtlebot4_flask/build/piper_gazebo -- -j16 -l16
[0.473s] DEBUG:colcon.colcon_core.event_handler.log_command:Invoking command in '/home/cg-tuf/turtlebot4_flask/build/piper_humble': CMAKE_PREFIX_PATH=/opt/ros/humble /usr/bin/cmake --build /home/cg-tuf/turtlebot4_flask/build/piper_humble -- -j16 -l16
[0.480s] DEBUG:colcon.colcon_core.event_handler.log_command:Invoking command in '/home/cg-tuf/turtlebot4_flask/build/piper_mujoco': CMAKE_PREFIX_PATH=/opt/ros/humble /usr/bin/cmake --build /home/cg-tuf/turtlebot4_flask/build/piper_mujoco -- -j16 -l16
[0.480s] DEBUG:colcon.colcon_core.event_handler.log_command:Invoked command in '/home/cg-tuf/turtlebot4_flask/build/piper_description' returned '0': CMAKE_PREFIX_PATH=/opt/ros/humble /usr/bin/cmake --build /home/cg-tuf/turtlebot4_flask/build/piper_description -- -j16 -l16
[0.489s] DEBUG:colcon.colcon_core.event_handler.log_command:Invoking command in '/home/cg-tuf/turtlebot4_flask/build/piper_description': CMAKE_PREFIX_PATH=/opt/ros/humble /usr/bin/cmake --install /home/cg-tuf/turtlebot4_flask/build/piper_description
[0.499s] Level 1:colcon.colcon_core.environment:create_environment_scripts_only(piper_description)
[0.499s] DEBUG:colcon.colcon_core.event_handler.log_command:Invoked command in '/home/cg-tuf/turtlebot4_flask/build/piper_description' returned '0': CMAKE_PREFIX_PATH=/opt/ros/humble /usr/bin/cmake --install /home/cg-tuf/turtlebot4_flask/build/piper_description
[0.501s] Level 1:colcon.colcon_core.environment:checking '/home/cg-tuf/turtlebot4_flask/install/piper_description' for CMake module files
[0.502s] Level 1:colcon.colcon_core.environment:checking '/home/cg-tuf/turtlebot4_flask/install/piper_description' for CMake config files
[0.502s] Level 1:colcon.colcon_core.shell:create_environment_hook('piper_description', 'cmake_prefix_path')
[0.502s] INFO:colcon.colcon_core.shell:Creating environment hook '/home/cg-tuf/turtlebot4_flask/install/piper_description/share/piper_description/hook/cmake_prefix_path.ps1'
[0.503s] INFO:colcon.colcon_core.shell:Creating environment descriptor '/home/cg-tuf/turtlebot4_flask/install/piper_description/share/piper_description/hook/cmake_prefix_path.dsv'
[0.503s] INFO:colcon.colcon_core.shell:Creating environment hook '/home/cg-tuf/turtlebot4_flask/install/piper_description/share/piper_description/hook/cmake_prefix_path.sh'
[0.504s] Level 1:colcon.colcon_core.environment:checking '/home/cg-tuf/turtlebot4_flask/install/piper_description/bin'
[0.504s] Level 1:colcon.colcon_core.environment:checking '/home/cg-tuf/turtlebot4_flask/install/piper_description/lib/pkgconfig/piper_description.pc'
[0.504s] Level 1:colcon.colcon_core.environment:checking '/home/cg-tuf/turtlebot4_flask/install/piper_description/lib/python3.10/site-packages'
[0.504s] Level 1:colcon.colcon_core.environment:checking '/home/cg-tuf/turtlebot4_flask/install/piper_description/bin'
[0.505s] INFO:colcon.colcon_core.shell:Creating package script '/home/cg-tuf/turtlebot4_flask/install/piper_description/share/piper_description/package.ps1'
[0.505s] INFO:colcon.colcon_core.shell:Creating package descriptor '/home/cg-tuf/turtlebot4_flask/install/piper_description/share/piper_description/package.dsv'
[0.505s] INFO:colcon.colcon_core.shell:Creating package script '/home/cg-tuf/turtlebot4_flask/install/piper_description/share/piper_description/package.sh'
[0.506s] INFO:colcon.colcon_core.shell:Creating package script '/home/cg-tuf/turtlebot4_flask/install/piper_description/share/piper_description/package.bash'
[0.506s] INFO:colcon.colcon_core.shell:Creating package script '/home/cg-tuf/turtlebot4_flask/install/piper_description/share/piper_description/package.zsh'
[0.507s] Level 1:colcon.colcon_core.environment:create_file_with_runtime_dependencies(/home/cg-tuf/turtlebot4_flask/install/piper_description/share/colcon-core/packages/piper_description)
[0.508s] Level 1:colcon.colcon_core.environment:create_environment_scripts_only(piper_description)
[0.508s] Level 1:colcon.colcon_core.environment:checking '/home/cg-tuf/turtlebot4_flask/install/piper_description' for CMake module files
[0.508s] Level 1:colcon.colcon_core.environment:checking '/home/cg-tuf/turtlebot4_flask/install/piper_description' for CMake config files
[0.508s] Level 1:colcon.colcon_core.shell:create_environment_hook('piper_description', 'cmake_prefix_path')
[0.508s] INFO:colcon.colcon_core.shell:Creating environment hook '/home/cg-tuf/turtlebot4_flask/install/piper_description/share/piper_description/hook/cmake_prefix_path.ps1'
[0.509s] INFO:colcon.colcon_core.shell:Creating environment descriptor '/home/cg-tuf/turtlebot4_flask/install/piper_description/share/piper_description/hook/cmake_prefix_path.dsv'
[0.509s] INFO:colcon.colcon_core.shell:Creating environment hook '/home/cg-tuf/turtlebot4_flask/install/piper_description/share/piper_description/hook/cmake_prefix_path.sh'
[0.509s] Level 1:colcon.colcon_core.environment:checking '/home/cg-tuf/turtlebot4_flask/install/piper_description/bin'
[0.509s] Level 1:colcon.colcon_core.environment:checking '/home/cg-tuf/turtlebot4_flask/install/piper_description/lib/pkgconfig/piper_description.pc'
[0.509s] Level 1:colcon.colcon_core.environment:checking '/home/cg-tuf/turtlebot4_flask/install/piper_description/lib/python3.10/site-packages'
[0.510s] Level 1:colcon.colcon_core.environment:checking '/home/cg-tuf/turtlebot4_flask/install/piper_description/bin'
[0.510s] INFO:colcon.colcon_core.shell:Creating package script '/home/cg-tuf/turtlebot4_flask/install/piper_description/share/piper_description/package.ps1'
[0.510s] INFO:colcon.colcon_core.shell:Creating package descriptor '/home/cg-tuf/turtlebot4_flask/install/piper_description/share/piper_description/package.dsv'
[0.511s] INFO:colcon.colcon_core.shell:Creating package script '/home/cg-tuf/turtlebot4_flask/install/piper_description/share/piper_description/package.sh'
[0.511s] INFO:colcon.colcon_core.shell:Creating package script '/home/cg-tuf/turtlebot4_flask/install/piper_description/share/piper_description/package.bash'
[0.511s] INFO:colcon.colcon_core.shell:Creating package script '/home/cg-tuf/turtlebot4_flask/install/piper_description/share/piper_description/package.zsh'
[0.511s] Level 1:colcon.colcon_core.environment:create_file_with_runtime_dependencies(/home/cg-tuf/turtlebot4_flask/install/piper_description/share/colcon-core/packages/piper_description)
[0.512s] INFO:colcon.colcon_ros.task.ament_cmake.build:Building ROS package in '/home/cg-tuf/turtlebot4_flask/piper_ws/src/Piper_ros/src/piper_moveit/piper_no_gripper_moveit' with build type 'ament_cmake'
[0.512s] INFO:colcon.colcon_cmake.task.cmake.build:Building CMake package in '/home/cg-tuf/turtlebot4_flask/piper_ws/src/Piper_ros/src/piper_moveit/piper_no_gripper_moveit'
[0.512s] INFO:colcon.colcon_core.shell:Skip shell extension 'powershell' for command environment: Not usable outside of PowerShell
[0.512s] DEBUG:colcon.colcon_core.shell:Skip shell extension 'dsv' for command environment
[0.515s] INFO:colcon.colcon_ros.task.ament_cmake.build:Building ROS package in '/home/cg-tuf/turtlebot4_flask/piper_ws/src/Piper_ros/src/piper_moveit/piper_with_gripper_moveit' with build type 'ament_cmake'
[0.515s] INFO:colcon.colcon_cmake.task.cmake.build:Building CMake package in '/home/cg-tuf/turtlebot4_flask/piper_ws/src/Piper_ros/src/piper_moveit/piper_with_gripper_moveit'
[0.515s] INFO:colcon.colcon_core.shell:Skip shell extension 'powershell' for command environment: Not usable outside of PowerShell
[0.515s] DEBUG:colcon.colcon_core.shell:Skip shell extension 'dsv' for command environment
[0.518s] DEBUG:colcon.colcon_core.event_handler.log_command:Invoked command in '/home/cg-tuf/turtlebot4_flask/build/piper_humble' returned '0': CMAKE_PREFIX_PATH=/opt/ros/humble /usr/bin/cmake --build /home/cg-tuf/turtlebot4_flask/build/piper_humble -- -j16 -l16
[0.520s] DEBUG:colcon.colcon_core.event_handler.log_command:Invoking command in '/home/cg-tuf/turtlebot4_flask/build/piper_humble': CMAKE_PREFIX_PATH=/opt/ros/humble /usr/bin/cmake --install /home/cg-tuf/turtlebot4_flask/build/piper_humble
[0.520s] DEBUG:colcon.colcon_core.event_handler.log_command:Invoked command in '/home/cg-tuf/turtlebot4_flask/build/piper_gazebo' returned '0': CMAKE_PREFIX_PATH=/opt/ros/humble /usr/bin/cmake --build /home/cg-tuf/turtlebot4_flask/build/piper_gazebo -- -j16 -l16
[0.521s] DEBUG:colcon.colcon_core.event_handler.log_command:Invoking command in '/home/cg-tuf/turtlebot4_flask/build/piper_gazebo': CMAKE_PREFIX_PATH=/opt/ros/humble /usr/bin/cmake --install /home/cg-tuf/turtlebot4_flask/build/piper_gazebo
[0.527s] DEBUG:colcon.colcon_core.event_handler.log_command:Invoking command in '/home/cg-tuf/turtlebot4_flask/build/piper_no_gripper_moveit': AMENT_PREFIX_PATH=/home/cg-tuf/turtlebot4_flask/install/piper_description:${AMENT_PREFIX_PATH} CMAKE_PREFIX_PATH=/home/cg-tuf/turtlebot4_flask/install/piper_description:/opt/ros/humble /usr/bin/cmake --build /home/cg-tuf/turtlebot4_flask/build/piper_no_gripper_moveit -- -j16 -l16
[0.530s] DEBUG:colcon.colcon_core.event_handler.log_command:Invoking command in '/home/cg-tuf/turtlebot4_flask/build/piper_with_gripper_moveit': AMENT_PREFIX_PATH=/home/cg-tuf/turtlebot4_flask/install/piper_description:${AMENT_PREFIX_PATH} CMAKE_PREFIX_PATH=/home/cg-tuf/turtlebot4_flask/install/piper_description:/opt/ros/humble /usr/bin/cmake --build /home/cg-tuf/turtlebot4_flask/build/piper_with_gripper_moveit -- -j16 -l16
[0.533s] DEBUG:colcon.colcon_core.event_handler.log_command:Invoked command in '/home/cg-tuf/turtlebot4_flask/build/piper_mujoco' returned '0': CMAKE_PREFIX_PATH=/opt/ros/humble /usr/bin/cmake --build /home/cg-tuf/turtlebot4_flask/build/piper_mujoco -- -j16 -l16
[0.535s] Level 1:colcon.colcon_core.environment:create_environment_scripts_only(piper_humble)
[0.535s] Level 1:colcon.colcon_core.environment:checking '/home/cg-tuf/turtlebot4_flask/install/piper_humble' for CMake module files
[0.536s] DEBUG:colcon.colcon_core.event_handler.log_command:Invoking command in '/home/cg-tuf/turtlebot4_flask/build/piper_mujoco': CMAKE_PREFIX_PATH=/opt/ros/humble /usr/bin/cmake --install /home/cg-tuf/turtlebot4_flask/build/piper_mujoco
[0.538s] DEBUG:colcon.colcon_core.event_handler.log_command:Invoked command in '/home/cg-tuf/turtlebot4_flask/build/piper_humble' returned '0': CMAKE_PREFIX_PATH=/opt/ros/humble /usr/bin/cmake --install /home/cg-tuf/turtlebot4_flask/build/piper_humble
[0.538s] Level 1:colcon.colcon_core.environment:checking '/home/cg-tuf/turtlebot4_flask/install/piper_humble' for CMake config files
[0.538s] Level 1:colcon.colcon_core.shell:create_environment_hook('piper_humble', 'cmake_prefix_path')
[0.539s] INFO:colcon.colcon_core.shell:Creating environment hook '/home/cg-tuf/turtlebot4_flask/install/piper_humble/share/piper_humble/hook/cmake_prefix_path.ps1'
[0.540s] INFO:colcon.colcon_core.shell:Creating environment descriptor '/home/cg-tuf/turtlebot4_flask/install/piper_humble/share/piper_humble/hook/cmake_prefix_path.dsv'
[0.541s] INFO:colcon.colcon_core.shell:Creating environment hook '/home/cg-tuf/turtlebot4_flask/install/piper_humble/share/piper_humble/hook/cmake_prefix_path.sh'
[0.541s] Level 1:colcon.colcon_core.environment:checking '/home/cg-tuf/turtlebot4_flask/install/piper_humble/bin'
[0.541s] Level 1:colcon.colcon_core.environment:checking '/home/cg-tuf/turtlebot4_flask/install/piper_humble/lib/pkgconfig/piper_humble.pc'
[0.542s] Level 1:colcon.colcon_core.environment:checking '/home/cg-tuf/turtlebot4_flask/install/piper_humble/lib/python3.10/site-packages'
[0.542s] Level 1:colcon.colcon_core.environment:checking '/home/cg-tuf/turtlebot4_flask/install/piper_humble/bin'
[0.542s] INFO:colcon.colcon_core.shell:Creating package script '/home/cg-tuf/turtlebot4_flask/install/piper_humble/share/piper_humble/package.ps1'
[0.543s] INFO:colcon.colcon_core.shell:Creating package descriptor '/home/cg-tuf/turtlebot4_flask/install/piper_humble/share/piper_humble/package.dsv'
[0.543s] INFO:colcon.colcon_core.shell:Creating package script '/home/cg-tuf/turtlebot4_flask/install/piper_humble/share/piper_humble/package.sh'
[0.543s] INFO:colcon.colcon_core.shell:Creating package script '/home/cg-tuf/turtlebot4_flask/install/piper_humble/share/piper_humble/package.bash'
[0.544s] INFO:colcon.colcon_core.shell:Creating package script '/home/cg-tuf/turtlebot4_flask/install/piper_humble/share/piper_humble/package.zsh'
[0.544s] Level 1:colcon.colcon_core.environment:create_file_with_runtime_dependencies(/home/cg-tuf/turtlebot4_flask/install/piper_humble/share/colcon-core/packages/piper_humble)
[0.544s] Level 1:colcon.colcon_core.environment:create_environment_scripts_only(piper_humble)
[0.545s] Level 1:colcon.colcon_core.environment:checking '/home/cg-tuf/turtlebot4_flask/install/piper_humble' for CMake module files
[0.545s] Level 1:colcon.colcon_core.environment:checking '/home/cg-tuf/turtlebot4_flask/install/piper_humble' for CMake config files
[0.545s] Level 1:colcon.colcon_core.shell:create_environment_hook('piper_humble', 'cmake_prefix_path')
[0.545s] INFO:colcon.colcon_core.shell:Creating environment hook '/home/cg-tuf/turtlebot4_flask/install/piper_humble/share/piper_humble/hook/cmake_prefix_path.ps1'
[0.545s] INFO:colcon.colcon_core.shell:Creating environment descriptor '/home/cg-tuf/turtlebot4_flask/install/piper_humble/share/piper_humble/hook/cmake_prefix_path.dsv'
[0.546s] INFO:colcon.colcon_core.shell:Creating environment hook '/home/cg-tuf/turtlebot4_flask/install/piper_humble/share/piper_humble/hook/cmake_prefix_path.sh'
[0.546s] Level 1:colcon.colcon_core.environment:checking '/home/cg-tuf/turtlebot4_flask/install/piper_humble/bin'
[0.546s] Level 1:colcon.colcon_core.environment:checking '/home/cg-tuf/turtlebot4_flask/install/piper_humble/lib/pkgconfig/piper_humble.pc'
[0.547s] Level 1:colcon.colcon_core.environment:checking '/home/cg-tuf/turtlebot4_flask/install/piper_humble/lib/python3.10/site-packages'
[0.547s] Level 1:colcon.colcon_core.environment:checking '/home/cg-tuf/turtlebot4_flask/install/piper_humble/bin'
[0.547s] INFO:colcon.colcon_core.shell:Creating package script '/home/cg-tuf/turtlebot4_flask/install/piper_humble/share/piper_humble/package.ps1'
[0.547s] INFO:colcon.colcon_core.shell:Creating package descriptor '/home/cg-tuf/turtlebot4_flask/install/piper_humble/share/piper_humble/package.dsv'
[0.548s] INFO:colcon.colcon_core.shell:Creating package script '/home/cg-tuf/turtlebot4_flask/install/piper_humble/share/piper_humble/package.sh'
[0.548s] INFO:colcon.colcon_core.shell:Creating package script '/home/cg-tuf/turtlebot4_flask/install/piper_humble/share/piper_humble/package.bash'
[0.548s] INFO:colcon.colcon_core.shell:Creating package script '/home/cg-tuf/turtlebot4_flask/install/piper_humble/share/piper_humble/package.zsh'
[0.548s] Level 1:colcon.colcon_core.environment:create_file_with_runtime_dependencies(/home/cg-tuf/turtlebot4_flask/install/piper_humble/share/colcon-core/packages/piper_humble)
[0.549s] Level 1:colcon.colcon_core.environment:create_environment_scripts_only(piper_mujoco)
[0.550s] Level 1:colcon.colcon_core.environment:checking '/home/cg-tuf/turtlebot4_flask/install/piper_mujoco' for CMake module files
[0.550s] DEBUG:colcon.colcon_core.event_handler.log_command:Invoked command in '/home/cg-tuf/turtlebot4_flask/build/piper_mujoco' returned '0': CMAKE_PREFIX_PATH=/opt/ros/humble /usr/bin/cmake --install /home/cg-tuf/turtlebot4_flask/build/piper_mujoco
[0.550s] Level 1:colcon.colcon_core.environment:checking '/home/cg-tuf/turtlebot4_flask/install/piper_mujoco' for CMake config files
[0.551s] Level 1:colcon.colcon_core.shell:create_environment_hook('piper_mujoco', 'cmake_prefix_path')
[0.551s] INFO:colcon.colcon_core.shell:Creating environment hook '/home/cg-tuf/turtlebot4_flask/install/piper_mujoco/share/piper_mujoco/hook/cmake_prefix_path.ps1'
[0.551s] INFO:colcon.colcon_core.shell:Creating environment descriptor '/home/cg-tuf/turtlebot4_flask/install/piper_mujoco/share/piper_mujoco/hook/cmake_prefix_path.dsv'
[0.551s] INFO:colcon.colcon_core.shell:Creating environment hook '/home/cg-tuf/turtlebot4_flask/install/piper_mujoco/share/piper_mujoco/hook/cmake_prefix_path.sh'
[0.552s] Level 1:colcon.colcon_core.environment:checking '/home/cg-tuf/turtlebot4_flask/install/piper_mujoco/lib'
[0.552s] Level 1:colcon.colcon_core.environment:checking '/home/cg-tuf/turtlebot4_flask/install/piper_mujoco/bin'
[0.552s] Level 1:colcon.colcon_core.environment:checking '/home/cg-tuf/turtlebot4_flask/install/piper_mujoco/lib/pkgconfig/piper_mujoco.pc'
[0.552s] Level 1:colcon.colcon_core.environment:checking '/home/cg-tuf/turtlebot4_flask/install/piper_mujoco/lib/python3.10/site-packages'
[0.552s] Level 1:colcon.colcon_core.environment:checking '/home/cg-tuf/turtlebot4_flask/install/piper_mujoco/bin'
[0.553s] INFO:colcon.colcon_core.shell:Creating package script '/home/cg-tuf/turtlebot4_flask/install/piper_mujoco/share/piper_mujoco/package.ps1'
[0.553s] INFO:colcon.colcon_core.shell:Creating package descriptor '/home/cg-tuf/turtlebot4_flask/install/piper_mujoco/share/piper_mujoco/package.dsv'
[0.553s] INFO:colcon.colcon_core.shell:Creating package script '/home/cg-tuf/turtlebot4_flask/install/piper_mujoco/share/piper_mujoco/package.sh'
[0.553s] INFO:colcon.colcon_core.shell:Creating package script '/home/cg-tuf/turtlebot4_flask/install/piper_mujoco/share/piper_mujoco/package.bash'
[0.554s] INFO:colcon.colcon_core.shell:Creating package script '/home/cg-tuf/turtlebot4_flask/install/piper_mujoco/share/piper_mujoco/package.zsh'
[0.554s] Level 1:colcon.colcon_core.environment:create_file_with_runtime_dependencies(/home/cg-tuf/turtlebot4_flask/install/piper_mujoco/share/colcon-core/packages/piper_mujoco)
[0.554s] Level 1:colcon.colcon_core.environment:create_environment_scripts_only(piper_mujoco)
[0.554s] Level 1:colcon.colcon_core.environment:checking '/home/cg-tuf/turtlebot4_flask/install/piper_mujoco' for CMake module files
[0.555s] Level 1:colcon.colcon_core.environment:checking '/home/cg-tuf/turtlebot4_flask/install/piper_mujoco' for CMake config files
[0.555s] Level 1:colcon.colcon_core.shell:create_environment_hook('piper_mujoco', 'cmake_prefix_path')
[0.555s] INFO:colcon.colcon_core.shell:Creating environment hook '/home/cg-tuf/turtlebot4_flask/install/piper_mujoco/share/piper_mujoco/hook/cmake_prefix_path.ps1'
[0.555s] INFO:colcon.colcon_core.shell:Creating environment descriptor '/home/cg-tuf/turtlebot4_flask/install/piper_mujoco/share/piper_mujoco/hook/cmake_prefix_path.dsv'
[0.555s] INFO:colcon.colcon_core.shell:Creating environment hook '/home/cg-tuf/turtlebot4_flask/install/piper_mujoco/share/piper_mujoco/hook/cmake_prefix_path.sh'
[0.556s] Level 1:colcon.colcon_core.environment:checking '/home/cg-tuf/turtlebot4_flask/install/piper_mujoco/lib'
[0.556s] Level 1:colcon.colcon_core.environment:checking '/home/cg-tuf/turtlebot4_flask/install/piper_mujoco/bin'
[0.556s] Level 1:colcon.colcon_core.environment:checking '/home/cg-tuf/turtlebot4_flask/install/piper_mujoco/lib/pkgconfig/piper_mujoco.pc'
[0.556s] Level 1:colcon.colcon_core.environment:checking '/home/cg-tuf/turtlebot4_flask/install/piper_mujoco/lib/python3.10/site-packages'
[0.556s] Level 1:colcon.colcon_core.environment:checking '/home/cg-tuf/turtlebot4_flask/install/piper_mujoco/bin'
[0.556s] INFO:colcon.colcon_core.shell:Creating package script '/home/cg-tuf/turtlebot4_flask/install/piper_mujoco/share/piper_mujoco/package.ps1'
[0.557s] INFO:colcon.colcon_core.shell:Creating package descriptor '/home/cg-tuf/turtlebot4_flask/install/piper_mujoco/share/piper_mujoco/package.dsv'
[0.557s] INFO:colcon.colcon_core.shell:Creating package script '/home/cg-tuf/turtlebot4_flask/install/piper_mujoco/share/piper_mujoco/package.sh'
[0.557s] INFO:colcon.colcon_core.shell:Creating package script '/home/cg-tuf/turtlebot4_flask/install/piper_mujoco/share/piper_mujoco/package.bash'
[0.557s] INFO:colcon.colcon_core.shell:Creating package script '/home/cg-tuf/turtlebot4_flask/install/piper_mujoco/share/piper_mujoco/package.zsh'
[0.558s] Level 1:colcon.colcon_core.environment:create_file_with_runtime_dependencies(/home/cg-tuf/turtlebot4_flask/install/piper_mujoco/share/colcon-core/packages/piper_mujoco)
[0.558s] Level 1:colcon.colcon_core.environment:create_environment_scripts_only(piper_gazebo)
[0.559s] Level 1:colcon.colcon_core.environment:checking '/home/cg-tuf/turtlebot4_flask/install/piper_gazebo' for CMake module files
[0.559s] DEBUG:colcon.colcon_core.event_handler.log_command:Invoked command in '/home/cg-tuf/turtlebot4_flask/build/piper_gazebo' returned '0': CMAKE_PREFIX_PATH=/opt/ros/humble /usr/bin/cmake --install /home/cg-tuf/turtlebot4_flask/build/piper_gazebo
[0.560s] Level 1:colcon.colcon_core.environment:checking '/home/cg-tuf/turtlebot4_flask/install/piper_gazebo' for CMake config files
[0.560s] Level 1:colcon.colcon_core.shell:create_environment_hook('piper_gazebo', 'cmake_prefix_path')
[0.560s] INFO:colcon.colcon_core.shell:Creating environment hook '/home/cg-tuf/turtlebot4_flask/install/piper_gazebo/share/piper_gazebo/hook/cmake_prefix_path.ps1'
[0.561s] INFO:colcon.colcon_core.shell:Creating environment descriptor '/home/cg-tuf/turtlebot4_flask/install/piper_gazebo/share/piper_gazebo/hook/cmake_prefix_path.dsv'
[0.561s] INFO:colcon.colcon_core.shell:Creating environment hook '/home/cg-tuf/turtlebot4_flask/install/piper_gazebo/share/piper_gazebo/hook/cmake_prefix_path.sh'
[0.561s] Level 1:colcon.colcon_core.environment:checking '/home/cg-tuf/turtlebot4_flask/install/piper_gazebo/lib'
[0.561s] Level 1:colcon.colcon_core.environment:checking '/home/cg-tuf/turtlebot4_flask/install/piper_gazebo/bin'
[0.561s] Level 1:colcon.colcon_core.environment:checking '/home/cg-tuf/turtlebot4_flask/install/piper_gazebo/lib/pkgconfig/piper_gazebo.pc'
[0.561s] Level 1:colcon.colcon_core.environment:checking '/home/cg-tuf/turtlebot4_flask/install/piper_gazebo/lib/python3.10/site-packages'
[0.562s] Level 1:colcon.colcon_core.environment:checking '/home/cg-tuf/turtlebot4_flask/install/piper_gazebo/bin'
[0.562s] INFO:colcon.colcon_core.shell:Creating package script '/home/cg-tuf/turtlebot4_flask/install/piper_gazebo/share/piper_gazebo/package.ps1'
[0.562s] INFO:colcon.colcon_core.shell:Creating package descriptor '/home/cg-tuf/turtlebot4_flask/install/piper_gazebo/share/piper_gazebo/package.dsv'
[0.562s] INFO:colcon.colcon_core.shell:Creating package script '/home/cg-tuf/turtlebot4_flask/install/piper_gazebo/share/piper_gazebo/package.sh'
[0.563s] INFO:colcon.colcon_core.shell:Creating package script '/home/cg-tuf/turtlebot4_flask/install/piper_gazebo/share/piper_gazebo/package.bash'
[0.563s] INFO:colcon.colcon_core.shell:Creating package script '/home/cg-tuf/turtlebot4_flask/install/piper_gazebo/share/piper_gazebo/package.zsh'
[0.563s] Level 1:colcon.colcon_core.environment:create_file_with_runtime_dependencies(/home/cg-tuf/turtlebot4_flask/install/piper_gazebo/share/colcon-core/packages/piper_gazebo)
[0.563s] Level 1:colcon.colcon_core.environment:create_environment_scripts_only(piper_gazebo)
[0.564s] Level 1:colcon.colcon_core.environment:checking '/home/cg-tuf/turtlebot4_flask/install/piper_gazebo' for CMake module files
[0.564s] Level 1:colcon.colcon_core.environment:checking '/home/cg-tuf/turtlebot4_flask/install/piper_gazebo' for CMake config files
[0.564s] Level 1:colcon.colcon_core.shell:create_environment_hook('piper_gazebo', 'cmake_prefix_path')
[0.564s] INFO:colcon.colcon_core.shell:Creating environment hook '/home/cg-tuf/turtlebot4_flask/install/piper_gazebo/share/piper_gazebo/hook/cmake_prefix_path.ps1'
[0.564s] INFO:colcon.colcon_core.shell:Creating environment descriptor '/home/cg-tuf/turtlebot4_flask/install/piper_gazebo/share/piper_gazebo/hook/cmake_prefix_path.dsv'
[0.565s] INFO:colcon.colcon_core.shell:Creating environment hook '/home/cg-tuf/turtlebot4_flask/install/piper_gazebo/share/piper_gazebo/hook/cmake_prefix_path.sh'
[0.565s] Level 1:colcon.colcon_core.environment:checking '/home/cg-tuf/turtlebot4_flask/install/piper_gazebo/lib'
[0.565s] Level 1:colcon.colcon_core.environment:checking '/home/cg-tuf/turtlebot4_flask/install/piper_gazebo/bin'
[0.565s] Level 1:colcon.colcon_core.environment:checking '/home/cg-tuf/turtlebot4_flask/install/piper_gazebo/lib/pkgconfig/piper_gazebo.pc'
[0.565s] Level 1:colcon.colcon_core.environment:checking '/home/cg-tuf/turtlebot4_flask/install/piper_gazebo/lib/python3.10/site-packages'
[0.565s] Level 1:colcon.colcon_core.environment:checking '/home/cg-tuf/turtlebot4_flask/install/piper_gazebo/bin'
[0.566s] INFO:colcon.colcon_core.shell:Creating package script '/home/cg-tuf/turtlebot4_flask/install/piper_gazebo/share/piper_gazebo/package.ps1'
[0.566s] INFO:colcon.colcon_core.shell:Creating package descriptor '/home/cg-tuf/turtlebot4_flask/install/piper_gazebo/share/piper_gazebo/package.dsv'
[0.566s] INFO:colcon.colcon_core.shell:Creating package script '/home/cg-tuf/turtlebot4_flask/install/piper_gazebo/share/piper_gazebo/package.sh'
[0.566s] INFO:colcon.colcon_core.shell:Creating package script '/home/cg-tuf/turtlebot4_flask/install/piper_gazebo/share/piper_gazebo/package.bash'
[0.567s] INFO:colcon.colcon_core.shell:Creating package script '/home/cg-tuf/turtlebot4_flask/install/piper_gazebo/share/piper_gazebo/package.zsh'
[0.567s] Level 1:colcon.colcon_core.environment:create_file_with_runtime_dependencies(/home/cg-tuf/turtlebot4_flask/install/piper_gazebo/share/colcon-core/packages/piper_gazebo)
[0.569s] DEBUG:colcon.colcon_core.event_handler.log_command:Invoked command in '/home/cg-tuf/turtlebot4_flask/build/piper_no_gripper_moveit' returned '0': AMENT_PREFIX_PATH=/home/cg-tuf/turtlebot4_flask/install/piper_description:${AMENT_PREFIX_PATH} CMAKE_PREFIX_PATH=/home/cg-tuf/turtlebot4_flask/install/piper_description:/opt/ros/humble /usr/bin/cmake --build /home/cg-tuf/turtlebot4_flask/build/piper_no_gripper_moveit -- -j16 -l16
[0.571s] DEBUG:colcon.colcon_core.event_handler.log_command:Invoking command in '/home/cg-tuf/turtlebot4_flask/build/piper_no_gripper_moveit': AMENT_PREFIX_PATH=/home/cg-tuf/turtlebot4_flask/install/piper_description:${AMENT_PREFIX_PATH} CMAKE_PREFIX_PATH=/home/cg-tuf/turtlebot4_flask/install/piper_description:/opt/ros/humble /usr/bin/cmake --install /home/cg-tuf/turtlebot4_flask/build/piper_no_gripper_moveit
[0.572s] DEBUG:colcon.colcon_core.event_handler.log_command:Invoked command in '/home/cg-tuf/turtlebot4_flask/build/piper_with_gripper_moveit' returned '0': AMENT_PREFIX_PATH=/home/cg-tuf/turtlebot4_flask/install/piper_description:${AMENT_PREFIX_PATH} CMAKE_PREFIX_PATH=/home/cg-tuf/turtlebot4_flask/install/piper_description:/opt/ros/humble /usr/bin/cmake --build /home/cg-tuf/turtlebot4_flask/build/piper_with_gripper_moveit -- -j16 -l16
[0.573s] DEBUG:colcon.colcon_core.event_handler.log_command:Invoking command in '/home/cg-tuf/turtlebot4_flask/build/piper_with_gripper_moveit': AMENT_PREFIX_PATH=/home/cg-tuf/turtlebot4_flask/install/piper_description:${AMENT_PREFIX_PATH} CMAKE_PREFIX_PATH=/home/cg-tuf/turtlebot4_flask/install/piper_description:/opt/ros/humble /usr/bin/cmake --install /home/cg-tuf/turtlebot4_flask/build/piper_with_gripper_moveit
[0.575s] DEBUG:colcon.colcon_core.event_handler.log_command:Invoked command in '/home/cg-tuf/turtlebot4_flask/build/piper_msgs' returned '0': CMAKE_PREFIX_PATH=/opt/ros/humble /usr/bin/cmake --build /home/cg-tuf/turtlebot4_flask/build/piper_msgs -- -j16 -l16
[0.576s] DEBUG:colcon.colcon_core.event_handler.log_command:Invoking command in '/home/cg-tuf/turtlebot4_flask/build/piper_msgs': CMAKE_PREFIX_PATH=/opt/ros/humble /usr/bin/cmake --install /home/cg-tuf/turtlebot4_flask/build/piper_msgs
[0.584s] Level 1:colcon.colcon_core.environment:create_environment_scripts_only(piper_with_gripper_moveit)
[0.584s] Level 1:colcon.colcon_core.environment:checking '/home/cg-tuf/turtlebot4_flask/install/piper_with_gripper_moveit' for CMake module files
[0.586s] Level 1:colcon.colcon_core.environment:checking '/home/cg-tuf/turtlebot4_flask/install/piper_with_gripper_moveit' for CMake config files
[0.588s] DEBUG:colcon.colcon_core.event_handler.log_command:Invoked command in '/home/cg-tuf/turtlebot4_flask/build/piper_with_gripper_moveit' returned '0': AMENT_PREFIX_PATH=/home/cg-tuf/turtlebot4_flask/install/piper_description:${AMENT_PREFIX_PATH} CMAKE_PREFIX_PATH=/home/cg-tuf/turtlebot4_flask/install/piper_description:/opt/ros/humble /usr/bin/cmake --install /home/cg-tuf/turtlebot4_flask/build/piper_with_gripper_moveit
[0.590s] Level 1:colcon.colcon_core.shell:create_environment_hook('piper_with_gripper_moveit', 'cmake_prefix_path')
[0.590s] INFO:colcon.colcon_core.shell:Creating environment hook '/home/cg-tuf/turtlebot4_flask/install/piper_with_gripper_moveit/share/piper_with_gripper_moveit/hook/cmake_prefix_path.ps1'
[0.591s] INFO:colcon.colcon_core.shell:Creating environment descriptor '/home/cg-tuf/turtlebot4_flask/install/piper_with_gripper_moveit/share/piper_with_gripper_moveit/hook/cmake_prefix_path.dsv'
[0.591s] INFO:colcon.colcon_core.shell:Creating environment hook '/home/cg-tuf/turtlebot4_flask/install/piper_with_gripper_moveit/share/piper_with_gripper_moveit/hook/cmake_prefix_path.sh'
[0.592s] Level 1:colcon.colcon_core.environment:checking '/home/cg-tuf/turtlebot4_flask/install/piper_with_gripper_moveit/bin'
[0.592s] Level 1:colcon.colcon_core.environment:checking '/home/cg-tuf/turtlebot4_flask/install/piper_with_gripper_moveit/lib/pkgconfig/piper_with_gripper_moveit.pc'
[0.592s] Level 1:colcon.colcon_core.environment:checking '/home/cg-tuf/turtlebot4_flask/install/piper_with_gripper_moveit/lib/python3.10/site-packages'
[0.592s] Level 1:colcon.colcon_core.environment:checking '/home/cg-tuf/turtlebot4_flask/install/piper_with_gripper_moveit/bin'
[0.592s] INFO:colcon.colcon_core.shell:Creating package script '/home/cg-tuf/turtlebot4_flask/install/piper_with_gripper_moveit/share/piper_with_gripper_moveit/package.ps1'
[0.593s] INFO:colcon.colcon_core.shell:Creating package descriptor '/home/cg-tuf/turtlebot4_flask/install/piper_with_gripper_moveit/share/piper_with_gripper_moveit/package.dsv'
[0.594s] INFO:colcon.colcon_core.shell:Creating package script '/home/cg-tuf/turtlebot4_flask/install/piper_with_gripper_moveit/share/piper_with_gripper_moveit/package.sh'
[0.594s] INFO:colcon.colcon_core.shell:Creating package script '/home/cg-tuf/turtlebot4_flask/install/piper_with_gripper_moveit/share/piper_with_gripper_moveit/package.bash'
[0.594s] INFO:colcon.colcon_core.shell:Creating package script '/home/cg-tuf/turtlebot4_flask/install/piper_with_gripper_moveit/share/piper_with_gripper_moveit/package.zsh'
[0.595s] Level 1:colcon.colcon_core.environment:create_file_with_runtime_dependencies(/home/cg-tuf/turtlebot4_flask/install/piper_with_gripper_moveit/share/colcon-core/packages/piper_with_gripper_moveit)
[0.595s] Level 1:colcon.colcon_core.environment:create_environment_scripts_only(piper_with_gripper_moveit)
[0.595s] Level 1:colcon.colcon_core.environment:checking '/home/cg-tuf/turtlebot4_flask/install/piper_with_gripper_moveit' for CMake module files
[0.595s] Level 1:colcon.colcon_core.environment:checking '/home/cg-tuf/turtlebot4_flask/install/piper_with_gripper_moveit' for CMake config files
[0.595s] Level 1:colcon.colcon_core.shell:create_environment_hook('piper_with_gripper_moveit', 'cmake_prefix_path')
[0.596s] INFO:colcon.colcon_core.shell:Creating environment hook '/home/cg-tuf/turtlebot4_flask/install/piper_with_gripper_moveit/share/piper_with_gripper_moveit/hook/cmake_prefix_path.ps1'
[0.596s] INFO:colcon.colcon_core.shell:Creating environment descriptor '/home/cg-tuf/turtlebot4_flask/install/piper_with_gripper_moveit/share/piper_with_gripper_moveit/hook/cmake_prefix_path.dsv'
[0.596s] INFO:colcon.colcon_core.shell:Creating environment hook '/home/cg-tuf/turtlebot4_flask/install/piper_with_gripper_moveit/share/piper_with_gripper_moveit/hook/cmake_prefix_path.sh'
[0.596s] Level 1:colcon.colcon_core.environment:checking '/home/cg-tuf/turtlebot4_flask/install/piper_with_gripper_moveit/bin'
[0.596s] Level 1:colcon.colcon_core.environment:checking '/home/cg-tuf/turtlebot4_flask/install/piper_with_gripper_moveit/lib/pkgconfig/piper_with_gripper_moveit.pc'
[0.596s] Level 1:colcon.colcon_core.environment:checking '/home/cg-tuf/turtlebot4_flask/install/piper_with_gripper_moveit/lib/python3.10/site-packages'
[0.596s] Level 1:colcon.colcon_core.environment:checking '/home/cg-tuf/turtlebot4_flask/install/piper_with_gripper_moveit/bin'
[0.597s] INFO:colcon.colcon_core.shell:Creating package script '/home/cg-tuf/turtlebot4_flask/install/piper_with_gripper_moveit/share/piper_with_gripper_moveit/package.ps1'
[0.597s] INFO:colcon.colcon_core.shell:Creating package descriptor '/home/cg-tuf/turtlebot4_flask/install/piper_with_gripper_moveit/share/piper_with_gripper_moveit/package.dsv'
[0.597s] INFO:colcon.colcon_core.shell:Creating package script '/home/cg-tuf/turtlebot4_flask/install/piper_with_gripper_moveit/share/piper_with_gripper_moveit/package.sh'
[0.597s] INFO:colcon.colcon_core.shell:Creating package script '/home/cg-tuf/turtlebot4_flask/install/piper_with_gripper_moveit/share/piper_with_gripper_moveit/package.bash'
[0.598s] INFO:colcon.colcon_core.shell:Creating package script '/home/cg-tuf/turtlebot4_flask/install/piper_with_gripper_moveit/share/piper_with_gripper_moveit/package.zsh'
[0.598s] Level 1:colcon.colcon_core.environment:create_file_with_runtime_dependencies(/home/cg-tuf/turtlebot4_flask/install/piper_with_gripper_moveit/share/colcon-core/packages/piper_with_gripper_moveit)
[0.598s] Level 1:colcon.colcon_core.environment:create_environment_scripts_only(piper_no_gripper_moveit)
[0.598s] Level 1:colcon.colcon_core.environment:checking '/home/cg-tuf/turtlebot4_flask/install/piper_no_gripper_moveit' for CMake module files
[0.599s] Level 1:colcon.colcon_core.environment:checking '/home/cg-tuf/turtlebot4_flask/install/piper_no_gripper_moveit' for CMake config files
[0.599s] DEBUG:colcon.colcon_core.event_handler.log_command:Invoked command in '/home/cg-tuf/turtlebot4_flask/build/piper_no_gripper_moveit' returned '0': AMENT_PREFIX_PATH=/home/cg-tuf/turtlebot4_flask/install/piper_description:${AMENT_PREFIX_PATH} CMAKE_PREFIX_PATH=/home/cg-tuf/turtlebot4_flask/install/piper_description:/opt/ros/humble /usr/bin/cmake --install /home/cg-tuf/turtlebot4_flask/build/piper_no_gripper_moveit
[0.599s] Level 1:colcon.colcon_core.shell:create_environment_hook('piper_no_gripper_moveit', 'cmake_prefix_path')
[0.599s] INFO:colcon.colcon_core.shell:Creating environment hook '/home/cg-tuf/turtlebot4_flask/install/piper_no_gripper_moveit/share/piper_no_gripper_moveit/hook/cmake_prefix_path.ps1'
[0.600s] INFO:colcon.colcon_core.shell:Creating environment descriptor '/home/cg-tuf/turtlebot4_flask/install/piper_no_gripper_moveit/share/piper_no_gripper_moveit/hook/cmake_prefix_path.dsv'
[0.600s] INFO:colcon.colcon_core.shell:Creating environment hook '/home/cg-tuf/turtlebot4_flask/install/piper_no_gripper_moveit/share/piper_no_gripper_moveit/hook/cmake_prefix_path.sh'
[0.600s] Level 1:colcon.colcon_core.environment:checking '/home/cg-tuf/turtlebot4_flask/install/piper_no_gripper_moveit/bin'
[0.600s] Level 1:colcon.colcon_core.environment:checking '/home/cg-tuf/turtlebot4_flask/install/piper_no_gripper_moveit/lib/pkgconfig/piper_no_gripper_moveit.pc'
[0.600s] Level 1:colcon.colcon_core.environment:checking '/home/cg-tuf/turtlebot4_flask/install/piper_no_gripper_moveit/lib/python3.10/site-packages'
[0.600s] Level 1:colcon.colcon_core.environment:checking '/home/cg-tuf/turtlebot4_flask/install/piper_no_gripper_moveit/bin'
[0.600s] INFO:colcon.colcon_core.shell:Creating package script '/home/cg-tuf/turtlebot4_flask/install/piper_no_gripper_moveit/share/piper_no_gripper_moveit/package.ps1'
[0.601s] INFO:colcon.colcon_core.shell:Creating package descriptor '/home/cg-tuf/turtlebot4_flask/install/piper_no_gripper_moveit/share/piper_no_gripper_moveit/package.dsv'
[0.601s] INFO:colcon.colcon_core.shell:Creating package script '/home/cg-tuf/turtlebot4_flask/install/piper_no_gripper_moveit/share/piper_no_gripper_moveit/package.sh'
[0.602s] INFO:colcon.colcon_core.shell:Creating package script '/home/cg-tuf/turtlebot4_flask/install/piper_no_gripper_moveit/share/piper_no_gripper_moveit/package.bash'
[0.602s] INFO:colcon.colcon_core.shell:Creating package script '/home/cg-tuf/turtlebot4_flask/install/piper_no_gripper_moveit/share/piper_no_gripper_moveit/package.zsh'
[0.602s] Level 1:colcon.colcon_core.environment:create_file_with_runtime_dependencies(/home/cg-tuf/turtlebot4_flask/install/piper_no_gripper_moveit/share/colcon-core/packages/piper_no_gripper_moveit)
[0.602s] Level 1:colcon.colcon_core.environment:create_environment_scripts_only(piper_no_gripper_moveit)
[0.602s] Level 1:colcon.colcon_core.environment:checking '/home/cg-tuf/turtlebot4_flask/install/piper_no_gripper_moveit' for CMake module files
[0.603s] Level 1:colcon.colcon_core.environment:checking '/home/cg-tuf/turtlebot4_flask/install/piper_no_gripper_moveit' for CMake config files
[0.603s] Level 1:colcon.colcon_core.shell:create_environment_hook('piper_no_gripper_moveit', 'cmake_prefix_path')
[0.603s] INFO:colcon.colcon_core.shell:Creating environment hook '/home/cg-tuf/turtlebot4_flask/install/piper_no_gripper_moveit/share/piper_no_gripper_moveit/hook/cmake_prefix_path.ps1'
[0.603s] INFO:colcon.colcon_core.shell:Creating environment descriptor '/home/cg-tuf/turtlebot4_flask/install/piper_no_gripper_moveit/share/piper_no_gripper_moveit/hook/cmake_prefix_path.dsv'
[0.604s] INFO:colcon.colcon_core.shell:Creating environment hook '/home/cg-tuf/turtlebot4_flask/install/piper_no_gripper_moveit/share/piper_no_gripper_moveit/hook/cmake_prefix_path.sh'
[0.604s] Level 1:colcon.colcon_core.environment:checking '/home/cg-tuf/turtlebot4_flask/install/piper_no_gripper_moveit/bin'
[0.604s] Level 1:colcon.colcon_core.environment:checking '/home/cg-tuf/turtlebot4_flask/install/piper_no_gripper_moveit/lib/pkgconfig/piper_no_gripper_moveit.pc'
[0.604s] Level 1:colcon.colcon_core.environment:checking '/home/cg-tuf/turtlebot4_flask/install/piper_no_gripper_moveit/lib/python3.10/site-packages'
[0.604s] Level 1:colcon.colcon_core.environment:checking '/home/cg-tuf/turtlebot4_flask/install/piper_no_gripper_moveit/bin'
[0.605s] INFO:colcon.colcon_core.shell:Creating package script '/home/cg-tuf/turtlebot4_flask/install/piper_no_gripper_moveit/share/piper_no_gripper_moveit/package.ps1'
[0.605s] INFO:colcon.colcon_core.shell:Creating package descriptor '/home/cg-tuf/turtlebot4_flask/install/piper_no_gripper_moveit/share/piper_no_gripper_moveit/package.dsv'
[0.605s] INFO:colcon.colcon_core.shell:Creating package script '/home/cg-tuf/turtlebot4_flask/install/piper_no_gripper_moveit/share/piper_no_gripper_moveit/package.sh'
[0.605s] INFO:colcon.colcon_core.shell:Creating package script '/home/cg-tuf/turtlebot4_flask/install/piper_no_gripper_moveit/share/piper_no_gripper_moveit/package.bash'
[0.606s] INFO:colcon.colcon_core.shell:Creating package script '/home/cg-tuf/turtlebot4_flask/install/piper_no_gripper_moveit/share/piper_no_gripper_moveit/package.zsh'
[0.606s] Level 1:colcon.colcon_core.environment:create_file_with_runtime_dependencies(/home/cg-tuf/turtlebot4_flask/install/piper_no_gripper_moveit/share/colcon-core/packages/piper_no_gripper_moveit)
[0.623s] Level 1:colcon.colcon_core.environment:create_environment_scripts_only(piper_msgs)
[0.623s] DEBUG:colcon.colcon_core.event_handler.log_command:Invoked command in '/home/cg-tuf/turtlebot4_flask/build/piper_msgs' returned '0': CMAKE_PREFIX_PATH=/opt/ros/humble /usr/bin/cmake --install /home/cg-tuf/turtlebot4_flask/build/piper_msgs
[0.623s] Level 1:colcon.colcon_core.environment:checking '/home/cg-tuf/turtlebot4_flask/install/piper_msgs' for CMake module files
[0.624s] Level 1:colcon.colcon_core.environment:checking '/home/cg-tuf/turtlebot4_flask/install/piper_msgs' for CMake config files
[0.625s] Level 1:colcon.colcon_core.shell:create_environment_hook('piper_msgs', 'cmake_prefix_path')
[0.625s] INFO:colcon.colcon_core.shell:Creating environment hook '/home/cg-tuf/turtlebot4_flask/install/piper_msgs/share/piper_msgs/hook/cmake_prefix_path.ps1'
[0.625s] INFO:colcon.colcon_core.shell:Creating environment descriptor '/home/cg-tuf/turtlebot4_flask/install/piper_msgs/share/piper_msgs/hook/cmake_prefix_path.dsv'
[0.625s] INFO:colcon.colcon_core.shell:Creating environment hook '/home/cg-tuf/turtlebot4_flask/install/piper_msgs/share/piper_msgs/hook/cmake_prefix_path.sh'
[0.626s] Level 1:colcon.colcon_core.environment:checking '/home/cg-tuf/turtlebot4_flask/install/piper_msgs/lib'
[0.626s] Level 1:colcon.colcon_core.shell:create_environment_hook('piper_msgs', 'ld_library_path_lib')
[0.626s] INFO:colcon.colcon_core.shell:Creating environment hook '/home/cg-tuf/turtlebot4_flask/install/piper_msgs/share/piper_msgs/hook/ld_library_path_lib.ps1'
[0.626s] INFO:colcon.colcon_core.shell:Creating environment descriptor '/home/cg-tuf/turtlebot4_flask/install/piper_msgs/share/piper_msgs/hook/ld_library_path_lib.dsv'
[0.626s] INFO:colcon.colcon_core.shell:Creating environment hook '/home/cg-tuf/turtlebot4_flask/install/piper_msgs/share/piper_msgs/hook/ld_library_path_lib.sh'
[0.627s] Level 1:colcon.colcon_core.environment:checking '/home/cg-tuf/turtlebot4_flask/install/piper_msgs/bin'
[0.627s] Level 1:colcon.colcon_core.environment:checking '/home/cg-tuf/turtlebot4_flask/install/piper_msgs/lib/pkgconfig/piper_msgs.pc'
[0.627s] Level 1:colcon.colcon_core.environment:checking '/home/cg-tuf/turtlebot4_flask/install/piper_msgs/lib/python3.10/site-packages'
[0.627s] Level 1:colcon.colcon_core.environment:checking '/home/cg-tuf/turtlebot4_flask/install/piper_msgs/bin'
[0.627s] INFO:colcon.colcon_core.shell:Creating package script '/home/cg-tuf/turtlebot4_flask/install/piper_msgs/share/piper_msgs/package.ps1'
[0.627s] INFO:colcon.colcon_core.shell:Creating package descriptor '/home/cg-tuf/turtlebot4_flask/install/piper_msgs/share/piper_msgs/package.dsv'
[0.627s] INFO:colcon.colcon_core.shell:Creating package script '/home/cg-tuf/turtlebot4_flask/install/piper_msgs/share/piper_msgs/package.sh'
[0.628s] INFO:colcon.colcon_core.shell:Creating package script '/home/cg-tuf/turtlebot4_flask/install/piper_msgs/share/piper_msgs/package.bash'
[0.628s] INFO:colcon.colcon_core.shell:Creating package script '/home/cg-tuf/turtlebot4_flask/install/piper_msgs/share/piper_msgs/package.zsh'
[0.628s] Level 1:colcon.colcon_core.environment:create_file_with_runtime_dependencies(/home/cg-tuf/turtlebot4_flask/install/piper_msgs/share/colcon-core/packages/piper_msgs)
[0.628s] Level 1:colcon.colcon_core.environment:create_environment_scripts_only(piper_msgs)
[0.629s] Level 1:colcon.colcon_core.environment:checking '/home/cg-tuf/turtlebot4_flask/install/piper_msgs' for CMake module files
[0.629s] Level 1:colcon.colcon_core.environment:checking '/home/cg-tuf/turtlebot4_flask/install/piper_msgs' for CMake config files
[0.629s] Level 1:colcon.colcon_core.shell:create_environment_hook('piper_msgs', 'cmake_prefix_path')
[0.629s] INFO:colcon.colcon_core.shell:Creating environment hook '/home/cg-tuf/turtlebot4_flask/install/piper_msgs/share/piper_msgs/hook/cmake_prefix_path.ps1'
[0.629s] INFO:colcon.colcon_core.shell:Creating environment descriptor '/home/cg-tuf/turtlebot4_flask/install/piper_msgs/share/piper_msgs/hook/cmake_prefix_path.dsv'
[0.629s] INFO:colcon.colcon_core.shell:Creating environment hook '/home/cg-tuf/turtlebot4_flask/install/piper_msgs/share/piper_msgs/hook/cmake_prefix_path.sh'
[0.630s] Level 1:colcon.colcon_core.environment:checking '/home/cg-tuf/turtlebot4_flask/install/piper_msgs/lib'
[0.630s] Level 1:colcon.colcon_core.shell:create_environment_hook('piper_msgs', 'ld_library_path_lib')
[0.630s] INFO:colcon.colcon_core.shell:Creating environment hook '/home/cg-tuf/turtlebot4_flask/install/piper_msgs/share/piper_msgs/hook/ld_library_path_lib.ps1'
[0.630s] INFO:colcon.colcon_core.shell:Creating environment descriptor '/home/cg-tuf/turtlebot4_flask/install/piper_msgs/share/piper_msgs/hook/ld_library_path_lib.dsv'
[0.630s] INFO:colcon.colcon_core.shell:Creating environment hook '/home/cg-tuf/turtlebot4_flask/install/piper_msgs/share/piper_msgs/hook/ld_library_path_lib.sh'
[0.631s] Level 1:colcon.colcon_core.environment:checking '/home/cg-tuf/turtlebot4_flask/install/piper_msgs/bin'
[0.631s] Level 1:colcon.colcon_core.environment:checking '/home/cg-tuf/turtlebot4_flask/install/piper_msgs/lib/pkgconfig/piper_msgs.pc'
[0.631s] Level 1:colcon.colcon_core.environment:checking '/home/cg-tuf/turtlebot4_flask/install/piper_msgs/lib/python3.10/site-packages'
[0.631s] Level 1:colcon.colcon_core.environment:checking '/home/cg-tuf/turtlebot4_flask/install/piper_msgs/bin'
[0.631s] INFO:colcon.colcon_core.shell:Creating package script '/home/cg-tuf/turtlebot4_flask/install/piper_msgs/share/piper_msgs/package.ps1'
[0.631s] INFO:colcon.colcon_core.shell:Creating package descriptor '/home/cg-tuf/turtlebot4_flask/install/piper_msgs/share/piper_msgs/package.dsv'
[0.632s] INFO:colcon.colcon_core.shell:Creating package script '/home/cg-tuf/turtlebot4_flask/install/piper_msgs/share/piper_msgs/package.sh'
[0.632s] INFO:colcon.colcon_core.shell:Creating package script '/home/cg-tuf/turtlebot4_flask/install/piper_msgs/share/piper_msgs/package.bash'
[0.632s] INFO:colcon.colcon_core.shell:Creating package script '/home/cg-tuf/turtlebot4_flask/install/piper_msgs/share/piper_msgs/package.zsh'
[0.632s] Level 1:colcon.colcon_core.environment:create_file_with_runtime_dependencies(/home/cg-tuf/turtlebot4_flask/install/piper_msgs/share/colcon-core/packages/piper_msgs)
[0.632s] INFO:colcon.colcon_ros.task.ament_cmake.build:Building ROS package in '/home/cg-tuf/turtlebot4_flask/piper_ws/src/Piper_ros/src/flask_ui' with build type 'ament_cmake'
[0.633s] INFO:colcon.colcon_cmake.task.cmake.build:Building CMake package in '/home/cg-tuf/turtlebot4_flask/piper_ws/src/Piper_ros/src/flask_ui'
[0.633s] INFO:colcon.colcon_core.shell:Skip shell extension 'powershell' for command environment: Not usable outside of PowerShell
[0.633s] DEBUG:colcon.colcon_core.shell:Skip shell extension 'dsv' for command environment
[0.645s] DEBUG:colcon.colcon_core.event_handler.log_command:Invoking command in '/home/cg-tuf/turtlebot4_flask/build/flask_ui': AMENT_PREFIX_PATH=/home/cg-tuf/turtlebot4_flask/install/piper_msgs:${AMENT_PREFIX_PATH} CMAKE_PREFIX_PATH=/home/cg-tuf/turtlebot4_flask/install/piper_msgs:/opt/ros/humble LD_LIBRARY_PATH=/home/cg-tuf/turtlebot4_flask/install/piper_msgs/lib:${LD_LIBRARY_PATH} PYTHONPATH=/home/cg-tuf/turtlebot4_flask/install/piper_msgs/local/lib/python3.10/dist-packages:${PYTHONPATH} /usr/bin/cmake --build /home/cg-tuf/turtlebot4_flask/build/flask_ui -- -j16 -l16
[0.705s] DEBUG:colcon.colcon_core.event_handler.log_command:Invoked command in '/home/cg-tuf/turtlebot4_flask/build/flask_ui' returned '0': AMENT_PREFIX_PATH=/home/cg-tuf/turtlebot4_flask/install/piper_msgs:${AMENT_PREFIX_PATH} CMAKE_PREFIX_PATH=/home/cg-tuf/turtlebot4_flask/install/piper_msgs:/opt/ros/humble LD_LIBRARY_PATH=/home/cg-tuf/turtlebot4_flask/install/piper_msgs/lib:${LD_LIBRARY_PATH} PYTHONPATH=/home/cg-tuf/turtlebot4_flask/install/piper_msgs/local/lib/python3.10/dist-packages:${PYTHONPATH} /usr/bin/cmake --build /home/cg-tuf/turtlebot4_flask/build/flask_ui -- -j16 -l16
[0.708s] DEBUG:colcon.colcon_core.event_handler.log_command:Invoking command in '/home/cg-tuf/turtlebot4_flask/build/flask_ui': AMENT_PREFIX_PATH=/home/cg-tuf/turtlebot4_flask/install/piper_msgs:${AMENT_PREFIX_PATH} CMAKE_PREFIX_PATH=/home/cg-tuf/turtlebot4_flask/install/piper_msgs:/opt/ros/humble LD_LIBRARY_PATH=/home/cg-tuf/turtlebot4_flask/install/piper_msgs/lib:${LD_LIBRARY_PATH} PYTHONPATH=/home/cg-tuf/turtlebot4_flask/install/piper_msgs/local/lib/python3.10/dist-packages:${PYTHONPATH} /usr/bin/cmake --install /home/cg-tuf/turtlebot4_flask/build/flask_ui
[0.725s] Level 1:colcon.colcon_core.environment:create_environment_scripts_only(flask_ui)
[0.726s] Level 1:colcon.colcon_core.environment:checking '/home/cg-tuf/turtlebot4_flask/install/flask_ui' for CMake module files
[0.727s] DEBUG:colcon.colcon_core.event_handler.log_command:Invoked command in '/home/cg-tuf/turtlebot4_flask/build/flask_ui' returned '0': AMENT_PREFIX_PATH=/home/cg-tuf/turtlebot4_flask/install/piper_msgs:${AMENT_PREFIX_PATH} CMAKE_PREFIX_PATH=/home/cg-tuf/turtlebot4_flask/install/piper_msgs:/opt/ros/humble LD_LIBRARY_PATH=/home/cg-tuf/turtlebot4_flask/install/piper_msgs/lib:${LD_LIBRARY_PATH} PYTHONPATH=/home/cg-tuf/turtlebot4_flask/install/piper_msgs/local/lib/python3.10/dist-packages:${PYTHONPATH} /usr/bin/cmake --install /home/cg-tuf/turtlebot4_flask/build/flask_ui
[0.727s] Level 1:colcon.colcon_core.environment:checking '/home/cg-tuf/turtlebot4_flask/install/flask_ui' for CMake config files
[0.727s] Level 1:colcon.colcon_core.shell:create_environment_hook('flask_ui', 'cmake_prefix_path')
[0.728s] INFO:colcon.colcon_core.shell:Creating environment hook '/home/cg-tuf/turtlebot4_flask/install/flask_ui/share/flask_ui/hook/cmake_prefix_path.ps1'
[0.728s] INFO:colcon.colcon_core.shell:Creating environment descriptor '/home/cg-tuf/turtlebot4_flask/install/flask_ui/share/flask_ui/hook/cmake_prefix_path.dsv'
[0.728s] INFO:colcon.colcon_core.shell:Creating environment hook '/home/cg-tuf/turtlebot4_flask/install/flask_ui/share/flask_ui/hook/cmake_prefix_path.sh'
[0.729s] Level 1:colcon.colcon_core.environment:checking '/home/cg-tuf/turtlebot4_flask/install/flask_ui/lib'
[0.729s] Level 1:colcon.colcon_core.environment:checking '/home/cg-tuf/turtlebot4_flask/install/flask_ui/bin'
[0.729s] Level 1:colcon.colcon_core.environment:checking '/home/cg-tuf/turtlebot4_flask/install/flask_ui/lib/pkgconfig/flask_ui.pc'
[0.729s] Level 1:colcon.colcon_core.environment:checking '/home/cg-tuf/turtlebot4_flask/install/flask_ui/lib/python3.10/site-packages'
[0.729s] Level 1:colcon.colcon_core.environment:checking '/home/cg-tuf/turtlebot4_flask/install/flask_ui/bin'
[0.729s] INFO:colcon.colcon_core.shell:Creating package script '/home/cg-tuf/turtlebot4_flask/install/flask_ui/share/flask_ui/package.ps1'
[0.730s] INFO:colcon.colcon_core.shell:Creating package descriptor '/home/cg-tuf/turtlebot4_flask/install/flask_ui/share/flask_ui/package.dsv'
[0.730s] INFO:colcon.colcon_core.shell:Creating package script '/home/cg-tuf/turtlebot4_flask/install/flask_ui/share/flask_ui/package.sh'
[0.731s] INFO:colcon.colcon_core.shell:Creating package script '/home/cg-tuf/turtlebot4_flask/install/flask_ui/share/flask_ui/package.bash'
[0.731s] INFO:colcon.colcon_core.shell:Creating package script '/home/cg-tuf/turtlebot4_flask/install/flask_ui/share/flask_ui/package.zsh'
[0.731s] Level 1:colcon.colcon_core.environment:create_file_with_runtime_dependencies(/home/cg-tuf/turtlebot4_flask/install/flask_ui/share/colcon-core/packages/flask_ui)
[0.732s] Level 1:colcon.colcon_core.environment:create_environment_scripts_only(flask_ui)
[0.732s] Level 1:colcon.colcon_core.environment:checking '/home/cg-tuf/turtlebot4_flask/install/flask_ui' for CMake module files
[0.733s] Level 1:colcon.colcon_core.environment:checking '/home/cg-tuf/turtlebot4_flask/install/flask_ui' for CMake config files
[0.733s] Level 1:colcon.colcon_core.shell:create_environment_hook('flask_ui', 'cmake_prefix_path')
[0.733s] INFO:colcon.colcon_core.shell:Creating environment hook '/home/cg-tuf/turtlebot4_flask/install/flask_ui/share/flask_ui/hook/cmake_prefix_path.ps1'
[0.734s] INFO:colcon.colcon_core.shell:Creating environment descriptor '/home/cg-tuf/turtlebot4_flask/install/flask_ui/share/flask_ui/hook/cmake_prefix_path.dsv'
[0.734s] INFO:colcon.colcon_core.shell:Creating environment hook '/home/cg-tuf/turtlebot4_flask/install/flask_ui/share/flask_ui/hook/cmake_prefix_path.sh'
[0.734s] Level 1:colcon.colcon_core.environment:checking '/home/cg-tuf/turtlebot4_flask/install/flask_ui/lib'
[0.734s] Level 1:colcon.colcon_core.environment:checking '/home/cg-tuf/turtlebot4_flask/install/flask_ui/bin'
[0.734s] Level 1:colcon.colcon_core.environment:checking '/home/cg-tuf/turtlebot4_flask/install/flask_ui/lib/pkgconfig/flask_ui.pc'
[0.735s] Level 1:colcon.colcon_core.environment:checking '/home/cg-tuf/turtlebot4_flask/install/flask_ui/lib/python3.10/site-packages'
[0.735s] Level 1:colcon.colcon_core.environment:checking '/home/cg-tuf/turtlebot4_flask/install/flask_ui/bin'
[0.735s] INFO:colcon.colcon_core.shell:Creating package script '/home/cg-tuf/turtlebot4_flask/install/flask_ui/share/flask_ui/package.ps1'
[0.736s] INFO:colcon.colcon_core.shell:Creating package descriptor '/home/cg-tuf/turtlebot4_flask/install/flask_ui/share/flask_ui/package.dsv'
[0.736s] INFO:colcon.colcon_core.shell:Creating package script '/home/cg-tuf/turtlebot4_flask/install/flask_ui/share/flask_ui/package.sh'
[0.737s] INFO:colcon.colcon_core.shell:Creating package script '/home/cg-tuf/turtlebot4_flask/install/flask_ui/share/flask_ui/package.bash'
[0.737s] INFO:colcon.colcon_core.shell:Creating package script '/home/cg-tuf/turtlebot4_flask/install/flask_ui/share/flask_ui/package.zsh'
[0.738s] Level 1:colcon.colcon_core.environment:create_file_with_runtime_dependencies(/home/cg-tuf/turtlebot4_flask/install/flask_ui/share/colcon-core/packages/flask_ui)
[0.858s] DEBUG:colcon.colcon_core.event_handler.log_command:Invoking command in '/home/cg-tuf/turtlebot4_flask/piper_ws/src/Piper_ros/src/piper': PYTHONPATH=/home/cg-tuf/turtlebot4_flask/build/piper/prefix_override:/usr/lib/python3/dist-packages/colcon_core/task/python/colcon_distutils_commands:/home/cg-tuf/turtlebot4_flask/install/piper/lib/python3.10/site-packages:${PYTHONPATH} /usr/bin/python3 -W ignore:setup.py install is deprecated -W ignore:easy_install command is deprecated setup.py egg_info --egg-base ../../../../../build/piper build --build-base /home/cg-tuf/turtlebot4_flask/build/piper/build install --record /home/cg-tuf/turtlebot4_flask/build/piper/install.log --single-version-externally-managed install_data
[1.100s] Level 1:colcon.colcon_core.environment:checking '/home/cg-tuf/turtlebot4_flask/install/piper' for CMake module files
[1.100s] DEBUG:colcon.colcon_core.event_handler.log_command:Invoked command in '/home/cg-tuf/turtlebot4_flask/piper_ws/src/Piper_ros/src/piper' returned '0': PYTHONPATH=/home/cg-tuf/turtlebot4_flask/build/piper/prefix_override:/usr/lib/python3/dist-packages/colcon_core/task/python/colcon_distutils_commands:/home/cg-tuf/turtlebot4_flask/install/piper/lib/python3.10/site-packages:${PYTHONPATH} /usr/bin/python3 -W ignore:setup.py install is deprecated -W ignore:easy_install command is deprecated setup.py egg_info --egg-base ../../../../../build/piper build --build-base /home/cg-tuf/turtlebot4_flask/build/piper/build install --record /home/cg-tuf/turtlebot4_flask/build/piper/install.log --single-version-externally-managed install_data
[1.101s] Level 1:colcon.colcon_core.environment:checking '/home/cg-tuf/turtlebot4_flask/install/piper' for CMake config files
[1.101s] Level 1:colcon.colcon_core.environment:checking '/home/cg-tuf/turtlebot4_flask/install/piper/lib'
[1.101s] Level 1:colcon.colcon_core.environment:checking '/home/cg-tuf/turtlebot4_flask/install/piper/bin'
[1.101s] Level 1:colcon.colcon_core.environment:checking '/home/cg-tuf/turtlebot4_flask/install/piper/lib/pkgconfig/piper.pc'
[1.102s] Level 1:colcon.colcon_core.environment:checking '/home/cg-tuf/turtlebot4_flask/install/piper/lib/python3.10/site-packages'
[1.102s] Level 1:colcon.colcon_core.shell:create_environment_hook('piper', 'pythonpath')
[1.102s] INFO:colcon.colcon_core.shell:Creating environment hook '/home/cg-tuf/turtlebot4_flask/install/piper/share/piper/hook/pythonpath.ps1'
[1.102s] INFO:colcon.colcon_core.shell:Creating environment descriptor '/home/cg-tuf/turtlebot4_flask/install/piper/share/piper/hook/pythonpath.dsv'
[1.103s] INFO:colcon.colcon_core.shell:Creating environment hook '/home/cg-tuf/turtlebot4_flask/install/piper/share/piper/hook/pythonpath.sh'
[1.103s] Level 1:colcon.colcon_core.environment:checking '/home/cg-tuf/turtlebot4_flask/install/piper/bin'
[1.103s] Level 1:colcon.colcon_core.environment:create_environment_scripts_only(piper)
[1.104s] INFO:colcon.colcon_core.shell:Creating package script '/home/cg-tuf/turtlebot4_flask/install/piper/share/piper/package.ps1'
[1.104s] INFO:colcon.colcon_core.shell:Creating package descriptor '/home/cg-tuf/turtlebot4_flask/install/piper/share/piper/package.dsv'
[1.104s] INFO:colcon.colcon_core.shell:Creating package script '/home/cg-tuf/turtlebot4_flask/install/piper/share/piper/package.sh'
[1.104s] INFO:colcon.colcon_core.shell:Creating package script '/home/cg-tuf/turtlebot4_flask/install/piper/share/piper/package.bash'
[1.105s] INFO:colcon.colcon_core.shell:Creating package script '/home/cg-tuf/turtlebot4_flask/install/piper/share/piper/package.zsh'
[1.105s] Level 1:colcon.colcon_core.environment:create_file_with_runtime_dependencies(/home/cg-tuf/turtlebot4_flask/install/piper/share/colcon-core/packages/piper)
[1.371s] DEBUG:colcon.colcon_core.event_handler.log_command:Invoked command in '/home/cg-tuf/turtlebot4_flask/build/jai_rosbridge' returned '0': CMAKE_PREFIX_PATH=/opt/ros/humble /usr/bin/cmake /home/cg-tuf/turtlebot4_flask/clientapp/instance/jai/jai_rosbridge -DCMAKE_INSTALL_PREFIX=/home/cg-tuf/turtlebot4_flask/install/jai_rosbridge
[1.373s] DEBUG:colcon.colcon_core.event_handler.log_command:Invoking command in '/home/cg-tuf/turtlebot4_flask/build/jai_rosbridge': CMAKE_PREFIX_PATH=/opt/ros/humble /usr/bin/cmake --build /home/cg-tuf/turtlebot4_flask/build/jai_rosbridge -- -j16 -l16
[1.666s] DEBUG:colcon.colcon_core.event_handler.log_command:Invoked command in '/home/cg-tuf/turtlebot4_flask/build/jai_rosbridge' returned '0': CMAKE_PREFIX_PATH=/opt/ros/humble /usr/bin/cmake --build /home/cg-tuf/turtlebot4_flask/build/jai_rosbridge -- -j16 -l16
[1.667s] DEBUG:colcon.colcon_core.event_handler.log_command:Invoking command in '/home/cg-tuf/turtlebot4_flask/build/jai_rosbridge': CMAKE_PREFIX_PATH=/opt/ros/humble /usr/bin/cmake --install /home/cg-tuf/turtlebot4_flask/build/jai_rosbridge
[1.713s] Level 1:colcon.colcon_core.environment:create_environment_scripts_only(jai_rosbridge)
[1.714s] Level 1:colcon.colcon_core.environment:checking '/home/cg-tuf/turtlebot4_flask/install/jai_rosbridge' for CMake module files
[1.715s] DEBUG:colcon.colcon_core.event_handler.log_command:Invoked command in '/home/cg-tuf/turtlebot4_flask/build/jai_rosbridge' returned '0': CMAKE_PREFIX_PATH=/opt/ros/humble /usr/bin/cmake --install /home/cg-tuf/turtlebot4_flask/build/jai_rosbridge
[1.715s] Level 1:colcon.colcon_core.environment:checking '/home/cg-tuf/turtlebot4_flask/install/jai_rosbridge' for CMake config files
[1.715s] Level 1:colcon.colcon_core.shell:create_environment_hook('jai_rosbridge', 'cmake_prefix_path')
[1.716s] INFO:colcon.colcon_core.shell:Creating environment hook '/home/cg-tuf/turtlebot4_flask/install/jai_rosbridge/share/jai_rosbridge/hook/cmake_prefix_path.ps1'
[1.716s] INFO:colcon.colcon_core.shell:Creating environment descriptor '/home/cg-tuf/turtlebot4_flask/install/jai_rosbridge/share/jai_rosbridge/hook/cmake_prefix_path.dsv'
[1.716s] INFO:colcon.colcon_core.shell:Creating environment hook '/home/cg-tuf/turtlebot4_flask/install/jai_rosbridge/share/jai_rosbridge/hook/cmake_prefix_path.sh'
[1.717s] Level 1:colcon.colcon_core.environment:checking '/home/cg-tuf/turtlebot4_flask/install/jai_rosbridge/lib'
[1.717s] Level 1:colcon.colcon_core.shell:create_environment_hook('jai_rosbridge', 'ld_library_path_lib')
[1.717s] INFO:colcon.colcon_core.shell:Creating environment hook '/home/cg-tuf/turtlebot4_flask/install/jai_rosbridge/share/jai_rosbridge/hook/ld_library_path_lib.ps1'
[1.717s] INFO:colcon.colcon_core.shell:Creating environment descriptor '/home/cg-tuf/turtlebot4_flask/install/jai_rosbridge/share/jai_rosbridge/hook/ld_library_path_lib.dsv'
[1.718s] INFO:colcon.colcon_core.shell:Creating environment hook '/home/cg-tuf/turtlebot4_flask/install/jai_rosbridge/share/jai_rosbridge/hook/ld_library_path_lib.sh'
[1.718s] Level 1:colcon.colcon_core.environment:checking '/home/cg-tuf/turtlebot4_flask/install/jai_rosbridge/bin'
[1.718s] Level 1:colcon.colcon_core.environment:checking '/home/cg-tuf/turtlebot4_flask/install/jai_rosbridge/lib/pkgconfig/jai_rosbridge.pc'
[1.718s] Level 1:colcon.colcon_core.environment:checking '/home/cg-tuf/turtlebot4_flask/install/jai_rosbridge/lib/python3.10/site-packages'
[1.718s] Level 1:colcon.colcon_core.environment:checking '/home/cg-tuf/turtlebot4_flask/install/jai_rosbridge/bin'
[1.719s] INFO:colcon.colcon_core.shell:Creating package script '/home/cg-tuf/turtlebot4_flask/install/jai_rosbridge/share/jai_rosbridge/package.ps1'
[1.719s] INFO:colcon.colcon_core.shell:Creating package descriptor '/home/cg-tuf/turtlebot4_flask/install/jai_rosbridge/share/jai_rosbridge/package.dsv'
[1.719s] INFO:colcon.colcon_core.shell:Creating package script '/home/cg-tuf/turtlebot4_flask/install/jai_rosbridge/share/jai_rosbridge/package.sh'
[1.720s] INFO:colcon.colcon_core.shell:Creating package script '/home/cg-tuf/turtlebot4_flask/install/jai_rosbridge/share/jai_rosbridge/package.bash'
[1.720s] INFO:colcon.colcon_core.shell:Creating package script '/home/cg-tuf/turtlebot4_flask/install/jai_rosbridge/share/jai_rosbridge/package.zsh'
[1.720s] Level 1:colcon.colcon_core.environment:create_file_with_runtime_dependencies(/home/cg-tuf/turtlebot4_flask/install/jai_rosbridge/share/colcon-core/packages/jai_rosbridge)
[1.721s] Level 1:colcon.colcon_core.environment:create_environment_scripts_only(jai_rosbridge)
[1.721s] Level 1:colcon.colcon_core.environment:checking '/home/cg-tuf/turtlebot4_flask/install/jai_rosbridge' for CMake module files
[1.721s] Level 1:colcon.colcon_core.environment:checking '/home/cg-tuf/turtlebot4_flask/install/jai_rosbridge' for CMake config files
[1.721s] Level 1:colcon.colcon_core.shell:create_environment_hook('jai_rosbridge', 'cmake_prefix_path')
[1.721s] INFO:colcon.colcon_core.shell:Creating environment hook '/home/cg-tuf/turtlebot4_flask/install/jai_rosbridge/share/jai_rosbridge/hook/cmake_prefix_path.ps1'
[1.722s] INFO:colcon.colcon_core.shell:Creating environment descriptor '/home/cg-tuf/turtlebot4_flask/install/jai_rosbridge/share/jai_rosbridge/hook/cmake_prefix_path.dsv'
[1.722s] INFO:colcon.colcon_core.shell:Creating environment hook '/home/cg-tuf/turtlebot4_flask/install/jai_rosbridge/share/jai_rosbridge/hook/cmake_prefix_path.sh'
[1.722s] Level 1:colcon.colcon_core.environment:checking '/home/cg-tuf/turtlebot4_flask/install/jai_rosbridge/lib'
[1.722s] Level 1:colcon.colcon_core.shell:create_environment_hook('jai_rosbridge', 'ld_library_path_lib')
[1.722s] INFO:colcon.colcon_core.shell:Creating environment hook '/home/cg-tuf/turtlebot4_flask/install/jai_rosbridge/share/jai_rosbridge/hook/ld_library_path_lib.ps1'
[1.722s] INFO:colcon.colcon_core.shell:Creating environment descriptor '/home/cg-tuf/turtlebot4_flask/install/jai_rosbridge/share/jai_rosbridge/hook/ld_library_path_lib.dsv'
[1.723s] INFO:colcon.colcon_core.shell:Creating environment hook '/home/cg-tuf/turtlebot4_flask/install/jai_rosbridge/share/jai_rosbridge/hook/ld_library_path_lib.sh'
[1.723s] Level 1:colcon.colcon_core.environment:checking '/home/cg-tuf/turtlebot4_flask/install/jai_rosbridge/bin'
[1.723s] Level 1:colcon.colcon_core.environment:checking '/home/cg-tuf/turtlebot4_flask/install/jai_rosbridge/lib/pkgconfig/jai_rosbridge.pc'
[1.723s] Level 1:colcon.colcon_core.environment:checking '/home/cg-tuf/turtlebot4_flask/install/jai_rosbridge/lib/python3.10/site-packages'
[1.723s] Level 1:colcon.colcon_core.environment:checking '/home/cg-tuf/turtlebot4_flask/install/jai_rosbridge/bin'
[1.723s] INFO:colcon.colcon_core.shell:Creating package script '/home/cg-tuf/turtlebot4_flask/install/jai_rosbridge/share/jai_rosbridge/package.ps1'
[1.723s] INFO:colcon.colcon_core.shell:Creating package descriptor '/home/cg-tuf/turtlebot4_flask/install/jai_rosbridge/share/jai_rosbridge/package.dsv'
[1.724s] INFO:colcon.colcon_core.shell:Creating package script '/home/cg-tuf/turtlebot4_flask/install/jai_rosbridge/share/jai_rosbridge/package.sh'
[1.724s] INFO:colcon.colcon_core.shell:Creating package script '/home/cg-tuf/turtlebot4_flask/install/jai_rosbridge/share/jai_rosbridge/package.bash'
[1.724s] INFO:colcon.colcon_core.shell:Creating package script '/home/cg-tuf/turtlebot4_flask/install/jai_rosbridge/share/jai_rosbridge/package.zsh'
[1.724s] Level 1:colcon.colcon_core.environment:create_file_with_runtime_dependencies(/home/cg-tuf/turtlebot4_flask/install/jai_rosbridge/share/colcon-core/packages/jai_rosbridge)
[1.725s] DEBUG:colcon.colcon_parallel_executor.executor.parallel:closing loop
[1.725s] DEBUG:colcon.colcon_parallel_executor.executor.parallel:loop closed
[1.725s] DEBUG:colcon.colcon_parallel_executor.executor.parallel:run_until_complete finished with '0'
[1.725s] DEBUG:colcon.colcon_core.event_reactor:joining thread
[1.730s] INFO:colcon.colcon_core.plugin_system:Skipping extension 'colcon_notification.desktop_notification.terminal_notifier': Not used on non-Darwin systems
[1.731s] INFO:colcon.colcon_core.plugin_system:Skipping extension 'colcon_notification.desktop_notification.win32': Not used on non-Windows systems
[1.731s] INFO:colcon.colcon_notification.desktop_notification:Sending desktop notification using 'notify2'
[1.744s] DEBUG:colcon.colcon_core.event_reactor:joined thread
[1.744s] INFO:colcon.colcon_core.shell:Creating prefix script '/home/cg-tuf/turtlebot4_flask/install/local_setup.ps1'
[1.745s] INFO:colcon.colcon_core.shell:Creating prefix util module '/home/cg-tuf/turtlebot4_flask/install/_local_setup_util_ps1.py'
[1.746s] INFO:colcon.colcon_core.shell:Creating prefix chain script '/home/cg-tuf/turtlebot4_flask/install/setup.ps1'
[1.747s] INFO:colcon.colcon_core.shell:Creating prefix script '/home/cg-tuf/turtlebot4_flask/install/local_setup.sh'
[1.747s] INFO:colcon.colcon_core.shell:Creating prefix util module '/home/cg-tuf/turtlebot4_flask/install/_local_setup_util_sh.py'
[1.748s] INFO:colcon.colcon_core.shell:Creating prefix chain script '/home/cg-tuf/turtlebot4_flask/install/setup.sh'
[1.748s] INFO:colcon.colcon_core.shell:Creating prefix script '/home/cg-tuf/turtlebot4_flask/install/local_setup.bash'
[1.749s] INFO:colcon.colcon_core.shell:Creating prefix chain script '/home/cg-tuf/turtlebot4_flask/install/setup.bash'
[1.749s] INFO:colcon.colcon_core.shell:Creating prefix script '/home/cg-tuf/turtlebot4_flask/install/local_setup.zsh'
[1.749s] INFO:colcon.colcon_core.shell:Creating prefix chain script '/home/cg-tuf/turtlebot4_flask/install/setup.zsh'
