[0.060s] DEBUG:colcon:Command line arguments: ['/usr/bin/colcon', 'build']
[0.060s] DEBUG:colcon:Parsed command line arguments: Namespace(log_base=None, log_level=None, verb_name='build', build_base='build', install_base='install', merge_install=False, symlink_install=False, test_result_base=None, continue_on_error=False, executor='parallel', parallel_workers=16, event_handlers=None, ignore_user_meta=False, metas=['./colcon.meta'], base_paths=['.'], packages_ignore=None, packages_ignore_regex=None, paths=None, packages_up_to=None, packages_up_to_regex=None, packages_above=None, packages_above_and_dependencies=None, packages_above_depth=None, packages_select_by_dep=None, packages_skip_by_dep=None, packages_skip_up_to=None, packages_select_build_failed=False, packages_skip_build_finished=False, packages_select_test_failures=False, packages_skip_test_passed=False, packages_select=None, packages_skip=None, packages_select_regex=None, packages_skip_regex=None, packages_start=None, packages_end=None, allow_overriding=[], cmake_args=None, cmake_target=None, cmake_target_skip_unavailable=False, cmake_clean_cache=False, cmake_clean_first=False, cmake_force_configure=False, ament_cmake_args=None, catkin_cmake_args=None, catkin_skip_building_tests=False, verb_parser=<colcon_defaults.argument_parser.defaults.DefaultArgumentsDecorator object at 0x74922f514be0>, verb_extension=<colcon_core.verb.build.BuildVerb object at 0x74922f5146a0>, main=<bound method BuildVerb.main of <colcon_core.verb.build.BuildVerb object at 0x74922f5146a0>>)
[0.159s] Level 1:colcon.colcon_core.package_discovery:discover_packages(colcon_meta) check parameters
[0.159s] Level 1:colcon.colcon_core.package_discovery:discover_packages(recursive) check parameters
[0.159s] Level 1:colcon.colcon_core.package_discovery:discover_packages(ignore) check parameters
[0.159s] Level 1:colcon.colcon_core.package_discovery:discover_packages(path) check parameters
[0.159s] Level 1:colcon.colcon_core.package_discovery:discover_packages(colcon_meta) discover
[0.160s] Level 1:colcon.colcon_core.package_discovery:discover_packages(recursive) discover
[0.160s] INFO:colcon.colcon_core.package_discovery:Crawling recursively for packages in '/home/cg-tuf/turtlebot4_flask'
[0.160s] Level 1:colcon.colcon_core.package_identification:_identify(.) by extensions ['ignore', 'ignore_ament_install']
[0.160s] Level 1:colcon.colcon_core.package_identification:_identify(.) by extension 'ignore'
[0.160s] Level 1:colcon.colcon_core.package_identification:_identify(.) by extension 'ignore_ament_install'
[0.160s] Level 1:colcon.colcon_core.package_identification:_identify(.) by extensions ['colcon_pkg']
[0.160s] Level 1:colcon.colcon_core.package_identification:_identify(.) by extension 'colcon_pkg'
[0.160s] Level 1:colcon.colcon_core.package_identification:_identify(.) by extensions ['colcon_meta']
[0.160s] Level 1:colcon.colcon_core.package_identification:_identify(.) by extension 'colcon_meta'
[0.160s] Level 1:colcon.colcon_core.package_identification:_identify(.) by extensions ['ros']
[0.160s] Level 1:colcon.colcon_core.package_identification:_identify(.) by extension 'ros'
[0.166s] Level 1:colcon.colcon_core.package_identification:_identify(.) by extensions ['cmake', 'python']
[0.166s] Level 1:colcon.colcon_core.package_identification:_identify(.) by extension 'cmake'
[0.166s] Level 1:colcon.colcon_core.package_identification:_identify(.) by extension 'python'
[0.166s] Level 1:colcon.colcon_core.package_identification:_identify(.) by extensions ['python_setup_py']
[0.166s] Level 1:colcon.colcon_core.package_identification:_identify(.) by extension 'python_setup_py'
[0.166s] Level 1:colcon.colcon_core.package_identification:_identify(build) by extensions ['ignore', 'ignore_ament_install']
[0.166s] Level 1:colcon.colcon_core.package_identification:_identify(build) by extension 'ignore'
[0.166s] Level 1:colcon.colcon_core.package_identification:_identify(build) ignored
[0.166s] Level 1:colcon.colcon_core.package_identification:_identify(clientapp) by extensions ['ignore', 'ignore_ament_install']
[0.166s] Level 1:colcon.colcon_core.package_identification:_identify(clientapp) by extension 'ignore'
[0.166s] Level 1:colcon.colcon_core.package_identification:_identify(clientapp) by extension 'ignore_ament_install'
[0.166s] Level 1:colcon.colcon_core.package_identification:_identify(clientapp) by extensions ['colcon_pkg']
[0.166s] Level 1:colcon.colcon_core.package_identification:_identify(clientapp) by extension 'colcon_pkg'
[0.166s] Level 1:colcon.colcon_core.package_identification:_identify(clientapp) by extensions ['colcon_meta']
[0.166s] Level 1:colcon.colcon_core.package_identification:_identify(clientapp) by extension 'colcon_meta'
[0.166s] Level 1:colcon.colcon_core.package_identification:_identify(clientapp) by extensions ['ros']
[0.166s] Level 1:colcon.colcon_core.package_identification:_identify(clientapp) by extension 'ros'
[0.166s] Level 1:colcon.colcon_core.package_identification:_identify(clientapp) by extensions ['cmake', 'python']
[0.166s] Level 1:colcon.colcon_core.package_identification:_identify(clientapp) by extension 'cmake'
[0.166s] Level 1:colcon.colcon_core.package_identification:_identify(clientapp) by extension 'python'
[0.166s] Level 1:colcon.colcon_core.package_identification:_identify(clientapp) by extensions ['python_setup_py']
[0.166s] Level 1:colcon.colcon_core.package_identification:_identify(clientapp) by extension 'python_setup_py'
[0.166s] Level 1:colcon.colcon_core.package_identification:_identify(clientapp/instance) by extensions ['ignore', 'ignore_ament_install']
[0.166s] Level 1:colcon.colcon_core.package_identification:_identify(clientapp/instance) by extension 'ignore'
[0.166s] Level 1:colcon.colcon_core.package_identification:_identify(clientapp/instance) by extension 'ignore_ament_install'
[0.166s] Level 1:colcon.colcon_core.package_identification:_identify(clientapp/instance) by extensions ['colcon_pkg']
[0.166s] Level 1:colcon.colcon_core.package_identification:_identify(clientapp/instance) by extension 'colcon_pkg'
[0.166s] Level 1:colcon.colcon_core.package_identification:_identify(clientapp/instance) by extensions ['colcon_meta']
[0.167s] Level 1:colcon.colcon_core.package_identification:_identify(clientapp/instance) by extension 'colcon_meta'
[0.167s] Level 1:colcon.colcon_core.package_identification:_identify(clientapp/instance) by extensions ['ros']
[0.167s] Level 1:colcon.colcon_core.package_identification:_identify(clientapp/instance) by extension 'ros'
[0.167s] Level 1:colcon.colcon_core.package_identification:_identify(clientapp/instance) by extensions ['cmake', 'python']
[0.167s] Level 1:colcon.colcon_core.package_identification:_identify(clientapp/instance) by extension 'cmake'
[0.167s] Level 1:colcon.colcon_core.package_identification:_identify(clientapp/instance) by extension 'python'
[0.167s] Level 1:colcon.colcon_core.package_identification:_identify(clientapp/instance) by extensions ['python_setup_py']
[0.167s] Level 1:colcon.colcon_core.package_identification:_identify(clientapp/instance) by extension 'python_setup_py'
[0.167s] Level 1:colcon.colcon_core.package_identification:_identify(clientapp/instance/capture) by extensions ['ignore', 'ignore_ament_install']
[0.167s] Level 1:colcon.colcon_core.package_identification:_identify(clientapp/instance/capture) by extension 'ignore'
[0.167s] Level 1:colcon.colcon_core.package_identification:_identify(clientapp/instance/capture) by extension 'ignore_ament_install'
[0.167s] Level 1:colcon.colcon_core.package_identification:_identify(clientapp/instance/capture) by extensions ['colcon_pkg']
[0.167s] Level 1:colcon.colcon_core.package_identification:_identify(clientapp/instance/capture) by extension 'colcon_pkg'
[0.167s] Level 1:colcon.colcon_core.package_identification:_identify(clientapp/instance/capture) by extensions ['colcon_meta']
[0.167s] Level 1:colcon.colcon_core.package_identification:_identify(clientapp/instance/capture) by extension 'colcon_meta'
[0.167s] Level 1:colcon.colcon_core.package_identification:_identify(clientapp/instance/capture) by extensions ['ros']
[0.167s] Level 1:colcon.colcon_core.package_identification:_identify(clientapp/instance/capture) by extension 'ros'
[0.167s] Level 1:colcon.colcon_core.package_identification:_identify(clientapp/instance/capture) by extensions ['cmake', 'python']
[0.167s] Level 1:colcon.colcon_core.package_identification:_identify(clientapp/instance/capture) by extension 'cmake'
[0.167s] Level 1:colcon.colcon_core.package_identification:_identify(clientapp/instance/capture) by extension 'python'
[0.167s] Level 1:colcon.colcon_core.package_identification:_identify(clientapp/instance/capture) by extensions ['python_setup_py']
[0.167s] Level 1:colcon.colcon_core.package_identification:_identify(clientapp/instance/capture) by extension 'python_setup_py'
[0.167s] Level 1:colcon.colcon_core.package_identification:_identify(clientapp/instance/dcs103e) by extensions ['ignore', 'ignore_ament_install']
[0.167s] Level 1:colcon.colcon_core.package_identification:_identify(clientapp/instance/dcs103e) by extension 'ignore'
[0.167s] Level 1:colcon.colcon_core.package_identification:_identify(clientapp/instance/dcs103e) by extension 'ignore_ament_install'
[0.167s] Level 1:colcon.colcon_core.package_identification:_identify(clientapp/instance/dcs103e) by extensions ['colcon_pkg']
[0.167s] Level 1:colcon.colcon_core.package_identification:_identify(clientapp/instance/dcs103e) by extension 'colcon_pkg'
[0.167s] Level 1:colcon.colcon_core.package_identification:_identify(clientapp/instance/dcs103e) by extensions ['colcon_meta']
[0.167s] Level 1:colcon.colcon_core.package_identification:_identify(clientapp/instance/dcs103e) by extension 'colcon_meta'
[0.167s] Level 1:colcon.colcon_core.package_identification:_identify(clientapp/instance/dcs103e) by extensions ['ros']
[0.167s] Level 1:colcon.colcon_core.package_identification:_identify(clientapp/instance/dcs103e) by extension 'ros'
[0.169s] DEBUG:colcon.colcon_core.package_identification:Package 'clientapp/instance/dcs103e' with type 'ros.ament_cmake' and name 'dcs103e_controller'
[0.169s] Level 1:colcon.colcon_core.package_identification:_identify(clientapp/instance/ell14) by extensions ['ignore', 'ignore_ament_install']
[0.169s] Level 1:colcon.colcon_core.package_identification:_identify(clientapp/instance/ell14) by extension 'ignore'
[0.169s] Level 1:colcon.colcon_core.package_identification:_identify(clientapp/instance/ell14) by extension 'ignore_ament_install'
[0.169s] Level 1:colcon.colcon_core.package_identification:_identify(clientapp/instance/ell14) by extensions ['colcon_pkg']
[0.169s] Level 1:colcon.colcon_core.package_identification:_identify(clientapp/instance/ell14) by extension 'colcon_pkg'
[0.169s] Level 1:colcon.colcon_core.package_identification:_identify(clientapp/instance/ell14) by extensions ['colcon_meta']
[0.169s] Level 1:colcon.colcon_core.package_identification:_identify(clientapp/instance/ell14) by extension 'colcon_meta'
[0.169s] Level 1:colcon.colcon_core.package_identification:_identify(clientapp/instance/ell14) by extensions ['ros']
[0.169s] Level 1:colcon.colcon_core.package_identification:_identify(clientapp/instance/ell14) by extension 'ros'
[0.169s] Level 1:colcon.colcon_core.package_identification:_identify(clientapp/instance/ell14) by extensions ['cmake', 'python']
[0.169s] Level 1:colcon.colcon_core.package_identification:_identify(clientapp/instance/ell14) by extension 'cmake'
[0.169s] Level 1:colcon.colcon_core.package_identification:_identify(clientapp/instance/ell14) by extension 'python'
[0.169s] Level 1:colcon.colcon_core.package_identification:_identify(clientapp/instance/ell14) by extensions ['python_setup_py']
[0.169s] Level 1:colcon.colcon_core.package_identification:_identify(clientapp/instance/ell14) by extension 'python_setup_py'
[0.169s] Level 1:colcon.colcon_core.package_identification:_identify(clientapp/instance/jai) by extensions ['ignore', 'ignore_ament_install']
[0.169s] Level 1:colcon.colcon_core.package_identification:_identify(clientapp/instance/jai) by extension 'ignore'
[0.169s] Level 1:colcon.colcon_core.package_identification:_identify(clientapp/instance/jai) by extension 'ignore_ament_install'
[0.169s] Level 1:colcon.colcon_core.package_identification:_identify(clientapp/instance/jai) by extensions ['colcon_pkg']
[0.169s] Level 1:colcon.colcon_core.package_identification:_identify(clientapp/instance/jai) by extension 'colcon_pkg'
[0.169s] Level 1:colcon.colcon_core.package_identification:_identify(clientapp/instance/jai) by extensions ['colcon_meta']
[0.169s] Level 1:colcon.colcon_core.package_identification:_identify(clientapp/instance/jai) by extension 'colcon_meta'
[0.169s] Level 1:colcon.colcon_core.package_identification:_identify(clientapp/instance/jai) by extensions ['ros']
[0.169s] Level 1:colcon.colcon_core.package_identification:_identify(clientapp/instance/jai) by extension 'ros'
[0.169s] Level 1:colcon.colcon_core.package_identification:_identify(clientapp/instance/jai) by extensions ['cmake', 'python']
[0.169s] Level 1:colcon.colcon_core.package_identification:_identify(clientapp/instance/jai) by extension 'cmake'
[0.169s] Level 1:colcon.colcon_core.package_identification:_identify(clientapp/instance/jai) by extension 'python'
[0.169s] Level 1:colcon.colcon_core.package_identification:_identify(clientapp/instance/jai) by extensions ['python_setup_py']
[0.169s] Level 1:colcon.colcon_core.package_identification:_identify(clientapp/instance/jai) by extension 'python_setup_py'
[0.169s] Level 1:colcon.colcon_core.package_identification:_identify(clientapp/instance/jai/jai_rosbridge) by extensions ['ignore', 'ignore_ament_install']
[0.169s] Level 1:colcon.colcon_core.package_identification:_identify(clientapp/instance/jai/jai_rosbridge) by extension 'ignore'
[0.169s] Level 1:colcon.colcon_core.package_identification:_identify(clientapp/instance/jai/jai_rosbridge) by extension 'ignore_ament_install'
[0.169s] Level 1:colcon.colcon_core.package_identification:_identify(clientapp/instance/jai/jai_rosbridge) by extensions ['colcon_pkg']
[0.169s] Level 1:colcon.colcon_core.package_identification:_identify(clientapp/instance/jai/jai_rosbridge) by extension 'colcon_pkg'
[0.169s] Level 1:colcon.colcon_core.package_identification:_identify(clientapp/instance/jai/jai_rosbridge) by extensions ['colcon_meta']
[0.169s] Level 1:colcon.colcon_core.package_identification:_identify(clientapp/instance/jai/jai_rosbridge) by extension 'colcon_meta'
[0.169s] Level 1:colcon.colcon_core.package_identification:_identify(clientapp/instance/jai/jai_rosbridge) by extensions ['ros']
[0.169s] Level 1:colcon.colcon_core.package_identification:_identify(clientapp/instance/jai/jai_rosbridge) by extension 'ros'
[0.170s] DEBUG:colcon.colcon_core.package_identification:Package 'clientapp/instance/jai/jai_rosbridge' with type 'ros.ament_cmake' and name 'jai_rosbridge'
[0.170s] Level 1:colcon.colcon_core.package_identification:_identify(clientapp/instance/jai/src) by extensions ['ignore', 'ignore_ament_install']
[0.170s] Level 1:colcon.colcon_core.package_identification:_identify(clientapp/instance/jai/src) by extension 'ignore'
[0.170s] Level 1:colcon.colcon_core.package_identification:_identify(clientapp/instance/jai/src) by extension 'ignore_ament_install'
[0.170s] Level 1:colcon.colcon_core.package_identification:_identify(clientapp/instance/jai/src) by extensions ['colcon_pkg']
[0.170s] Level 1:colcon.colcon_core.package_identification:_identify(clientapp/instance/jai/src) by extension 'colcon_pkg'
[0.170s] Level 1:colcon.colcon_core.package_identification:_identify(clientapp/instance/jai/src) by extensions ['colcon_meta']
[0.170s] Level 1:colcon.colcon_core.package_identification:_identify(clientapp/instance/jai/src) by extension 'colcon_meta'
[0.170s] Level 1:colcon.colcon_core.package_identification:_identify(clientapp/instance/jai/src) by extensions ['ros']
[0.170s] Level 1:colcon.colcon_core.package_identification:_identify(clientapp/instance/jai/src) by extension 'ros'
[0.170s] Level 1:colcon.colcon_core.package_identification:_identify(clientapp/instance/jai/src) by extensions ['cmake', 'python']
[0.170s] Level 1:colcon.colcon_core.package_identification:_identify(clientapp/instance/jai/src) by extension 'cmake'
[0.170s] Level 1:colcon.colcon_core.package_identification:_identify(clientapp/instance/jai/src) by extension 'python'
[0.170s] Level 1:colcon.colcon_core.package_identification:_identify(clientapp/instance/jai/src) by extensions ['python_setup_py']
[0.170s] Level 1:colcon.colcon_core.package_identification:_identify(clientapp/instance/jai/src) by extension 'python_setup_py'
[0.170s] Level 1:colcon.colcon_core.package_identification:_identify(clientapp/instance/jai/src/acquire) by extensions ['ignore', 'ignore_ament_install']
[0.170s] Level 1:colcon.colcon_core.package_identification:_identify(clientapp/instance/jai/src/acquire) by extension 'ignore'
[0.170s] Level 1:colcon.colcon_core.package_identification:_identify(clientapp/instance/jai/src/acquire) by extension 'ignore_ament_install'
[0.170s] Level 1:colcon.colcon_core.package_identification:_identify(clientapp/instance/jai/src/acquire) by extensions ['colcon_pkg']
[0.170s] Level 1:colcon.colcon_core.package_identification:_identify(clientapp/instance/jai/src/acquire) by extension 'colcon_pkg'
[0.170s] Level 1:colcon.colcon_core.package_identification:_identify(clientapp/instance/jai/src/acquire) by extensions ['colcon_meta']
[0.170s] Level 1:colcon.colcon_core.package_identification:_identify(clientapp/instance/jai/src/acquire) by extension 'colcon_meta'
[0.170s] Level 1:colcon.colcon_core.package_identification:_identify(clientapp/instance/jai/src/acquire) by extensions ['ros']
[0.170s] Level 1:colcon.colcon_core.package_identification:_identify(clientapp/instance/jai/src/acquire) by extension 'ros'
[0.171s] Level 1:colcon.colcon_core.package_identification:_identify(clientapp/instance/jai/src/acquire) by extensions ['cmake', 'python']
[0.171s] Level 1:colcon.colcon_core.package_identification:_identify(clientapp/instance/jai/src/acquire) by extension 'cmake'
[0.171s] Level 1:colcon.colcon_core.package_identification:_identify(clientapp/instance/jai/src/acquire) by extension 'python'
[0.171s] Level 1:colcon.colcon_core.package_identification:_identify(clientapp/instance/jai/src/acquire) by extensions ['python_setup_py']
[0.171s] Level 1:colcon.colcon_core.package_identification:_identify(clientapp/instance/jai/src/acquire) by extension 'python_setup_py'
[0.171s] Level 1:colcon.colcon_core.package_identification:_identify(clientapp/instance/jai/src/camera) by extensions ['ignore', 'ignore_ament_install']
[0.171s] Level 1:colcon.colcon_core.package_identification:_identify(clientapp/instance/jai/src/camera) by extension 'ignore'
[0.171s] Level 1:colcon.colcon_core.package_identification:_identify(clientapp/instance/jai/src/camera) by extension 'ignore_ament_install'
[0.171s] Level 1:colcon.colcon_core.package_identification:_identify(clientapp/instance/jai/src/camera) by extensions ['colcon_pkg']
[0.171s] Level 1:colcon.colcon_core.package_identification:_identify(clientapp/instance/jai/src/camera) by extension 'colcon_pkg'
[0.171s] Level 1:colcon.colcon_core.package_identification:_identify(clientapp/instance/jai/src/camera) by extensions ['colcon_meta']
[0.171s] Level 1:colcon.colcon_core.package_identification:_identify(clientapp/instance/jai/src/camera) by extension 'colcon_meta'
[0.171s] Level 1:colcon.colcon_core.package_identification:_identify(clientapp/instance/jai/src/camera) by extensions ['ros']
[0.171s] Level 1:colcon.colcon_core.package_identification:_identify(clientapp/instance/jai/src/camera) by extension 'ros'
[0.171s] Level 1:colcon.colcon_core.package_identification:_identify(clientapp/instance/jai/src/camera) by extensions ['cmake', 'python']
[0.171s] Level 1:colcon.colcon_core.package_identification:_identify(clientapp/instance/jai/src/camera) by extension 'cmake'
[0.171s] Level 1:colcon.colcon_core.package_identification:_identify(clientapp/instance/jai/src/camera) by extension 'python'
[0.171s] Level 1:colcon.colcon_core.package_identification:_identify(clientapp/instance/jai/src/camera) by extensions ['python_setup_py']
[0.171s] Level 1:colcon.colcon_core.package_identification:_identify(clientapp/instance/jai/src/camera) by extension 'python_setup_py'
[0.171s] Level 1:colcon.colcon_core.package_identification:_identify(clientapp/instance/jai/src/device) by extensions ['ignore', 'ignore_ament_install']
[0.171s] Level 1:colcon.colcon_core.package_identification:_identify(clientapp/instance/jai/src/device) by extension 'ignore'
[0.171s] Level 1:colcon.colcon_core.package_identification:_identify(clientapp/instance/jai/src/device) by extension 'ignore_ament_install'
[0.171s] Level 1:colcon.colcon_core.package_identification:_identify(clientapp/instance/jai/src/device) by extensions ['colcon_pkg']
[0.171s] Level 1:colcon.colcon_core.package_identification:_identify(clientapp/instance/jai/src/device) by extension 'colcon_pkg'
[0.171s] Level 1:colcon.colcon_core.package_identification:_identify(clientapp/instance/jai/src/device) by extensions ['colcon_meta']
[0.171s] Level 1:colcon.colcon_core.package_identification:_identify(clientapp/instance/jai/src/device) by extension 'colcon_meta'
[0.171s] Level 1:colcon.colcon_core.package_identification:_identify(clientapp/instance/jai/src/device) by extensions ['ros']
[0.171s] Level 1:colcon.colcon_core.package_identification:_identify(clientapp/instance/jai/src/device) by extension 'ros'
[0.171s] Level 1:colcon.colcon_core.package_identification:_identify(clientapp/instance/jai/src/device) by extensions ['cmake', 'python']
[0.171s] Level 1:colcon.colcon_core.package_identification:_identify(clientapp/instance/jai/src/device) by extension 'cmake'
[0.171s] Level 1:colcon.colcon_core.package_identification:_identify(clientapp/instance/jai/src/device) by extension 'python'
[0.171s] Level 1:colcon.colcon_core.package_identification:_identify(clientapp/instance/jai/src/device) by extensions ['python_setup_py']
[0.171s] Level 1:colcon.colcon_core.package_identification:_identify(clientapp/instance/jai/src/device) by extension 'python_setup_py'
[0.171s] Level 1:colcon.colcon_core.package_identification:_identify(clientapp/instance/jai/src/logger) by extensions ['ignore', 'ignore_ament_install']
[0.171s] Level 1:colcon.colcon_core.package_identification:_identify(clientapp/instance/jai/src/logger) by extension 'ignore'
[0.171s] Level 1:colcon.colcon_core.package_identification:_identify(clientapp/instance/jai/src/logger) by extension 'ignore_ament_install'
[0.171s] Level 1:colcon.colcon_core.package_identification:_identify(clientapp/instance/jai/src/logger) by extensions ['colcon_pkg']
[0.171s] Level 1:colcon.colcon_core.package_identification:_identify(clientapp/instance/jai/src/logger) by extension 'colcon_pkg'
[0.171s] Level 1:colcon.colcon_core.package_identification:_identify(clientapp/instance/jai/src/logger) by extensions ['colcon_meta']
[0.171s] Level 1:colcon.colcon_core.package_identification:_identify(clientapp/instance/jai/src/logger) by extension 'colcon_meta'
[0.171s] Level 1:colcon.colcon_core.package_identification:_identify(clientapp/instance/jai/src/logger) by extensions ['ros']
[0.171s] Level 1:colcon.colcon_core.package_identification:_identify(clientapp/instance/jai/src/logger) by extension 'ros'
[0.171s] Level 1:colcon.colcon_core.package_identification:_identify(clientapp/instance/jai/src/logger) by extensions ['cmake', 'python']
[0.171s] Level 1:colcon.colcon_core.package_identification:_identify(clientapp/instance/jai/src/logger) by extension 'cmake'
[0.171s] Level 1:colcon.colcon_core.package_identification:_identify(clientapp/instance/jai/src/logger) by extension 'python'
[0.171s] Level 1:colcon.colcon_core.package_identification:_identify(clientapp/instance/jai/src/logger) by extensions ['python_setup_py']
[0.171s] Level 1:colcon.colcon_core.package_identification:_identify(clientapp/instance/jai/src/logger) by extension 'python_setup_py'
[0.171s] Level 1:colcon.colcon_core.package_identification:_identify(clientapp/instance/jai/src/stream) by extensions ['ignore', 'ignore_ament_install']
[0.171s] Level 1:colcon.colcon_core.package_identification:_identify(clientapp/instance/jai/src/stream) by extension 'ignore'
[0.171s] Level 1:colcon.colcon_core.package_identification:_identify(clientapp/instance/jai/src/stream) by extension 'ignore_ament_install'
[0.172s] Level 1:colcon.colcon_core.package_identification:_identify(clientapp/instance/jai/src/stream) by extensions ['colcon_pkg']
[0.172s] Level 1:colcon.colcon_core.package_identification:_identify(clientapp/instance/jai/src/stream) by extension 'colcon_pkg'
[0.172s] Level 1:colcon.colcon_core.package_identification:_identify(clientapp/instance/jai/src/stream) by extensions ['colcon_meta']
[0.172s] Level 1:colcon.colcon_core.package_identification:_identify(clientapp/instance/jai/src/stream) by extension 'colcon_meta'
[0.172s] Level 1:colcon.colcon_core.package_identification:_identify(clientapp/instance/jai/src/stream) by extensions ['ros']
[0.172s] Level 1:colcon.colcon_core.package_identification:_identify(clientapp/instance/jai/src/stream) by extension 'ros'
[0.172s] Level 1:colcon.colcon_core.package_identification:_identify(clientapp/instance/jai/src/stream) by extensions ['cmake', 'python']
[0.172s] Level 1:colcon.colcon_core.package_identification:_identify(clientapp/instance/jai/src/stream) by extension 'cmake'
[0.172s] Level 1:colcon.colcon_core.package_identification:_identify(clientapp/instance/jai/src/stream) by extension 'python'
[0.172s] Level 1:colcon.colcon_core.package_identification:_identify(clientapp/instance/jai/src/stream) by extensions ['python_setup_py']
[0.172s] Level 1:colcon.colcon_core.package_identification:_identify(clientapp/instance/jai/src/stream) by extension 'python_setup_py'
[0.172s] Level 1:colcon.colcon_core.package_identification:_identify(clientapp/instance/jai_bridge) by extensions ['ignore', 'ignore_ament_install']
[0.172s] Level 1:colcon.colcon_core.package_identification:_identify(clientapp/instance/jai_bridge) by extension 'ignore'
[0.172s] Level 1:colcon.colcon_core.package_identification:_identify(clientapp/instance/jai_bridge) by extension 'ignore_ament_install'
[0.172s] Level 1:colcon.colcon_core.package_identification:_identify(clientapp/instance/jai_bridge) by extensions ['colcon_pkg']
[0.172s] Level 1:colcon.colcon_core.package_identification:_identify(clientapp/instance/jai_bridge) by extension 'colcon_pkg'
[0.172s] Level 1:colcon.colcon_core.package_identification:_identify(clientapp/instance/jai_bridge) by extensions ['colcon_meta']
[0.172s] Level 1:colcon.colcon_core.package_identification:_identify(clientapp/instance/jai_bridge) by extension 'colcon_meta'
[0.172s] Level 1:colcon.colcon_core.package_identification:_identify(clientapp/instance/jai_bridge) by extensions ['ros']
[0.172s] Level 1:colcon.colcon_core.package_identification:_identify(clientapp/instance/jai_bridge) by extension 'ros'
[0.172s] Level 1:colcon.colcon_core.package_identification:_identify(clientapp/instance/jai_bridge) by extensions ['cmake', 'python']
[0.172s] Level 1:colcon.colcon_core.package_identification:_identify(clientapp/instance/jai_bridge) by extension 'cmake'
[0.172s] Level 1:colcon.colcon_core.package_identification:_identify(clientapp/instance/jai_bridge) by extension 'python'
[0.172s] Level 1:colcon.colcon_core.package_identification:_identify(clientapp/instance/jai_bridge) by extensions ['python_setup_py']
[0.172s] Level 1:colcon.colcon_core.package_identification:_identify(clientapp/instance/jai_bridge) by extension 'python_setup_py'
[0.172s] Level 1:colcon.colcon_core.package_identification:_identify(clientapp/instance/jai_bridge/modules) by extensions ['ignore', 'ignore_ament_install']
[0.172s] Level 1:colcon.colcon_core.package_identification:_identify(clientapp/instance/jai_bridge/modules) by extension 'ignore'
[0.172s] Level 1:colcon.colcon_core.package_identification:_identify(clientapp/instance/jai_bridge/modules) by extension 'ignore_ament_install'
[0.172s] Level 1:colcon.colcon_core.package_identification:_identify(clientapp/instance/jai_bridge/modules) by extensions ['colcon_pkg']
[0.172s] Level 1:colcon.colcon_core.package_identification:_identify(clientapp/instance/jai_bridge/modules) by extension 'colcon_pkg'
[0.172s] Level 1:colcon.colcon_core.package_identification:_identify(clientapp/instance/jai_bridge/modules) by extensions ['colcon_meta']
[0.172s] Level 1:colcon.colcon_core.package_identification:_identify(clientapp/instance/jai_bridge/modules) by extension 'colcon_meta'
[0.172s] Level 1:colcon.colcon_core.package_identification:_identify(clientapp/instance/jai_bridge/modules) by extensions ['ros']
[0.172s] Level 1:colcon.colcon_core.package_identification:_identify(clientapp/instance/jai_bridge/modules) by extension 'ros'
[0.172s] Level 1:colcon.colcon_core.package_identification:_identify(clientapp/instance/jai_bridge/modules) by extensions ['cmake', 'python']
[0.172s] Level 1:colcon.colcon_core.package_identification:_identify(clientapp/instance/jai_bridge/modules) by extension 'cmake'
[0.172s] Level 1:colcon.colcon_core.package_identification:_identify(clientapp/instance/jai_bridge/modules) by extension 'python'
[0.172s] Level 1:colcon.colcon_core.package_identification:_identify(clientapp/instance/jai_bridge/modules) by extensions ['python_setup_py']
[0.172s] Level 1:colcon.colcon_core.package_identification:_identify(clientapp/instance/jai_bridge/modules) by extension 'python_setup_py'
[0.172s] Level 1:colcon.colcon_core.package_identification:_identify(clientapp/instance/laptop) by extensions ['ignore', 'ignore_ament_install']
[0.172s] Level 1:colcon.colcon_core.package_identification:_identify(clientapp/instance/laptop) by extension 'ignore'
[0.172s] Level 1:colcon.colcon_core.package_identification:_identify(clientapp/instance/laptop) by extension 'ignore_ament_install'
[0.172s] Level 1:colcon.colcon_core.package_identification:_identify(clientapp/instance/laptop) by extensions ['colcon_pkg']
[0.172s] Level 1:colcon.colcon_core.package_identification:_identify(clientapp/instance/laptop) by extension 'colcon_pkg'
[0.172s] Level 1:colcon.colcon_core.package_identification:_identify(clientapp/instance/laptop) by extensions ['colcon_meta']
[0.172s] Level 1:colcon.colcon_core.package_identification:_identify(clientapp/instance/laptop) by extension 'colcon_meta'
[0.172s] Level 1:colcon.colcon_core.package_identification:_identify(clientapp/instance/laptop) by extensions ['ros']
[0.172s] Level 1:colcon.colcon_core.package_identification:_identify(clientapp/instance/laptop) by extension 'ros'
[0.172s] Level 1:colcon.colcon_core.package_identification:_identify(clientapp/instance/laptop) by extensions ['cmake', 'python']
[0.172s] Level 1:colcon.colcon_core.package_identification:_identify(clientapp/instance/laptop) by extension 'cmake'
[0.172s] Level 1:colcon.colcon_core.package_identification:_identify(clientapp/instance/laptop) by extension 'python'
[0.172s] Level 1:colcon.colcon_core.package_identification:_identify(clientapp/instance/laptop) by extensions ['python_setup_py']
[0.172s] Level 1:colcon.colcon_core.package_identification:_identify(clientapp/instance/laptop) by extension 'python_setup_py'
[0.173s] Level 1:colcon.colcon_core.package_identification:_identify(clientapp/instance/logger) by extensions ['ignore', 'ignore_ament_install']
[0.173s] Level 1:colcon.colcon_core.package_identification:_identify(clientapp/instance/logger) by extension 'ignore'
[0.173s] Level 1:colcon.colcon_core.package_identification:_identify(clientapp/instance/logger) by extension 'ignore_ament_install'
[0.173s] Level 1:colcon.colcon_core.package_identification:_identify(clientapp/instance/logger) by extensions ['colcon_pkg']
[0.173s] Level 1:colcon.colcon_core.package_identification:_identify(clientapp/instance/logger) by extension 'colcon_pkg'
[0.173s] Level 1:colcon.colcon_core.package_identification:_identify(clientapp/instance/logger) by extensions ['colcon_meta']
[0.173s] Level 1:colcon.colcon_core.package_identification:_identify(clientapp/instance/logger) by extension 'colcon_meta'
[0.173s] Level 1:colcon.colcon_core.package_identification:_identify(clientapp/instance/logger) by extensions ['ros']
[0.173s] Level 1:colcon.colcon_core.package_identification:_identify(clientapp/instance/logger) by extension 'ros'
[0.173s] Level 1:colcon.colcon_core.package_identification:_identify(clientapp/instance/logger) by extensions ['cmake', 'python']
[0.173s] Level 1:colcon.colcon_core.package_identification:_identify(clientapp/instance/logger) by extension 'cmake'
[0.173s] Level 1:colcon.colcon_core.package_identification:_identify(clientapp/instance/logger) by extension 'python'
[0.173s] Level 1:colcon.colcon_core.package_identification:_identify(clientapp/instance/logger) by extensions ['python_setup_py']
[0.173s] Level 1:colcon.colcon_core.package_identification:_identify(clientapp/instance/logger) by extension 'python_setup_py'
[0.173s] Level 1:colcon.colcon_core.package_identification:_identify(clientapp/instance/lucid) by extensions ['ignore', 'ignore_ament_install']
[0.173s] Level 1:colcon.colcon_core.package_identification:_identify(clientapp/instance/lucid) by extension 'ignore'
[0.173s] Level 1:colcon.colcon_core.package_identification:_identify(clientapp/instance/lucid) by extension 'ignore_ament_install'
[0.173s] Level 1:colcon.colcon_core.package_identification:_identify(clientapp/instance/lucid) by extensions ['colcon_pkg']
[0.173s] Level 1:colcon.colcon_core.package_identification:_identify(clientapp/instance/lucid) by extension 'colcon_pkg'
[0.173s] Level 1:colcon.colcon_core.package_identification:_identify(clientapp/instance/lucid) by extensions ['colcon_meta']
[0.173s] Level 1:colcon.colcon_core.package_identification:_identify(clientapp/instance/lucid) by extension 'colcon_meta'
[0.173s] Level 1:colcon.colcon_core.package_identification:_identify(clientapp/instance/lucid) by extensions ['ros']
[0.173s] Level 1:colcon.colcon_core.package_identification:_identify(clientapp/instance/lucid) by extension 'ros'
[0.173s] Level 1:colcon.colcon_core.package_identification:_identify(clientapp/instance/lucid) by extensions ['cmake', 'python']
[0.173s] Level 1:colcon.colcon_core.package_identification:_identify(clientapp/instance/lucid) by extension 'cmake'
[0.173s] Level 1:colcon.colcon_core.package_identification:_identify(clientapp/instance/lucid) by extension 'python'
[0.173s] Level 1:colcon.colcon_core.package_identification:_identify(clientapp/instance/lucid) by extensions ['python_setup_py']
[0.173s] Level 1:colcon.colcon_core.package_identification:_identify(clientapp/instance/lucid) by extension 'python_setup_py'
[0.173s] Level 1:colcon.colcon_core.package_identification:_identify(clientapp/instance/lucid/sensors) by extensions ['ignore', 'ignore_ament_install']
[0.173s] Level 1:colcon.colcon_core.package_identification:_identify(clientapp/instance/lucid/sensors) by extension 'ignore'
[0.173s] Level 1:colcon.colcon_core.package_identification:_identify(clientapp/instance/lucid/sensors) by extension 'ignore_ament_install'
[0.173s] Level 1:colcon.colcon_core.package_identification:_identify(clientapp/instance/lucid/sensors) by extensions ['colcon_pkg']
[0.173s] Level 1:colcon.colcon_core.package_identification:_identify(clientapp/instance/lucid/sensors) by extension 'colcon_pkg'
[0.173s] Level 1:colcon.colcon_core.package_identification:_identify(clientapp/instance/lucid/sensors) by extensions ['colcon_meta']
[0.173s] Level 1:colcon.colcon_core.package_identification:_identify(clientapp/instance/lucid/sensors) by extension 'colcon_meta'
[0.173s] Level 1:colcon.colcon_core.package_identification:_identify(clientapp/instance/lucid/sensors) by extensions ['ros']
[0.173s] Level 1:colcon.colcon_core.package_identification:_identify(clientapp/instance/lucid/sensors) by extension 'ros'
[0.173s] Level 1:colcon.colcon_core.package_identification:_identify(clientapp/instance/lucid/sensors) by extensions ['cmake', 'python']
[0.173s] Level 1:colcon.colcon_core.package_identification:_identify(clientapp/instance/lucid/sensors) by extension 'cmake'
[0.173s] Level 1:colcon.colcon_core.package_identification:_identify(clientapp/instance/lucid/sensors) by extension 'python'
[0.173s] Level 1:colcon.colcon_core.package_identification:_identify(clientapp/instance/lucid/sensors) by extensions ['python_setup_py']
[0.173s] Level 1:colcon.colcon_core.package_identification:_identify(clientapp/instance/lucid/sensors) by extension 'python_setup_py'
[0.173s] Level 1:colcon.colcon_core.package_identification:_identify(clientapp/instance/lucid/sensors/cameras) by extensions ['ignore', 'ignore_ament_install']
[0.173s] Level 1:colcon.colcon_core.package_identification:_identify(clientapp/instance/lucid/sensors/cameras) by extension 'ignore'
[0.173s] Level 1:colcon.colcon_core.package_identification:_identify(clientapp/instance/lucid/sensors/cameras) by extension 'ignore_ament_install'
[0.173s] Level 1:colcon.colcon_core.package_identification:_identify(clientapp/instance/lucid/sensors/cameras) by extensions ['colcon_pkg']
[0.174s] Level 1:colcon.colcon_core.package_identification:_identify(clientapp/instance/lucid/sensors/cameras) by extension 'colcon_pkg'
[0.174s] Level 1:colcon.colcon_core.package_identification:_identify(clientapp/instance/lucid/sensors/cameras) by extensions ['colcon_meta']
[0.174s] Level 1:colcon.colcon_core.package_identification:_identify(clientapp/instance/lucid/sensors/cameras) by extension 'colcon_meta'
[0.174s] Level 1:colcon.colcon_core.package_identification:_identify(clientapp/instance/lucid/sensors/cameras) by extensions ['ros']
[0.174s] Level 1:colcon.colcon_core.package_identification:_identify(clientapp/instance/lucid/sensors/cameras) by extension 'ros'
[0.174s] Level 1:colcon.colcon_core.package_identification:_identify(clientapp/instance/lucid/sensors/cameras) by extensions ['cmake', 'python']
[0.174s] Level 1:colcon.colcon_core.package_identification:_identify(clientapp/instance/lucid/sensors/cameras) by extension 'cmake'
[0.174s] Level 1:colcon.colcon_core.package_identification:_identify(clientapp/instance/lucid/sensors/cameras) by extension 'python'
[0.174s] Level 1:colcon.colcon_core.package_identification:_identify(clientapp/instance/lucid/sensors/cameras) by extensions ['python_setup_py']
[0.174s] Level 1:colcon.colcon_core.package_identification:_identify(clientapp/instance/lucid/sensors/cameras) by extension 'python_setup_py'
[0.174s] Level 1:colcon.colcon_core.package_identification:_identify(clientapp/instance/lucid/sensors/lidar) by extensions ['ignore', 'ignore_ament_install']
[0.174s] Level 1:colcon.colcon_core.package_identification:_identify(clientapp/instance/lucid/sensors/lidar) by extension 'ignore'
[0.174s] Level 1:colcon.colcon_core.package_identification:_identify(clientapp/instance/lucid/sensors/lidar) by extension 'ignore_ament_install'
[0.174s] Level 1:colcon.colcon_core.package_identification:_identify(clientapp/instance/lucid/sensors/lidar) by extensions ['colcon_pkg']
[0.174s] Level 1:colcon.colcon_core.package_identification:_identify(clientapp/instance/lucid/sensors/lidar) by extension 'colcon_pkg'
[0.174s] Level 1:colcon.colcon_core.package_identification:_identify(clientapp/instance/lucid/sensors/lidar) by extensions ['colcon_meta']
[0.174s] Level 1:colcon.colcon_core.package_identification:_identify(clientapp/instance/lucid/sensors/lidar) by extension 'colcon_meta'
[0.174s] Level 1:colcon.colcon_core.package_identification:_identify(clientapp/instance/lucid/sensors/lidar) by extensions ['ros']
[0.174s] Level 1:colcon.colcon_core.package_identification:_identify(clientapp/instance/lucid/sensors/lidar) by extension 'ros'
[0.174s] Level 1:colcon.colcon_core.package_identification:_identify(clientapp/instance/lucid/sensors/lidar) by extensions ['cmake', 'python']
[0.174s] Level 1:colcon.colcon_core.package_identification:_identify(clientapp/instance/lucid/sensors/lidar) by extension 'cmake'
[0.174s] Level 1:colcon.colcon_core.package_identification:_identify(clientapp/instance/lucid/sensors/lidar) by extension 'python'
[0.174s] Level 1:colcon.colcon_core.package_identification:_identify(clientapp/instance/lucid/sensors/lidar) by extensions ['python_setup_py']
[0.174s] Level 1:colcon.colcon_core.package_identification:_identify(clientapp/instance/lucid/sensors/lidar) by extension 'python_setup_py'
[0.174s] Level 1:colcon.colcon_core.package_identification:_identify(clientapp/instance/ouster_lidar) by extensions ['ignore', 'ignore_ament_install']
[0.174s] Level 1:colcon.colcon_core.package_identification:_identify(clientapp/instance/ouster_lidar) by extension 'ignore'
[0.174s] Level 1:colcon.colcon_core.package_identification:_identify(clientapp/instance/ouster_lidar) by extension 'ignore_ament_install'
[0.174s] Level 1:colcon.colcon_core.package_identification:_identify(clientapp/instance/ouster_lidar) by extensions ['colcon_pkg']
[0.174s] Level 1:colcon.colcon_core.package_identification:_identify(clientapp/instance/ouster_lidar) by extension 'colcon_pkg'
[0.174s] Level 1:colcon.colcon_core.package_identification:_identify(clientapp/instance/ouster_lidar) by extensions ['colcon_meta']
[0.174s] Level 1:colcon.colcon_core.package_identification:_identify(clientapp/instance/ouster_lidar) by extension 'colcon_meta'
[0.174s] Level 1:colcon.colcon_core.package_identification:_identify(clientapp/instance/ouster_lidar) by extensions ['ros']
[0.174s] Level 1:colcon.colcon_core.package_identification:_identify(clientapp/instance/ouster_lidar) by extension 'ros'
[0.174s] Level 1:colcon.colcon_core.package_identification:_identify(clientapp/instance/ouster_lidar) by extensions ['cmake', 'python']
[0.174s] Level 1:colcon.colcon_core.package_identification:_identify(clientapp/instance/ouster_lidar) by extension 'cmake'
[0.174s] Level 1:colcon.colcon_core.package_identification:_identify(clientapp/instance/ouster_lidar) by extension 'python'
[0.174s] Level 1:colcon.colcon_core.package_identification:_identify(clientapp/instance/ouster_lidar) by extensions ['python_setup_py']
[0.174s] Level 1:colcon.colcon_core.package_identification:_identify(clientapp/instance/ouster_lidar) by extension 'python_setup_py'
[0.174s] Level 1:colcon.colcon_core.package_identification:_identify(clientapp/instance/ranger) by extensions ['ignore', 'ignore_ament_install']
[0.174s] Level 1:colcon.colcon_core.package_identification:_identify(clientapp/instance/ranger) by extension 'ignore'
[0.174s] Level 1:colcon.colcon_core.package_identification:_identify(clientapp/instance/ranger) by extension 'ignore_ament_install'
[0.174s] Level 1:colcon.colcon_core.package_identification:_identify(clientapp/instance/ranger) by extensions ['colcon_pkg']
[0.174s] Level 1:colcon.colcon_core.package_identification:_identify(clientapp/instance/ranger) by extension 'colcon_pkg'
[0.174s] Level 1:colcon.colcon_core.package_identification:_identify(clientapp/instance/ranger) by extensions ['colcon_meta']
[0.174s] Level 1:colcon.colcon_core.package_identification:_identify(clientapp/instance/ranger) by extension 'colcon_meta'
[0.174s] Level 1:colcon.colcon_core.package_identification:_identify(clientapp/instance/ranger) by extensions ['ros']
[0.174s] Level 1:colcon.colcon_core.package_identification:_identify(clientapp/instance/ranger) by extension 'ros'
[0.174s] Level 1:colcon.colcon_core.package_identification:_identify(clientapp/instance/ranger) by extensions ['cmake', 'python']
[0.174s] Level 1:colcon.colcon_core.package_identification:_identify(clientapp/instance/ranger) by extension 'cmake'
[0.175s] Level 1:colcon.colcon_core.package_identification:_identify(clientapp/instance/ranger) by extension 'python'
[0.175s] Level 1:colcon.colcon_core.package_identification:_identify(clientapp/instance/ranger) by extensions ['python_setup_py']
[0.175s] Level 1:colcon.colcon_core.package_identification:_identify(clientapp/instance/ranger) by extension 'python_setup_py'
[0.175s] Level 1:colcon.colcon_core.package_identification:_identify(clientapp/instance/slam) by extensions ['ignore', 'ignore_ament_install']
[0.175s] Level 1:colcon.colcon_core.package_identification:_identify(clientapp/instance/slam) by extension 'ignore'
[0.175s] Level 1:colcon.colcon_core.package_identification:_identify(clientapp/instance/slam) by extension 'ignore_ament_install'
[0.175s] Level 1:colcon.colcon_core.package_identification:_identify(clientapp/instance/slam) by extensions ['colcon_pkg']
[0.175s] Level 1:colcon.colcon_core.package_identification:_identify(clientapp/instance/slam) by extension 'colcon_pkg'
[0.175s] Level 1:colcon.colcon_core.package_identification:_identify(clientapp/instance/slam) by extensions ['colcon_meta']
[0.175s] Level 1:colcon.colcon_core.package_identification:_identify(clientapp/instance/slam) by extension 'colcon_meta'
[0.175s] Level 1:colcon.colcon_core.package_identification:_identify(clientapp/instance/slam) by extensions ['ros']
[0.175s] Level 1:colcon.colcon_core.package_identification:_identify(clientapp/instance/slam) by extension 'ros'
[0.175s] Level 1:colcon.colcon_core.package_identification:_identify(clientapp/instance/slam) by extensions ['cmake', 'python']
[0.175s] Level 1:colcon.colcon_core.package_identification:_identify(clientapp/instance/slam) by extension 'cmake'
[0.175s] Level 1:colcon.colcon_core.package_identification:_identify(clientapp/instance/slam) by extension 'python'
[0.175s] Level 1:colcon.colcon_core.package_identification:_identify(clientapp/instance/slam) by extensions ['python_setup_py']
[0.175s] Level 1:colcon.colcon_core.package_identification:_identify(clientapp/instance/slam) by extension 'python_setup_py'
[0.175s] Level 1:colcon.colcon_core.package_identification:_identify(clientapp/nginx) by extensions ['ignore', 'ignore_ament_install']
[0.175s] Level 1:colcon.colcon_core.package_identification:_identify(clientapp/nginx) by extension 'ignore'
[0.175s] Level 1:colcon.colcon_core.package_identification:_identify(clientapp/nginx) by extension 'ignore_ament_install'
[0.175s] Level 1:colcon.colcon_core.package_identification:_identify(clientapp/nginx) by extensions ['colcon_pkg']
[0.175s] Level 1:colcon.colcon_core.package_identification:_identify(clientapp/nginx) by extension 'colcon_pkg'
[0.175s] Level 1:colcon.colcon_core.package_identification:_identify(clientapp/nginx) by extensions ['colcon_meta']
[0.175s] Level 1:colcon.colcon_core.package_identification:_identify(clientapp/nginx) by extension 'colcon_meta'
[0.175s] Level 1:colcon.colcon_core.package_identification:_identify(clientapp/nginx) by extensions ['ros']
[0.175s] Level 1:colcon.colcon_core.package_identification:_identify(clientapp/nginx) by extension 'ros'
[0.175s] Level 1:colcon.colcon_core.package_identification:_identify(clientapp/nginx) by extensions ['cmake', 'python']
[0.175s] Level 1:colcon.colcon_core.package_identification:_identify(clientapp/nginx) by extension 'cmake'
[0.175s] Level 1:colcon.colcon_core.package_identification:_identify(clientapp/nginx) by extension 'python'
[0.175s] Level 1:colcon.colcon_core.package_identification:_identify(clientapp/nginx) by extensions ['python_setup_py']
[0.175s] Level 1:colcon.colcon_core.package_identification:_identify(clientapp/nginx) by extension 'python_setup_py'
[0.175s] Level 1:colcon.colcon_core.package_identification:_identify(clientapp/nodes) by extensions ['ignore', 'ignore_ament_install']
[0.175s] Level 1:colcon.colcon_core.package_identification:_identify(clientapp/nodes) by extension 'ignore'
[0.175s] Level 1:colcon.colcon_core.package_identification:_identify(clientapp/nodes) by extension 'ignore_ament_install'
[0.175s] Level 1:colcon.colcon_core.package_identification:_identify(clientapp/nodes) by extensions ['colcon_pkg']
[0.175s] Level 1:colcon.colcon_core.package_identification:_identify(clientapp/nodes) by extension 'colcon_pkg'
[0.175s] Level 1:colcon.colcon_core.package_identification:_identify(clientapp/nodes) by extensions ['colcon_meta']
[0.175s] Level 1:colcon.colcon_core.package_identification:_identify(clientapp/nodes) by extension 'colcon_meta'
[0.175s] Level 1:colcon.colcon_core.package_identification:_identify(clientapp/nodes) by extensions ['ros']
[0.175s] Level 1:colcon.colcon_core.package_identification:_identify(clientapp/nodes) by extension 'ros'
[0.175s] Level 1:colcon.colcon_core.package_identification:_identify(clientapp/nodes) by extensions ['cmake', 'python']
[0.175s] Level 1:colcon.colcon_core.package_identification:_identify(clientapp/nodes) by extension 'cmake'
[0.175s] Level 1:colcon.colcon_core.package_identification:_identify(clientapp/nodes) by extension 'python'
[0.175s] Level 1:colcon.colcon_core.package_identification:_identify(clientapp/nodes) by extensions ['python_setup_py']
[0.175s] Level 1:colcon.colcon_core.package_identification:_identify(clientapp/nodes) by extension 'python_setup_py'
[0.175s] Level 1:colcon.colcon_core.package_identification:_identify(clientapp/public) by extensions ['ignore', 'ignore_ament_install']
[0.175s] Level 1:colcon.colcon_core.package_identification:_identify(clientapp/public) by extension 'ignore'
[0.175s] Level 1:colcon.colcon_core.package_identification:_identify(clientapp/public) by extension 'ignore_ament_install'
[0.175s] Level 1:colcon.colcon_core.package_identification:_identify(clientapp/public) by extensions ['colcon_pkg']
[0.175s] Level 1:colcon.colcon_core.package_identification:_identify(clientapp/public) by extension 'colcon_pkg'
[0.175s] Level 1:colcon.colcon_core.package_identification:_identify(clientapp/public) by extensions ['colcon_meta']
[0.175s] Level 1:colcon.colcon_core.package_identification:_identify(clientapp/public) by extension 'colcon_meta'
[0.175s] Level 1:colcon.colcon_core.package_identification:_identify(clientapp/public) by extensions ['ros']
[0.175s] Level 1:colcon.colcon_core.package_identification:_identify(clientapp/public) by extension 'ros'
[0.176s] Level 1:colcon.colcon_core.package_identification:_identify(clientapp/public) by extensions ['cmake', 'python']
[0.176s] Level 1:colcon.colcon_core.package_identification:_identify(clientapp/public) by extension 'cmake'
[0.176s] Level 1:colcon.colcon_core.package_identification:_identify(clientapp/public) by extension 'python'
[0.176s] Level 1:colcon.colcon_core.package_identification:_identify(clientapp/public) by extensions ['python_setup_py']
[0.176s] Level 1:colcon.colcon_core.package_identification:_identify(clientapp/public) by extension 'python_setup_py'
[0.176s] Level 1:colcon.colcon_core.package_identification:_identify(clientapp/share) by extensions ['ignore', 'ignore_ament_install']
[0.176s] Level 1:colcon.colcon_core.package_identification:_identify(clientapp/share) by extension 'ignore'
[0.176s] Level 1:colcon.colcon_core.package_identification:_identify(clientapp/share) by extension 'ignore_ament_install'
[0.176s] Level 1:colcon.colcon_core.package_identification:_identify(clientapp/share) by extensions ['colcon_pkg']
[0.176s] Level 1:colcon.colcon_core.package_identification:_identify(clientapp/share) by extension 'colcon_pkg'
[0.176s] Level 1:colcon.colcon_core.package_identification:_identify(clientapp/share) by extensions ['colcon_meta']
[0.176s] Level 1:colcon.colcon_core.package_identification:_identify(clientapp/share) by extension 'colcon_meta'
[0.176s] Level 1:colcon.colcon_core.package_identification:_identify(clientapp/share) by extensions ['ros']
[0.176s] Level 1:colcon.colcon_core.package_identification:_identify(clientapp/share) by extension 'ros'
[0.176s] Level 1:colcon.colcon_core.package_identification:_identify(clientapp/share) by extensions ['cmake', 'python']
[0.176s] Level 1:colcon.colcon_core.package_identification:_identify(clientapp/share) by extension 'cmake'
[0.176s] Level 1:colcon.colcon_core.package_identification:_identify(clientapp/share) by extension 'python'
[0.176s] Level 1:colcon.colcon_core.package_identification:_identify(clientapp/share) by extensions ['python_setup_py']
[0.176s] Level 1:colcon.colcon_core.package_identification:_identify(clientapp/share) by extension 'python_setup_py'
[0.176s] Level 1:colcon.colcon_core.package_identification:_identify(downstream) by extensions ['ignore', 'ignore_ament_install']
[0.176s] Level 1:colcon.colcon_core.package_identification:_identify(downstream) by extension 'ignore'
[0.176s] Level 1:colcon.colcon_core.package_identification:_identify(downstream) by extension 'ignore_ament_install'
[0.176s] Level 1:colcon.colcon_core.package_identification:_identify(downstream) by extensions ['colcon_pkg']
[0.176s] Level 1:colcon.colcon_core.package_identification:_identify(downstream) by extension 'colcon_pkg'
[0.176s] Level 1:colcon.colcon_core.package_identification:_identify(downstream) by extensions ['colcon_meta']
[0.176s] Level 1:colcon.colcon_core.package_identification:_identify(downstream) by extension 'colcon_meta'
[0.176s] Level 1:colcon.colcon_core.package_identification:_identify(downstream) by extensions ['ros']
[0.176s] Level 1:colcon.colcon_core.package_identification:_identify(downstream) by extension 'ros'
[0.176s] Level 1:colcon.colcon_core.package_identification:_identify(downstream) by extensions ['cmake', 'python']
[0.176s] Level 1:colcon.colcon_core.package_identification:_identify(downstream) by extension 'cmake'
[0.176s] Level 1:colcon.colcon_core.package_identification:_identify(downstream) by extension 'python'
[0.176s] Level 1:colcon.colcon_core.package_identification:_identify(downstream) by extensions ['python_setup_py']
[0.176s] Level 1:colcon.colcon_core.package_identification:_identify(downstream) by extension 'python_setup_py'
[0.176s] Level 1:colcon.colcon_core.package_identification:_identify(install) by extensions ['ignore', 'ignore_ament_install']
[0.176s] Level 1:colcon.colcon_core.package_identification:_identify(install) by extension 'ignore'
[0.176s] Level 1:colcon.colcon_core.package_identification:_identify(install) ignored
[0.176s] Level 1:colcon.colcon_core.package_identification:_identify(log) by extensions ['ignore', 'ignore_ament_install']
[0.176s] Level 1:colcon.colcon_core.package_identification:_identify(log) by extension 'ignore'
[0.176s] Level 1:colcon.colcon_core.package_identification:_identify(log) ignored
[0.176s] Level 1:colcon.colcon_core.package_identification:_identify(piper_ws) by extensions ['ignore', 'ignore_ament_install']
[0.176s] Level 1:colcon.colcon_core.package_identification:_identify(piper_ws) by extension 'ignore'
[0.176s] Level 1:colcon.colcon_core.package_identification:_identify(piper_ws) by extension 'ignore_ament_install'
[0.176s] Level 1:colcon.colcon_core.package_identification:_identify(piper_ws) by extensions ['colcon_pkg']
[0.176s] Level 1:colcon.colcon_core.package_identification:_identify(piper_ws) by extension 'colcon_pkg'
[0.176s] Level 1:colcon.colcon_core.package_identification:_identify(piper_ws) by extensions ['colcon_meta']
[0.176s] Level 1:colcon.colcon_core.package_identification:_identify(piper_ws) by extension 'colcon_meta'
[0.176s] Level 1:colcon.colcon_core.package_identification:_identify(piper_ws) by extensions ['ros']
[0.176s] Level 1:colcon.colcon_core.package_identification:_identify(piper_ws) by extension 'ros'
[0.176s] Level 1:colcon.colcon_core.package_identification:_identify(piper_ws) by extensions ['cmake', 'python']
[0.176s] Level 1:colcon.colcon_core.package_identification:_identify(piper_ws) by extension 'cmake'
[0.176s] Level 1:colcon.colcon_core.package_identification:_identify(piper_ws) by extension 'python'
[0.176s] Level 1:colcon.colcon_core.package_identification:_identify(piper_ws) by extensions ['python_setup_py']
[0.176s] Level 1:colcon.colcon_core.package_identification:_identify(piper_ws) by extension 'python_setup_py'
[0.177s] Level 1:colcon.colcon_core.package_identification:_identify(piper_ws/build) by extensions ['ignore', 'ignore_ament_install']
[0.177s] Level 1:colcon.colcon_core.package_identification:_identify(piper_ws/build) by extension 'ignore'
[0.177s] Level 1:colcon.colcon_core.package_identification:_identify(piper_ws/build) ignored
[0.177s] Level 1:colcon.colcon_core.package_identification:_identify(piper_ws/install) by extensions ['ignore', 'ignore_ament_install']
[0.177s] Level 1:colcon.colcon_core.package_identification:_identify(piper_ws/install) by extension 'ignore'
[0.177s] Level 1:colcon.colcon_core.package_identification:_identify(piper_ws/install) ignored
[0.177s] Level 1:colcon.colcon_core.package_identification:_identify(piper_ws/log) by extensions ['ignore', 'ignore_ament_install']
[0.177s] Level 1:colcon.colcon_core.package_identification:_identify(piper_ws/log) by extension 'ignore'
[0.177s] Level 1:colcon.colcon_core.package_identification:_identify(piper_ws/log) ignored
[0.177s] Level 1:colcon.colcon_core.package_identification:_identify(piper_ws/src) by extensions ['ignore', 'ignore_ament_install']
[0.177s] Level 1:colcon.colcon_core.package_identification:_identify(piper_ws/src) by extension 'ignore'
[0.177s] Level 1:colcon.colcon_core.package_identification:_identify(piper_ws/src) by extension 'ignore_ament_install'
[0.177s] Level 1:colcon.colcon_core.package_identification:_identify(piper_ws/src) by extensions ['colcon_pkg']
[0.177s] Level 1:colcon.colcon_core.package_identification:_identify(piper_ws/src) by extension 'colcon_pkg'
[0.177s] Level 1:colcon.colcon_core.package_identification:_identify(piper_ws/src) by extensions ['colcon_meta']
[0.177s] Level 1:colcon.colcon_core.package_identification:_identify(piper_ws/src) by extension 'colcon_meta'
[0.177s] Level 1:colcon.colcon_core.package_identification:_identify(piper_ws/src) by extensions ['ros']
[0.177s] Level 1:colcon.colcon_core.package_identification:_identify(piper_ws/src) by extension 'ros'
[0.177s] Level 1:colcon.colcon_core.package_identification:_identify(piper_ws/src) by extensions ['cmake', 'python']
[0.177s] Level 1:colcon.colcon_core.package_identification:_identify(piper_ws/src) by extension 'cmake'
[0.177s] Level 1:colcon.colcon_core.package_identification:_identify(piper_ws/src) by extension 'python'
[0.177s] Level 1:colcon.colcon_core.package_identification:_identify(piper_ws/src) by extensions ['python_setup_py']
[0.177s] Level 1:colcon.colcon_core.package_identification:_identify(piper_ws/src) by extension 'python_setup_py'
[0.177s] Level 1:colcon.colcon_core.package_identification:_identify(piper_ws/src/Piper_ros) by extensions ['ignore', 'ignore_ament_install']
[0.177s] Level 1:colcon.colcon_core.package_identification:_identify(piper_ws/src/Piper_ros) by extension 'ignore'
[0.177s] Level 1:colcon.colcon_core.package_identification:_identify(piper_ws/src/Piper_ros) by extension 'ignore_ament_install'
[0.177s] Level 1:colcon.colcon_core.package_identification:_identify(piper_ws/src/Piper_ros) by extensions ['colcon_pkg']
[0.177s] Level 1:colcon.colcon_core.package_identification:_identify(piper_ws/src/Piper_ros) by extension 'colcon_pkg'
[0.177s] Level 1:colcon.colcon_core.package_identification:_identify(piper_ws/src/Piper_ros) by extensions ['colcon_meta']
[0.177s] Level 1:colcon.colcon_core.package_identification:_identify(piper_ws/src/Piper_ros) by extension 'colcon_meta'
[0.177s] Level 1:colcon.colcon_core.package_identification:_identify(piper_ws/src/Piper_ros) by extensions ['ros']
[0.177s] Level 1:colcon.colcon_core.package_identification:_identify(piper_ws/src/Piper_ros) by extension 'ros'
[0.177s] Level 1:colcon.colcon_core.package_identification:_identify(piper_ws/src/Piper_ros) by extensions ['cmake', 'python']
[0.177s] Level 1:colcon.colcon_core.package_identification:_identify(piper_ws/src/Piper_ros) by extension 'cmake'
[0.177s] Level 1:colcon.colcon_core.package_identification:_identify(piper_ws/src/Piper_ros) by extension 'python'
[0.177s] Level 1:colcon.colcon_core.package_identification:_identify(piper_ws/src/Piper_ros) by extensions ['python_setup_py']
[0.177s] Level 1:colcon.colcon_core.package_identification:_identify(piper_ws/src/Piper_ros) by extension 'python_setup_py'
[0.177s] Level 1:colcon.colcon_core.package_identification:_identify(piper_ws/src/Piper_ros/asserts) by extensions ['ignore', 'ignore_ament_install']
[0.177s] Level 1:colcon.colcon_core.package_identification:_identify(piper_ws/src/Piper_ros/asserts) by extension 'ignore'
[0.177s] Level 1:colcon.colcon_core.package_identification:_identify(piper_ws/src/Piper_ros/asserts) by extension 'ignore_ament_install'
[0.177s] Level 1:colcon.colcon_core.package_identification:_identify(piper_ws/src/Piper_ros/asserts) by extensions ['colcon_pkg']
[0.177s] Level 1:colcon.colcon_core.package_identification:_identify(piper_ws/src/Piper_ros/asserts) by extension 'colcon_pkg'
[0.177s] Level 1:colcon.colcon_core.package_identification:_identify(piper_ws/src/Piper_ros/asserts) by extensions ['colcon_meta']
[0.177s] Level 1:colcon.colcon_core.package_identification:_identify(piper_ws/src/Piper_ros/asserts) by extension 'colcon_meta'
[0.177s] Level 1:colcon.colcon_core.package_identification:_identify(piper_ws/src/Piper_ros/asserts) by extensions ['ros']
[0.177s] Level 1:colcon.colcon_core.package_identification:_identify(piper_ws/src/Piper_ros/asserts) by extension 'ros'
[0.178s] Level 1:colcon.colcon_core.package_identification:_identify(piper_ws/src/Piper_ros/asserts) by extensions ['cmake', 'python']
[0.178s] Level 1:colcon.colcon_core.package_identification:_identify(piper_ws/src/Piper_ros/asserts) by extension 'cmake'
[0.178s] Level 1:colcon.colcon_core.package_identification:_identify(piper_ws/src/Piper_ros/asserts) by extension 'python'
[0.178s] Level 1:colcon.colcon_core.package_identification:_identify(piper_ws/src/Piper_ros/asserts) by extensions ['python_setup_py']
[0.178s] Level 1:colcon.colcon_core.package_identification:_identify(piper_ws/src/Piper_ros/asserts) by extension 'python_setup_py'
[0.178s] Level 1:colcon.colcon_core.package_identification:_identify(piper_ws/src/Piper_ros/asserts/pictures) by extensions ['ignore', 'ignore_ament_install']
[0.178s] Level 1:colcon.colcon_core.package_identification:_identify(piper_ws/src/Piper_ros/asserts/pictures) by extension 'ignore'
[0.178s] Level 1:colcon.colcon_core.package_identification:_identify(piper_ws/src/Piper_ros/asserts/pictures) by extension 'ignore_ament_install'
[0.178s] Level 1:colcon.colcon_core.package_identification:_identify(piper_ws/src/Piper_ros/asserts/pictures) by extensions ['colcon_pkg']
[0.178s] Level 1:colcon.colcon_core.package_identification:_identify(piper_ws/src/Piper_ros/asserts/pictures) by extension 'colcon_pkg'
[0.178s] Level 1:colcon.colcon_core.package_identification:_identify(piper_ws/src/Piper_ros/asserts/pictures) by extensions ['colcon_meta']
[0.178s] Level 1:colcon.colcon_core.package_identification:_identify(piper_ws/src/Piper_ros/asserts/pictures) by extension 'colcon_meta'
[0.178s] Level 1:colcon.colcon_core.package_identification:_identify(piper_ws/src/Piper_ros/asserts/pictures) by extensions ['ros']
[0.178s] Level 1:colcon.colcon_core.package_identification:_identify(piper_ws/src/Piper_ros/asserts/pictures) by extension 'ros'
[0.178s] Level 1:colcon.colcon_core.package_identification:_identify(piper_ws/src/Piper_ros/asserts/pictures) by extensions ['cmake', 'python']
[0.178s] Level 1:colcon.colcon_core.package_identification:_identify(piper_ws/src/Piper_ros/asserts/pictures) by extension 'cmake'
[0.178s] Level 1:colcon.colcon_core.package_identification:_identify(piper_ws/src/Piper_ros/asserts/pictures) by extension 'python'
[0.178s] Level 1:colcon.colcon_core.package_identification:_identify(piper_ws/src/Piper_ros/asserts/pictures) by extensions ['python_setup_py']
[0.178s] Level 1:colcon.colcon_core.package_identification:_identify(piper_ws/src/Piper_ros/asserts/pictures) by extension 'python_setup_py'
[0.178s] Level 1:colcon.colcon_core.package_identification:_identify(piper_ws/src/Piper_ros/src) by extensions ['ignore', 'ignore_ament_install']
[0.178s] Level 1:colcon.colcon_core.package_identification:_identify(piper_ws/src/Piper_ros/src) by extension 'ignore'
[0.178s] Level 1:colcon.colcon_core.package_identification:_identify(piper_ws/src/Piper_ros/src) by extension 'ignore_ament_install'
[0.178s] Level 1:colcon.colcon_core.package_identification:_identify(piper_ws/src/Piper_ros/src) by extensions ['colcon_pkg']
[0.178s] Level 1:colcon.colcon_core.package_identification:_identify(piper_ws/src/Piper_ros/src) by extension 'colcon_pkg'
[0.178s] Level 1:colcon.colcon_core.package_identification:_identify(piper_ws/src/Piper_ros/src) by extensions ['colcon_meta']
[0.178s] Level 1:colcon.colcon_core.package_identification:_identify(piper_ws/src/Piper_ros/src) by extension 'colcon_meta'
[0.178s] Level 1:colcon.colcon_core.package_identification:_identify(piper_ws/src/Piper_ros/src) by extensions ['ros']
[0.178s] Level 1:colcon.colcon_core.package_identification:_identify(piper_ws/src/Piper_ros/src) by extension 'ros'
[0.178s] Level 1:colcon.colcon_core.package_identification:_identify(piper_ws/src/Piper_ros/src) by extensions ['cmake', 'python']
[0.178s] Level 1:colcon.colcon_core.package_identification:_identify(piper_ws/src/Piper_ros/src) by extension 'cmake'
[0.178s] Level 1:colcon.colcon_core.package_identification:_identify(piper_ws/src/Piper_ros/src) by extension 'python'
[0.178s] Level 1:colcon.colcon_core.package_identification:_identify(piper_ws/src/Piper_ros/src) by extensions ['python_setup_py']
[0.178s] Level 1:colcon.colcon_core.package_identification:_identify(piper_ws/src/Piper_ros/src) by extension 'python_setup_py'
[0.178s] Level 1:colcon.colcon_core.package_identification:_identify(piper_ws/src/Piper_ros/src/flask_ui) by extensions ['ignore', 'ignore_ament_install']
[0.178s] Level 1:colcon.colcon_core.package_identification:_identify(piper_ws/src/Piper_ros/src/flask_ui) by extension 'ignore'
[0.178s] Level 1:colcon.colcon_core.package_identification:_identify(piper_ws/src/Piper_ros/src/flask_ui) by extension 'ignore_ament_install'
[0.178s] Level 1:colcon.colcon_core.package_identification:_identify(piper_ws/src/Piper_ros/src/flask_ui) by extensions ['colcon_pkg']
[0.178s] Level 1:colcon.colcon_core.package_identification:_identify(piper_ws/src/Piper_ros/src/flask_ui) by extension 'colcon_pkg'
[0.178s] Level 1:colcon.colcon_core.package_identification:_identify(piper_ws/src/Piper_ros/src/flask_ui) by extensions ['colcon_meta']
[0.178s] Level 1:colcon.colcon_core.package_identification:_identify(piper_ws/src/Piper_ros/src/flask_ui) by extension 'colcon_meta'
[0.178s] Level 1:colcon.colcon_core.package_identification:_identify(piper_ws/src/Piper_ros/src/flask_ui) by extensions ['ros']
[0.178s] Level 1:colcon.colcon_core.package_identification:_identify(piper_ws/src/Piper_ros/src/flask_ui) by extension 'ros'
[0.179s] DEBUG:colcon.colcon_core.package_identification:Package 'piper_ws/src/Piper_ros/src/flask_ui' with type 'ros.ament_cmake' and name 'flask_ui'
[0.179s] Level 1:colcon.colcon_core.package_identification:_identify(piper_ws/src/Piper_ros/src/piper) by extensions ['ignore', 'ignore_ament_install']
[0.179s] Level 1:colcon.colcon_core.package_identification:_identify(piper_ws/src/Piper_ros/src/piper) by extension 'ignore'
[0.179s] Level 1:colcon.colcon_core.package_identification:_identify(piper_ws/src/Piper_ros/src/piper) by extension 'ignore_ament_install'
[0.179s] Level 1:colcon.colcon_core.package_identification:_identify(piper_ws/src/Piper_ros/src/piper) by extensions ['colcon_pkg']
[0.179s] Level 1:colcon.colcon_core.package_identification:_identify(piper_ws/src/Piper_ros/src/piper) by extension 'colcon_pkg'
[0.179s] Level 1:colcon.colcon_core.package_identification:_identify(piper_ws/src/Piper_ros/src/piper) by extensions ['colcon_meta']
[0.179s] Level 1:colcon.colcon_core.package_identification:_identify(piper_ws/src/Piper_ros/src/piper) by extension 'colcon_meta'
[0.179s] Level 1:colcon.colcon_core.package_identification:_identify(piper_ws/src/Piper_ros/src/piper) by extensions ['ros']
[0.179s] Level 1:colcon.colcon_core.package_identification:_identify(piper_ws/src/Piper_ros/src/piper) by extension 'ros'
[0.179s] DEBUG:colcon.colcon_core.package_identification:Package 'piper_ws/src/Piper_ros/src/piper' with type 'ros.ament_python' and name 'piper'
[0.179s] Level 1:colcon.colcon_core.package_identification:_identify(piper_ws/src/Piper_ros/src/piper_description) by extensions ['ignore', 'ignore_ament_install']
[0.179s] Level 1:colcon.colcon_core.package_identification:_identify(piper_ws/src/Piper_ros/src/piper_description) by extension 'ignore'
[0.179s] Level 1:colcon.colcon_core.package_identification:_identify(piper_ws/src/Piper_ros/src/piper_description) by extension 'ignore_ament_install'
[0.179s] Level 1:colcon.colcon_core.package_identification:_identify(piper_ws/src/Piper_ros/src/piper_description) by extensions ['colcon_pkg']
[0.179s] Level 1:colcon.colcon_core.package_identification:_identify(piper_ws/src/Piper_ros/src/piper_description) by extension 'colcon_pkg'
[0.179s] Level 1:colcon.colcon_core.package_identification:_identify(piper_ws/src/Piper_ros/src/piper_description) by extensions ['colcon_meta']
[0.179s] Level 1:colcon.colcon_core.package_identification:_identify(piper_ws/src/Piper_ros/src/piper_description) by extension 'colcon_meta'
[0.179s] Level 1:colcon.colcon_core.package_identification:_identify(piper_ws/src/Piper_ros/src/piper_description) by extensions ['ros']
[0.179s] Level 1:colcon.colcon_core.package_identification:_identify(piper_ws/src/Piper_ros/src/piper_description) by extension 'ros'
[0.180s] DEBUG:colcon.colcon_core.package_identification:Package 'piper_ws/src/Piper_ros/src/piper_description' with type 'ros.ament_cmake' and name 'piper_description'
[0.180s] Level 1:colcon.colcon_core.package_identification:_identify(piper_ws/src/Piper_ros/src/piper_humble) by extensions ['ignore', 'ignore_ament_install']
[0.180s] Level 1:colcon.colcon_core.package_identification:_identify(piper_ws/src/Piper_ros/src/piper_humble) by extension 'ignore'
[0.180s] Level 1:colcon.colcon_core.package_identification:_identify(piper_ws/src/Piper_ros/src/piper_humble) by extension 'ignore_ament_install'
[0.180s] Level 1:colcon.colcon_core.package_identification:_identify(piper_ws/src/Piper_ros/src/piper_humble) by extensions ['colcon_pkg']
[0.180s] Level 1:colcon.colcon_core.package_identification:_identify(piper_ws/src/Piper_ros/src/piper_humble) by extension 'colcon_pkg'
[0.180s] Level 1:colcon.colcon_core.package_identification:_identify(piper_ws/src/Piper_ros/src/piper_humble) by extensions ['colcon_meta']
[0.180s] Level 1:colcon.colcon_core.package_identification:_identify(piper_ws/src/Piper_ros/src/piper_humble) by extension 'colcon_meta'
[0.180s] Level 1:colcon.colcon_core.package_identification:_identify(piper_ws/src/Piper_ros/src/piper_humble) by extensions ['ros']
[0.180s] Level 1:colcon.colcon_core.package_identification:_identify(piper_ws/src/Piper_ros/src/piper_humble) by extension 'ros'
[0.180s] DEBUG:colcon.colcon_core.package_identification:Package 'piper_ws/src/Piper_ros/src/piper_humble' with type 'ros.ament_cmake' and name 'piper_humble'
[0.180s] Level 1:colcon.colcon_core.package_identification:_identify(piper_ws/src/Piper_ros/src/piper_moveit) by extensions ['ignore', 'ignore_ament_install']
[0.180s] Level 1:colcon.colcon_core.package_identification:_identify(piper_ws/src/Piper_ros/src/piper_moveit) by extension 'ignore'
[0.180s] Level 1:colcon.colcon_core.package_identification:_identify(piper_ws/src/Piper_ros/src/piper_moveit) by extension 'ignore_ament_install'
[0.180s] Level 1:colcon.colcon_core.package_identification:_identify(piper_ws/src/Piper_ros/src/piper_moveit) by extensions ['colcon_pkg']
[0.180s] Level 1:colcon.colcon_core.package_identification:_identify(piper_ws/src/Piper_ros/src/piper_moveit) by extension 'colcon_pkg'
[0.180s] Level 1:colcon.colcon_core.package_identification:_identify(piper_ws/src/Piper_ros/src/piper_moveit) by extensions ['colcon_meta']
[0.180s] Level 1:colcon.colcon_core.package_identification:_identify(piper_ws/src/Piper_ros/src/piper_moveit) by extension 'colcon_meta'
[0.180s] Level 1:colcon.colcon_core.package_identification:_identify(piper_ws/src/Piper_ros/src/piper_moveit) by extensions ['ros']
[0.180s] Level 1:colcon.colcon_core.package_identification:_identify(piper_ws/src/Piper_ros/src/piper_moveit) by extension 'ros'
[0.180s] Level 1:colcon.colcon_core.package_identification:_identify(piper_ws/src/Piper_ros/src/piper_moveit) by extensions ['cmake', 'python']
[0.180s] Level 1:colcon.colcon_core.package_identification:_identify(piper_ws/src/Piper_ros/src/piper_moveit) by extension 'cmake'
[0.180s] Level 1:colcon.colcon_core.package_identification:_identify(piper_ws/src/Piper_ros/src/piper_moveit) by extension 'python'
[0.180s] Level 1:colcon.colcon_core.package_identification:_identify(piper_ws/src/Piper_ros/src/piper_moveit) by extensions ['python_setup_py']
[0.180s] Level 1:colcon.colcon_core.package_identification:_identify(piper_ws/src/Piper_ros/src/piper_moveit) by extension 'python_setup_py'
[0.181s] Level 1:colcon.colcon_core.package_identification:_identify(piper_ws/src/Piper_ros/src/piper_moveit/piper_no_gripper_moveit) by extensions ['ignore', 'ignore_ament_install']
[0.181s] Level 1:colcon.colcon_core.package_identification:_identify(piper_ws/src/Piper_ros/src/piper_moveit/piper_no_gripper_moveit) by extension 'ignore'
[0.181s] Level 1:colcon.colcon_core.package_identification:_identify(piper_ws/src/Piper_ros/src/piper_moveit/piper_no_gripper_moveit) by extension 'ignore_ament_install'
[0.181s] Level 1:colcon.colcon_core.package_identification:_identify(piper_ws/src/Piper_ros/src/piper_moveit/piper_no_gripper_moveit) by extensions ['colcon_pkg']
[0.181s] Level 1:colcon.colcon_core.package_identification:_identify(piper_ws/src/Piper_ros/src/piper_moveit/piper_no_gripper_moveit) by extension 'colcon_pkg'
[0.181s] Level 1:colcon.colcon_core.package_identification:_identify(piper_ws/src/Piper_ros/src/piper_moveit/piper_no_gripper_moveit) by extensions ['colcon_meta']
[0.181s] Level 1:colcon.colcon_core.package_identification:_identify(piper_ws/src/Piper_ros/src/piper_moveit/piper_no_gripper_moveit) by extension 'colcon_meta'
[0.181s] Level 1:colcon.colcon_core.package_identification:_identify(piper_ws/src/Piper_ros/src/piper_moveit/piper_no_gripper_moveit) by extensions ['ros']
[0.181s] Level 1:colcon.colcon_core.package_identification:_identify(piper_ws/src/Piper_ros/src/piper_moveit/piper_no_gripper_moveit) by extension 'ros'
[0.181s] DEBUG:colcon.colcon_core.package_identification:Package 'piper_ws/src/Piper_ros/src/piper_moveit/piper_no_gripper_moveit' with type 'ros.ament_cmake' and name 'piper_no_gripper_moveit'
[0.181s] Level 1:colcon.colcon_core.package_identification:_identify(piper_ws/src/Piper_ros/src/piper_moveit/piper_with_gripper_moveit) by extensions ['ignore', 'ignore_ament_install']
[0.181s] Level 1:colcon.colcon_core.package_identification:_identify(piper_ws/src/Piper_ros/src/piper_moveit/piper_with_gripper_moveit) by extension 'ignore'
[0.181s] Level 1:colcon.colcon_core.package_identification:_identify(piper_ws/src/Piper_ros/src/piper_moveit/piper_with_gripper_moveit) by extension 'ignore_ament_install'
[0.181s] Level 1:colcon.colcon_core.package_identification:_identify(piper_ws/src/Piper_ros/src/piper_moveit/piper_with_gripper_moveit) by extensions ['colcon_pkg']
[0.181s] Level 1:colcon.colcon_core.package_identification:_identify(piper_ws/src/Piper_ros/src/piper_moveit/piper_with_gripper_moveit) by extension 'colcon_pkg'
[0.181s] Level 1:colcon.colcon_core.package_identification:_identify(piper_ws/src/Piper_ros/src/piper_moveit/piper_with_gripper_moveit) by extensions ['colcon_meta']
[0.181s] Level 1:colcon.colcon_core.package_identification:_identify(piper_ws/src/Piper_ros/src/piper_moveit/piper_with_gripper_moveit) by extension 'colcon_meta'
[0.181s] Level 1:colcon.colcon_core.package_identification:_identify(piper_ws/src/Piper_ros/src/piper_moveit/piper_with_gripper_moveit) by extensions ['ros']
[0.181s] Level 1:colcon.colcon_core.package_identification:_identify(piper_ws/src/Piper_ros/src/piper_moveit/piper_with_gripper_moveit) by extension 'ros'
[0.182s] DEBUG:colcon.colcon_core.package_identification:Package 'piper_ws/src/Piper_ros/src/piper_moveit/piper_with_gripper_moveit' with type 'ros.ament_cmake' and name 'piper_with_gripper_moveit'
[0.182s] Level 1:colcon.colcon_core.package_identification:_identify(piper_ws/src/Piper_ros/src/piper_msgs) by extensions ['ignore', 'ignore_ament_install']
[0.182s] Level 1:colcon.colcon_core.package_identification:_identify(piper_ws/src/Piper_ros/src/piper_msgs) by extension 'ignore'
[0.182s] Level 1:colcon.colcon_core.package_identification:_identify(piper_ws/src/Piper_ros/src/piper_msgs) by extension 'ignore_ament_install'
[0.182s] Level 1:colcon.colcon_core.package_identification:_identify(piper_ws/src/Piper_ros/src/piper_msgs) by extensions ['colcon_pkg']
[0.182s] Level 1:colcon.colcon_core.package_identification:_identify(piper_ws/src/Piper_ros/src/piper_msgs) by extension 'colcon_pkg'
[0.182s] Level 1:colcon.colcon_core.package_identification:_identify(piper_ws/src/Piper_ros/src/piper_msgs) by extensions ['colcon_meta']
[0.182s] Level 1:colcon.colcon_core.package_identification:_identify(piper_ws/src/Piper_ros/src/piper_msgs) by extension 'colcon_meta'
[0.182s] Level 1:colcon.colcon_core.package_identification:_identify(piper_ws/src/Piper_ros/src/piper_msgs) by extensions ['ros']
[0.182s] Level 1:colcon.colcon_core.package_identification:_identify(piper_ws/src/Piper_ros/src/piper_msgs) by extension 'ros'
[0.182s] DEBUG:colcon.colcon_core.package_identification:Package 'piper_ws/src/Piper_ros/src/piper_msgs' with type 'ros.ament_cmake' and name 'piper_msgs'
[0.182s] Level 1:colcon.colcon_core.package_identification:_identify(piper_ws/src/Piper_ros/src/piper_sim) by extensions ['ignore', 'ignore_ament_install']
[0.182s] Level 1:colcon.colcon_core.package_identification:_identify(piper_ws/src/Piper_ros/src/piper_sim) by extension 'ignore'
[0.182s] Level 1:colcon.colcon_core.package_identification:_identify(piper_ws/src/Piper_ros/src/piper_sim) by extension 'ignore_ament_install'
[0.182s] Level 1:colcon.colcon_core.package_identification:_identify(piper_ws/src/Piper_ros/src/piper_sim) by extensions ['colcon_pkg']
[0.182s] Level 1:colcon.colcon_core.package_identification:_identify(piper_ws/src/Piper_ros/src/piper_sim) by extension 'colcon_pkg'
[0.182s] Level 1:colcon.colcon_core.package_identification:_identify(piper_ws/src/Piper_ros/src/piper_sim) by extensions ['colcon_meta']
[0.182s] Level 1:colcon.colcon_core.package_identification:_identify(piper_ws/src/Piper_ros/src/piper_sim) by extension 'colcon_meta'
[0.183s] Level 1:colcon.colcon_core.package_identification:_identify(piper_ws/src/Piper_ros/src/piper_sim) by extensions ['ros']
[0.183s] Level 1:colcon.colcon_core.package_identification:_identify(piper_ws/src/Piper_ros/src/piper_sim) by extension 'ros'
[0.183s] Level 1:colcon.colcon_core.package_identification:_identify(piper_ws/src/Piper_ros/src/piper_sim) by extensions ['cmake', 'python']
[0.183s] Level 1:colcon.colcon_core.package_identification:_identify(piper_ws/src/Piper_ros/src/piper_sim) by extension 'cmake'
[0.183s] Level 1:colcon.colcon_core.package_identification:_identify(piper_ws/src/Piper_ros/src/piper_sim) by extension 'python'
[0.183s] Level 1:colcon.colcon_core.package_identification:_identify(piper_ws/src/Piper_ros/src/piper_sim) by extensions ['python_setup_py']
[0.183s] Level 1:colcon.colcon_core.package_identification:_identify(piper_ws/src/Piper_ros/src/piper_sim) by extension 'python_setup_py'
[0.183s] Level 1:colcon.colcon_core.package_identification:_identify(piper_ws/src/Piper_ros/src/piper_sim/piper_gazebo) by extensions ['ignore', 'ignore_ament_install']
[0.183s] Level 1:colcon.colcon_core.package_identification:_identify(piper_ws/src/Piper_ros/src/piper_sim/piper_gazebo) by extension 'ignore'
[0.183s] Level 1:colcon.colcon_core.package_identification:_identify(piper_ws/src/Piper_ros/src/piper_sim/piper_gazebo) by extension 'ignore_ament_install'
[0.183s] Level 1:colcon.colcon_core.package_identification:_identify(piper_ws/src/Piper_ros/src/piper_sim/piper_gazebo) by extensions ['colcon_pkg']
[0.183s] Level 1:colcon.colcon_core.package_identification:_identify(piper_ws/src/Piper_ros/src/piper_sim/piper_gazebo) by extension 'colcon_pkg'
[0.183s] Level 1:colcon.colcon_core.package_identification:_identify(piper_ws/src/Piper_ros/src/piper_sim/piper_gazebo) by extensions ['colcon_meta']
[0.183s] Level 1:colcon.colcon_core.package_identification:_identify(piper_ws/src/Piper_ros/src/piper_sim/piper_gazebo) by extension 'colcon_meta'
[0.183s] Level 1:colcon.colcon_core.package_identification:_identify(piper_ws/src/Piper_ros/src/piper_sim/piper_gazebo) by extensions ['ros']
[0.183s] Level 1:colcon.colcon_core.package_identification:_identify(piper_ws/src/Piper_ros/src/piper_sim/piper_gazebo) by extension 'ros'
[0.183s] DEBUG:colcon.colcon_core.package_identification:Package 'piper_ws/src/Piper_ros/src/piper_sim/piper_gazebo' with type 'ros.ament_cmake' and name 'piper_gazebo'
[0.183s] Level 1:colcon.colcon_core.package_identification:_identify(piper_ws/src/Piper_ros/src/piper_sim/piper_mujoco) by extensions ['ignore', 'ignore_ament_install']
[0.183s] Level 1:colcon.colcon_core.package_identification:_identify(piper_ws/src/Piper_ros/src/piper_sim/piper_mujoco) by extension 'ignore'
[0.183s] Level 1:colcon.colcon_core.package_identification:_identify(piper_ws/src/Piper_ros/src/piper_sim/piper_mujoco) by extension 'ignore_ament_install'
[0.183s] Level 1:colcon.colcon_core.package_identification:_identify(piper_ws/src/Piper_ros/src/piper_sim/piper_mujoco) by extensions ['colcon_pkg']
[0.183s] Level 1:colcon.colcon_core.package_identification:_identify(piper_ws/src/Piper_ros/src/piper_sim/piper_mujoco) by extension 'colcon_pkg'
[0.183s] Level 1:colcon.colcon_core.package_identification:_identify(piper_ws/src/Piper_ros/src/piper_sim/piper_mujoco) by extensions ['colcon_meta']
[0.183s] Level 1:colcon.colcon_core.package_identification:_identify(piper_ws/src/Piper_ros/src/piper_sim/piper_mujoco) by extension 'colcon_meta'
[0.183s] Level 1:colcon.colcon_core.package_identification:_identify(piper_ws/src/Piper_ros/src/piper_sim/piper_mujoco) by extensions ['ros']
[0.183s] Level 1:colcon.colcon_core.package_identification:_identify(piper_ws/src/Piper_ros/src/piper_sim/piper_mujoco) by extension 'ros'
[0.184s] DEBUG:colcon.colcon_core.package_identification:Package 'piper_ws/src/Piper_ros/src/piper_sim/piper_mujoco' with type 'ros.ament_cmake' and name 'piper_mujoco'
[0.184s] Level 1:colcon.colcon_core.package_identification:_identify(public) by extensions ['ignore', 'ignore_ament_install']
[0.184s] Level 1:colcon.colcon_core.package_identification:_identify(public) by extension 'ignore'
[0.184s] Level 1:colcon.colcon_core.package_identification:_identify(public) by extension 'ignore_ament_install'
[0.184s] Level 1:colcon.colcon_core.package_identification:_identify(public) by extensions ['colcon_pkg']
[0.184s] Level 1:colcon.colcon_core.package_identification:_identify(public) by extension 'colcon_pkg'
[0.184s] Level 1:colcon.colcon_core.package_identification:_identify(public) by extensions ['colcon_meta']
[0.184s] Level 1:colcon.colcon_core.package_identification:_identify(public) by extension 'colcon_meta'
[0.184s] Level 1:colcon.colcon_core.package_identification:_identify(public) by extensions ['ros']
[0.184s] Level 1:colcon.colcon_core.package_identification:_identify(public) by extension 'ros'
[0.185s] Level 1:colcon.colcon_core.package_identification:_identify(public) by extensions ['cmake', 'python']
[0.185s] Level 1:colcon.colcon_core.package_identification:_identify(public) by extension 'cmake'
[0.185s] Level 1:colcon.colcon_core.package_identification:_identify(public) by extension 'python'
[0.185s] Level 1:colcon.colcon_core.package_identification:_identify(public) by extensions ['python_setup_py']
[0.185s] Level 1:colcon.colcon_core.package_identification:_identify(public) by extension 'python_setup_py'
[0.185s] Level 1:colcon.colcon_core.package_identification:_identify(public/proto) by extensions ['ignore', 'ignore_ament_install']
[0.185s] Level 1:colcon.colcon_core.package_identification:_identify(public/proto) by extension 'ignore'
[0.185s] Level 1:colcon.colcon_core.package_identification:_identify(public/proto) by extension 'ignore_ament_install'
[0.185s] Level 1:colcon.colcon_core.package_identification:_identify(public/proto) by extensions ['colcon_pkg']
[0.185s] Level 1:colcon.colcon_core.package_identification:_identify(public/proto) by extension 'colcon_pkg'
[0.185s] Level 1:colcon.colcon_core.package_identification:_identify(public/proto) by extensions ['colcon_meta']
[0.185s] Level 1:colcon.colcon_core.package_identification:_identify(public/proto) by extension 'colcon_meta'
[0.185s] Level 1:colcon.colcon_core.package_identification:_identify(public/proto) by extensions ['ros']
[0.185s] Level 1:colcon.colcon_core.package_identification:_identify(public/proto) by extension 'ros'
[0.185s] Level 1:colcon.colcon_core.package_identification:_identify(public/proto) by extensions ['cmake', 'python']
[0.185s] Level 1:colcon.colcon_core.package_identification:_identify(public/proto) by extension 'cmake'
[0.185s] Level 1:colcon.colcon_core.package_identification:_identify(public/proto) by extension 'python'
[0.185s] Level 1:colcon.colcon_core.package_identification:_identify(public/proto) by extensions ['python_setup_py']
[0.185s] Level 1:colcon.colcon_core.package_identification:_identify(public/proto) by extension 'python_setup_py'
[0.185s] Level 1:colcon.colcon_core.package_identification:_identify(public/proto/cpp) by extensions ['ignore', 'ignore_ament_install']
[0.185s] Level 1:colcon.colcon_core.package_identification:_identify(public/proto/cpp) by extension 'ignore'
[0.185s] Level 1:colcon.colcon_core.package_identification:_identify(public/proto/cpp) by extension 'ignore_ament_install'
[0.185s] Level 1:colcon.colcon_core.package_identification:_identify(public/proto/cpp) by extensions ['colcon_pkg']
[0.185s] Level 1:colcon.colcon_core.package_identification:_identify(public/proto/cpp) by extension 'colcon_pkg'
[0.185s] Level 1:colcon.colcon_core.package_identification:_identify(public/proto/cpp) by extensions ['colcon_meta']
[0.185s] Level 1:colcon.colcon_core.package_identification:_identify(public/proto/cpp) by extension 'colcon_meta'
[0.185s] Level 1:colcon.colcon_core.package_identification:_identify(public/proto/cpp) by extensions ['ros']
[0.185s] Level 1:colcon.colcon_core.package_identification:_identify(public/proto/cpp) by extension 'ros'
[0.185s] Level 1:colcon.colcon_core.package_identification:_identify(public/proto/cpp) by extensions ['cmake', 'python']
[0.185s] Level 1:colcon.colcon_core.package_identification:_identify(public/proto/cpp) by extension 'cmake'
[0.185s] Level 1:colcon.colcon_core.package_identification:_identify(public/proto/cpp) by extension 'python'
[0.185s] Level 1:colcon.colcon_core.package_identification:_identify(public/proto/cpp) by extensions ['python_setup_py']
[0.185s] Level 1:colcon.colcon_core.package_identification:_identify(public/proto/cpp) by extension 'python_setup_py'
[0.185s] Level 1:colcon.colcon_core.package_identification:_identify(reactapp) by extensions ['ignore', 'ignore_ament_install']
[0.185s] Level 1:colcon.colcon_core.package_identification:_identify(reactapp) by extension 'ignore'
[0.185s] Level 1:colcon.colcon_core.package_identification:_identify(reactapp) by extension 'ignore_ament_install'
[0.185s] Level 1:colcon.colcon_core.package_identification:_identify(reactapp) by extensions ['colcon_pkg']
[0.185s] Level 1:colcon.colcon_core.package_identification:_identify(reactapp) by extension 'colcon_pkg'
[0.185s] Level 1:colcon.colcon_core.package_identification:_identify(reactapp) by extensions ['colcon_meta']
[0.185s] Level 1:colcon.colcon_core.package_identification:_identify(reactapp) by extension 'colcon_meta'
[0.185s] Level 1:colcon.colcon_core.package_identification:_identify(reactapp) by extensions ['ros']
[0.185s] Level 1:colcon.colcon_core.package_identification:_identify(reactapp) by extension 'ros'
[0.185s] Level 1:colcon.colcon_core.package_identification:_identify(reactapp) by extensions ['cmake', 'python']
[0.185s] Level 1:colcon.colcon_core.package_identification:_identify(reactapp) by extension 'cmake'
[0.185s] Level 1:colcon.colcon_core.package_identification:_identify(reactapp) by extension 'python'
[0.185s] Level 1:colcon.colcon_core.package_identification:_identify(reactapp) by extensions ['python_setup_py']
[0.185s] Level 1:colcon.colcon_core.package_identification:_identify(reactapp) by extension 'python_setup_py'
[0.185s] Level 1:colcon.colcon_core.package_identification:_identify(reactapp/public) by extensions ['ignore', 'ignore_ament_install']
[0.185s] Level 1:colcon.colcon_core.package_identification:_identify(reactapp/public) by extension 'ignore'
[0.185s] Level 1:colcon.colcon_core.package_identification:_identify(reactapp/public) by extension 'ignore_ament_install'
[0.185s] Level 1:colcon.colcon_core.package_identification:_identify(reactapp/public) by extensions ['colcon_pkg']
[0.185s] Level 1:colcon.colcon_core.package_identification:_identify(reactapp/public) by extension 'colcon_pkg'
[0.185s] Level 1:colcon.colcon_core.package_identification:_identify(reactapp/public) by extensions ['colcon_meta']
[0.186s] Level 1:colcon.colcon_core.package_identification:_identify(reactapp/public) by extension 'colcon_meta'
[0.186s] Level 1:colcon.colcon_core.package_identification:_identify(reactapp/public) by extensions ['ros']
[0.186s] Level 1:colcon.colcon_core.package_identification:_identify(reactapp/public) by extension 'ros'
[0.186s] Level 1:colcon.colcon_core.package_identification:_identify(reactapp/public) by extensions ['cmake', 'python']
[0.186s] Level 1:colcon.colcon_core.package_identification:_identify(reactapp/public) by extension 'cmake'
[0.186s] Level 1:colcon.colcon_core.package_identification:_identify(reactapp/public) by extension 'python'
[0.186s] Level 1:colcon.colcon_core.package_identification:_identify(reactapp/public) by extensions ['python_setup_py']
[0.186s] Level 1:colcon.colcon_core.package_identification:_identify(reactapp/public) by extension 'python_setup_py'
[0.186s] Level 1:colcon.colcon_core.package_identification:_identify(reactapp/src) by extensions ['ignore', 'ignore_ament_install']
[0.186s] Level 1:colcon.colcon_core.package_identification:_identify(reactapp/src) by extension 'ignore'
[0.186s] Level 1:colcon.colcon_core.package_identification:_identify(reactapp/src) by extension 'ignore_ament_install'
[0.186s] Level 1:colcon.colcon_core.package_identification:_identify(reactapp/src) by extensions ['colcon_pkg']
[0.186s] Level 1:colcon.colcon_core.package_identification:_identify(reactapp/src) by extension 'colcon_pkg'
[0.186s] Level 1:colcon.colcon_core.package_identification:_identify(reactapp/src) by extensions ['colcon_meta']
[0.186s] Level 1:colcon.colcon_core.package_identification:_identify(reactapp/src) by extension 'colcon_meta'
[0.186s] Level 1:colcon.colcon_core.package_identification:_identify(reactapp/src) by extensions ['ros']
[0.186s] Level 1:colcon.colcon_core.package_identification:_identify(reactapp/src) by extension 'ros'
[0.186s] Level 1:colcon.colcon_core.package_identification:_identify(reactapp/src) by extensions ['cmake', 'python']
[0.186s] Level 1:colcon.colcon_core.package_identification:_identify(reactapp/src) by extension 'cmake'
[0.186s] Level 1:colcon.colcon_core.package_identification:_identify(reactapp/src) by extension 'python'
[0.186s] Level 1:colcon.colcon_core.package_identification:_identify(reactapp/src) by extensions ['python_setup_py']
[0.186s] Level 1:colcon.colcon_core.package_identification:_identify(reactapp/src) by extension 'python_setup_py'
[0.186s] Level 1:colcon.colcon_core.package_identification:_identify(reactapp/src/connect) by extensions ['ignore', 'ignore_ament_install']
[0.186s] Level 1:colcon.colcon_core.package_identification:_identify(reactapp/src/connect) by extension 'ignore'
[0.186s] Level 1:colcon.colcon_core.package_identification:_identify(reactapp/src/connect) by extension 'ignore_ament_install'
[0.186s] Level 1:colcon.colcon_core.package_identification:_identify(reactapp/src/connect) by extensions ['colcon_pkg']
[0.186s] Level 1:colcon.colcon_core.package_identification:_identify(reactapp/src/connect) by extension 'colcon_pkg'
[0.186s] Level 1:colcon.colcon_core.package_identification:_identify(reactapp/src/connect) by extensions ['colcon_meta']
[0.186s] Level 1:colcon.colcon_core.package_identification:_identify(reactapp/src/connect) by extension 'colcon_meta'
[0.186s] Level 1:colcon.colcon_core.package_identification:_identify(reactapp/src/connect) by extensions ['ros']
[0.186s] Level 1:colcon.colcon_core.package_identification:_identify(reactapp/src/connect) by extension 'ros'
[0.186s] Level 1:colcon.colcon_core.package_identification:_identify(reactapp/src/connect) by extensions ['cmake', 'python']
[0.186s] Level 1:colcon.colcon_core.package_identification:_identify(reactapp/src/connect) by extension 'cmake'
[0.186s] Level 1:colcon.colcon_core.package_identification:_identify(reactapp/src/connect) by extension 'python'
[0.186s] Level 1:colcon.colcon_core.package_identification:_identify(reactapp/src/connect) by extensions ['python_setup_py']
[0.186s] Level 1:colcon.colcon_core.package_identification:_identify(reactapp/src/connect) by extension 'python_setup_py'
[0.186s] Level 1:colcon.colcon_core.package_identification:_identify(reactapp/src/connect/http) by extensions ['ignore', 'ignore_ament_install']
[0.186s] Level 1:colcon.colcon_core.package_identification:_identify(reactapp/src/connect/http) by extension 'ignore'
[0.186s] Level 1:colcon.colcon_core.package_identification:_identify(reactapp/src/connect/http) by extension 'ignore_ament_install'
[0.186s] Level 1:colcon.colcon_core.package_identification:_identify(reactapp/src/connect/http) by extensions ['colcon_pkg']
[0.186s] Level 1:colcon.colcon_core.package_identification:_identify(reactapp/src/connect/http) by extension 'colcon_pkg'
[0.186s] Level 1:colcon.colcon_core.package_identification:_identify(reactapp/src/connect/http) by extensions ['colcon_meta']
[0.186s] Level 1:colcon.colcon_core.package_identification:_identify(reactapp/src/connect/http) by extension 'colcon_meta'
[0.186s] Level 1:colcon.colcon_core.package_identification:_identify(reactapp/src/connect/http) by extensions ['ros']
[0.186s] Level 1:colcon.colcon_core.package_identification:_identify(reactapp/src/connect/http) by extension 'ros'
[0.186s] Level 1:colcon.colcon_core.package_identification:_identify(reactapp/src/connect/http) by extensions ['cmake', 'python']
[0.186s] Level 1:colcon.colcon_core.package_identification:_identify(reactapp/src/connect/http) by extension 'cmake'
[0.186s] Level 1:colcon.colcon_core.package_identification:_identify(reactapp/src/connect/http) by extension 'python'
[0.186s] Level 1:colcon.colcon_core.package_identification:_identify(reactapp/src/connect/http) by extensions ['python_setup_py']
[0.186s] Level 1:colcon.colcon_core.package_identification:_identify(reactapp/src/connect/http) by extension 'python_setup_py'
[0.186s] Level 1:colcon.colcon_core.package_identification:_identify(reactapp/src/connect/socket) by extensions ['ignore', 'ignore_ament_install']
[0.186s] Level 1:colcon.colcon_core.package_identification:_identify(reactapp/src/connect/socket) by extension 'ignore'
[0.186s] Level 1:colcon.colcon_core.package_identification:_identify(reactapp/src/connect/socket) by extension 'ignore_ament_install'
[0.186s] Level 1:colcon.colcon_core.package_identification:_identify(reactapp/src/connect/socket) by extensions ['colcon_pkg']
[0.186s] Level 1:colcon.colcon_core.package_identification:_identify(reactapp/src/connect/socket) by extension 'colcon_pkg'
[0.187s] Level 1:colcon.colcon_core.package_identification:_identify(reactapp/src/connect/socket) by extensions ['colcon_meta']
[0.187s] Level 1:colcon.colcon_core.package_identification:_identify(reactapp/src/connect/socket) by extension 'colcon_meta'
[0.187s] Level 1:colcon.colcon_core.package_identification:_identify(reactapp/src/connect/socket) by extensions ['ros']
[0.187s] Level 1:colcon.colcon_core.package_identification:_identify(reactapp/src/connect/socket) by extension 'ros'
[0.187s] Level 1:colcon.colcon_core.package_identification:_identify(reactapp/src/connect/socket) by extensions ['cmake', 'python']
[0.187s] Level 1:colcon.colcon_core.package_identification:_identify(reactapp/src/connect/socket) by extension 'cmake'
[0.187s] Level 1:colcon.colcon_core.package_identification:_identify(reactapp/src/connect/socket) by extension 'python'
[0.187s] Level 1:colcon.colcon_core.package_identification:_identify(reactapp/src/connect/socket) by extensions ['python_setup_py']
[0.187s] Level 1:colcon.colcon_core.package_identification:_identify(reactapp/src/connect/socket) by extension 'python_setup_py'
[0.187s] Level 1:colcon.colcon_core.package_identification:_identify(reactapp/src/data) by extensions ['ignore', 'ignore_ament_install']
[0.187s] Level 1:colcon.colcon_core.package_identification:_identify(reactapp/src/data) by extension 'ignore'
[0.187s] Level 1:colcon.colcon_core.package_identification:_identify(reactapp/src/data) by extension 'ignore_ament_install'
[0.187s] Level 1:colcon.colcon_core.package_identification:_identify(reactapp/src/data) by extensions ['colcon_pkg']
[0.187s] Level 1:colcon.colcon_core.package_identification:_identify(reactapp/src/data) by extension 'colcon_pkg'
[0.187s] Level 1:colcon.colcon_core.package_identification:_identify(reactapp/src/data) by extensions ['colcon_meta']
[0.187s] Level 1:colcon.colcon_core.package_identification:_identify(reactapp/src/data) by extension 'colcon_meta'
[0.187s] Level 1:colcon.colcon_core.package_identification:_identify(reactapp/src/data) by extensions ['ros']
[0.187s] Level 1:colcon.colcon_core.package_identification:_identify(reactapp/src/data) by extension 'ros'
[0.187s] Level 1:colcon.colcon_core.package_identification:_identify(reactapp/src/data) by extensions ['cmake', 'python']
[0.187s] Level 1:colcon.colcon_core.package_identification:_identify(reactapp/src/data) by extension 'cmake'
[0.187s] Level 1:colcon.colcon_core.package_identification:_identify(reactapp/src/data) by extension 'python'
[0.187s] Level 1:colcon.colcon_core.package_identification:_identify(reactapp/src/data) by extensions ['python_setup_py']
[0.187s] Level 1:colcon.colcon_core.package_identification:_identify(reactapp/src/data) by extension 'python_setup_py'
[0.187s] Level 1:colcon.colcon_core.package_identification:_identify(reactapp/src/design) by extensions ['ignore', 'ignore_ament_install']
[0.187s] Level 1:colcon.colcon_core.package_identification:_identify(reactapp/src/design) by extension 'ignore'
[0.187s] Level 1:colcon.colcon_core.package_identification:_identify(reactapp/src/design) by extension 'ignore_ament_install'
[0.187s] Level 1:colcon.colcon_core.package_identification:_identify(reactapp/src/design) by extensions ['colcon_pkg']
[0.187s] Level 1:colcon.colcon_core.package_identification:_identify(reactapp/src/design) by extension 'colcon_pkg'
[0.187s] Level 1:colcon.colcon_core.package_identification:_identify(reactapp/src/design) by extensions ['colcon_meta']
[0.187s] Level 1:colcon.colcon_core.package_identification:_identify(reactapp/src/design) by extension 'colcon_meta'
[0.187s] Level 1:colcon.colcon_core.package_identification:_identify(reactapp/src/design) by extensions ['ros']
[0.187s] Level 1:colcon.colcon_core.package_identification:_identify(reactapp/src/design) by extension 'ros'
[0.187s] Level 1:colcon.colcon_core.package_identification:_identify(reactapp/src/design) by extensions ['cmake', 'python']
[0.187s] Level 1:colcon.colcon_core.package_identification:_identify(reactapp/src/design) by extension 'cmake'
[0.187s] Level 1:colcon.colcon_core.package_identification:_identify(reactapp/src/design) by extension 'python'
[0.187s] Level 1:colcon.colcon_core.package_identification:_identify(reactapp/src/design) by extensions ['python_setup_py']
[0.187s] Level 1:colcon.colcon_core.package_identification:_identify(reactapp/src/design) by extension 'python_setup_py'
[0.187s] Level 1:colcon.colcon_core.package_identification:_identify(reactapp/src/design/button) by extensions ['ignore', 'ignore_ament_install']
[0.187s] Level 1:colcon.colcon_core.package_identification:_identify(reactapp/src/design/button) by extension 'ignore'
[0.187s] Level 1:colcon.colcon_core.package_identification:_identify(reactapp/src/design/button) by extension 'ignore_ament_install'
[0.187s] Level 1:colcon.colcon_core.package_identification:_identify(reactapp/src/design/button) by extensions ['colcon_pkg']
[0.187s] Level 1:colcon.colcon_core.package_identification:_identify(reactapp/src/design/button) by extension 'colcon_pkg'
[0.187s] Level 1:colcon.colcon_core.package_identification:_identify(reactapp/src/design/button) by extensions ['colcon_meta']
[0.187s] Level 1:colcon.colcon_core.package_identification:_identify(reactapp/src/design/button) by extension 'colcon_meta'
[0.187s] Level 1:colcon.colcon_core.package_identification:_identify(reactapp/src/design/button) by extensions ['ros']
[0.187s] Level 1:colcon.colcon_core.package_identification:_identify(reactapp/src/design/button) by extension 'ros'
[0.187s] Level 1:colcon.colcon_core.package_identification:_identify(reactapp/src/design/button) by extensions ['cmake', 'python']
[0.187s] Level 1:colcon.colcon_core.package_identification:_identify(reactapp/src/design/button) by extension 'cmake'
[0.187s] Level 1:colcon.colcon_core.package_identification:_identify(reactapp/src/design/button) by extension 'python'
[0.187s] Level 1:colcon.colcon_core.package_identification:_identify(reactapp/src/design/button) by extensions ['python_setup_py']
[0.187s] Level 1:colcon.colcon_core.package_identification:_identify(reactapp/src/design/button) by extension 'python_setup_py'
[0.187s] Level 1:colcon.colcon_core.package_identification:_identify(reactapp/src/design/other) by extensions ['ignore', 'ignore_ament_install']
[0.187s] Level 1:colcon.colcon_core.package_identification:_identify(reactapp/src/design/other) by extension 'ignore'
[0.188s] Level 1:colcon.colcon_core.package_identification:_identify(reactapp/src/design/other) by extension 'ignore_ament_install'
[0.188s] Level 1:colcon.colcon_core.package_identification:_identify(reactapp/src/design/other) by extensions ['colcon_pkg']
[0.188s] Level 1:colcon.colcon_core.package_identification:_identify(reactapp/src/design/other) by extension 'colcon_pkg'
[0.188s] Level 1:colcon.colcon_core.package_identification:_identify(reactapp/src/design/other) by extensions ['colcon_meta']
[0.188s] Level 1:colcon.colcon_core.package_identification:_identify(reactapp/src/design/other) by extension 'colcon_meta'
[0.188s] Level 1:colcon.colcon_core.package_identification:_identify(reactapp/src/design/other) by extensions ['ros']
[0.188s] Level 1:colcon.colcon_core.package_identification:_identify(reactapp/src/design/other) by extension 'ros'
[0.188s] Level 1:colcon.colcon_core.package_identification:_identify(reactapp/src/design/other) by extensions ['cmake', 'python']
[0.188s] Level 1:colcon.colcon_core.package_identification:_identify(reactapp/src/design/other) by extension 'cmake'
[0.188s] Level 1:colcon.colcon_core.package_identification:_identify(reactapp/src/design/other) by extension 'python'
[0.188s] Level 1:colcon.colcon_core.package_identification:_identify(reactapp/src/design/other) by extensions ['python_setup_py']
[0.188s] Level 1:colcon.colcon_core.package_identification:_identify(reactapp/src/design/other) by extension 'python_setup_py'
[0.188s] Level 1:colcon.colcon_core.package_identification:_identify(reactapp/src/design/text) by extensions ['ignore', 'ignore_ament_install']
[0.188s] Level 1:colcon.colcon_core.package_identification:_identify(reactapp/src/design/text) by extension 'ignore'
[0.188s] Level 1:colcon.colcon_core.package_identification:_identify(reactapp/src/design/text) by extension 'ignore_ament_install'
[0.188s] Level 1:colcon.colcon_core.package_identification:_identify(reactapp/src/design/text) by extensions ['colcon_pkg']
[0.188s] Level 1:colcon.colcon_core.package_identification:_identify(reactapp/src/design/text) by extension 'colcon_pkg'
[0.188s] Level 1:colcon.colcon_core.package_identification:_identify(reactapp/src/design/text) by extensions ['colcon_meta']
[0.188s] Level 1:colcon.colcon_core.package_identification:_identify(reactapp/src/design/text) by extension 'colcon_meta'
[0.188s] Level 1:colcon.colcon_core.package_identification:_identify(reactapp/src/design/text) by extensions ['ros']
[0.188s] Level 1:colcon.colcon_core.package_identification:_identify(reactapp/src/design/text) by extension 'ros'
[0.188s] Level 1:colcon.colcon_core.package_identification:_identify(reactapp/src/design/text) by extensions ['cmake', 'python']
[0.188s] Level 1:colcon.colcon_core.package_identification:_identify(reactapp/src/design/text) by extension 'cmake'
[0.188s] Level 1:colcon.colcon_core.package_identification:_identify(reactapp/src/design/text) by extension 'python'
[0.188s] Level 1:colcon.colcon_core.package_identification:_identify(reactapp/src/design/text) by extensions ['python_setup_py']
[0.188s] Level 1:colcon.colcon_core.package_identification:_identify(reactapp/src/design/text) by extension 'python_setup_py'
[0.188s] Level 1:colcon.colcon_core.package_identification:_identify(reactapp/src/page) by extensions ['ignore', 'ignore_ament_install']
[0.188s] Level 1:colcon.colcon_core.package_identification:_identify(reactapp/src/page) by extension 'ignore'
[0.188s] Level 1:colcon.colcon_core.package_identification:_identify(reactapp/src/page) by extension 'ignore_ament_install'
[0.188s] Level 1:colcon.colcon_core.package_identification:_identify(reactapp/src/page) by extensions ['colcon_pkg']
[0.188s] Level 1:colcon.colcon_core.package_identification:_identify(reactapp/src/page) by extension 'colcon_pkg'
[0.188s] Level 1:colcon.colcon_core.package_identification:_identify(reactapp/src/page) by extensions ['colcon_meta']
[0.188s] Level 1:colcon.colcon_core.package_identification:_identify(reactapp/src/page) by extension 'colcon_meta'
[0.188s] Level 1:colcon.colcon_core.package_identification:_identify(reactapp/src/page) by extensions ['ros']
[0.188s] Level 1:colcon.colcon_core.package_identification:_identify(reactapp/src/page) by extension 'ros'
[0.188s] Level 1:colcon.colcon_core.package_identification:_identify(reactapp/src/page) by extensions ['cmake', 'python']
[0.188s] Level 1:colcon.colcon_core.package_identification:_identify(reactapp/src/page) by extension 'cmake'
[0.188s] Level 1:colcon.colcon_core.package_identification:_identify(reactapp/src/page) by extension 'python'
[0.188s] Level 1:colcon.colcon_core.package_identification:_identify(reactapp/src/page) by extensions ['python_setup_py']
[0.188s] Level 1:colcon.colcon_core.package_identification:_identify(reactapp/src/page) by extension 'python_setup_py'
[0.188s] Level 1:colcon.colcon_core.package_identification:_identify(reactapp/src/page/appbar) by extensions ['ignore', 'ignore_ament_install']
[0.188s] Level 1:colcon.colcon_core.package_identification:_identify(reactapp/src/page/appbar) by extension 'ignore'
[0.188s] Level 1:colcon.colcon_core.package_identification:_identify(reactapp/src/page/appbar) by extension 'ignore_ament_install'
[0.188s] Level 1:colcon.colcon_core.package_identification:_identify(reactapp/src/page/appbar) by extensions ['colcon_pkg']
[0.188s] Level 1:colcon.colcon_core.package_identification:_identify(reactapp/src/page/appbar) by extension 'colcon_pkg'
[0.188s] Level 1:colcon.colcon_core.package_identification:_identify(reactapp/src/page/appbar) by extensions ['colcon_meta']
[0.188s] Level 1:colcon.colcon_core.package_identification:_identify(reactapp/src/page/appbar) by extension 'colcon_meta'
[0.188s] Level 1:colcon.colcon_core.package_identification:_identify(reactapp/src/page/appbar) by extensions ['ros']
[0.188s] Level 1:colcon.colcon_core.package_identification:_identify(reactapp/src/page/appbar) by extension 'ros'
[0.188s] Level 1:colcon.colcon_core.package_identification:_identify(reactapp/src/page/appbar) by extensions ['cmake', 'python']
[0.188s] Level 1:colcon.colcon_core.package_identification:_identify(reactapp/src/page/appbar) by extension 'cmake'
[0.188s] Level 1:colcon.colcon_core.package_identification:_identify(reactapp/src/page/appbar) by extension 'python'
[0.189s] Level 1:colcon.colcon_core.package_identification:_identify(reactapp/src/page/appbar) by extensions ['python_setup_py']
[0.189s] Level 1:colcon.colcon_core.package_identification:_identify(reactapp/src/page/appbar) by extension 'python_setup_py'
[0.189s] Level 1:colcon.colcon_core.package_identification:_identify(reactapp/src/page/appbar/battery) by extensions ['ignore', 'ignore_ament_install']
[0.189s] Level 1:colcon.colcon_core.package_identification:_identify(reactapp/src/page/appbar/battery) by extension 'ignore'
[0.189s] Level 1:colcon.colcon_core.package_identification:_identify(reactapp/src/page/appbar/battery) by extension 'ignore_ament_install'
[0.189s] Level 1:colcon.colcon_core.package_identification:_identify(reactapp/src/page/appbar/battery) by extensions ['colcon_pkg']
[0.189s] Level 1:colcon.colcon_core.package_identification:_identify(reactapp/src/page/appbar/battery) by extension 'colcon_pkg'
[0.189s] Level 1:colcon.colcon_core.package_identification:_identify(reactapp/src/page/appbar/battery) by extensions ['colcon_meta']
[0.189s] Level 1:colcon.colcon_core.package_identification:_identify(reactapp/src/page/appbar/battery) by extension 'colcon_meta'
[0.189s] Level 1:colcon.colcon_core.package_identification:_identify(reactapp/src/page/appbar/battery) by extensions ['ros']
[0.189s] Level 1:colcon.colcon_core.package_identification:_identify(reactapp/src/page/appbar/battery) by extension 'ros'
[0.189s] Level 1:colcon.colcon_core.package_identification:_identify(reactapp/src/page/appbar/battery) by extensions ['cmake', 'python']
[0.189s] Level 1:colcon.colcon_core.package_identification:_identify(reactapp/src/page/appbar/battery) by extension 'cmake'
[0.189s] Level 1:colcon.colcon_core.package_identification:_identify(reactapp/src/page/appbar/battery) by extension 'python'
[0.189s] Level 1:colcon.colcon_core.package_identification:_identify(reactapp/src/page/appbar/battery) by extensions ['python_setup_py']
[0.189s] Level 1:colcon.colcon_core.package_identification:_identify(reactapp/src/page/appbar/battery) by extension 'python_setup_py'
[0.189s] Level 1:colcon.colcon_core.package_identification:_identify(reactapp/src/page/appbar/robotmonitor) by extensions ['ignore', 'ignore_ament_install']
[0.189s] Level 1:colcon.colcon_core.package_identification:_identify(reactapp/src/page/appbar/robotmonitor) by extension 'ignore'
[0.189s] Level 1:colcon.colcon_core.package_identification:_identify(reactapp/src/page/appbar/robotmonitor) by extension 'ignore_ament_install'
[0.189s] Level 1:colcon.colcon_core.package_identification:_identify(reactapp/src/page/appbar/robotmonitor) by extensions ['colcon_pkg']
[0.189s] Level 1:colcon.colcon_core.package_identification:_identify(reactapp/src/page/appbar/robotmonitor) by extension 'colcon_pkg'
[0.189s] Level 1:colcon.colcon_core.package_identification:_identify(reactapp/src/page/appbar/robotmonitor) by extensions ['colcon_meta']
[0.189s] Level 1:colcon.colcon_core.package_identification:_identify(reactapp/src/page/appbar/robotmonitor) by extension 'colcon_meta'
[0.189s] Level 1:colcon.colcon_core.package_identification:_identify(reactapp/src/page/appbar/robotmonitor) by extensions ['ros']
[0.189s] Level 1:colcon.colcon_core.package_identification:_identify(reactapp/src/page/appbar/robotmonitor) by extension 'ros'
[0.189s] Level 1:colcon.colcon_core.package_identification:_identify(reactapp/src/page/appbar/robotmonitor) by extensions ['cmake', 'python']
[0.189s] Level 1:colcon.colcon_core.package_identification:_identify(reactapp/src/page/appbar/robotmonitor) by extension 'cmake'
[0.189s] Level 1:colcon.colcon_core.package_identification:_identify(reactapp/src/page/appbar/robotmonitor) by extension 'python'
[0.189s] Level 1:colcon.colcon_core.package_identification:_identify(reactapp/src/page/appbar/robotmonitor) by extensions ['python_setup_py']
[0.189s] Level 1:colcon.colcon_core.package_identification:_identify(reactapp/src/page/appbar/robotmonitor) by extension 'python_setup_py'
[0.189s] Level 1:colcon.colcon_core.package_identification:_identify(reactapp/src/page/capture) by extensions ['ignore', 'ignore_ament_install']
[0.189s] Level 1:colcon.colcon_core.package_identification:_identify(reactapp/src/page/capture) by extension 'ignore'
[0.189s] Level 1:colcon.colcon_core.package_identification:_identify(reactapp/src/page/capture) by extension 'ignore_ament_install'
[0.189s] Level 1:colcon.colcon_core.package_identification:_identify(reactapp/src/page/capture) by extensions ['colcon_pkg']
[0.189s] Level 1:colcon.colcon_core.package_identification:_identify(reactapp/src/page/capture) by extension 'colcon_pkg'
[0.189s] Level 1:colcon.colcon_core.package_identification:_identify(reactapp/src/page/capture) by extensions ['colcon_meta']
[0.189s] Level 1:colcon.colcon_core.package_identification:_identify(reactapp/src/page/capture) by extension 'colcon_meta'
[0.189s] Level 1:colcon.colcon_core.package_identification:_identify(reactapp/src/page/capture) by extensions ['ros']
[0.189s] Level 1:colcon.colcon_core.package_identification:_identify(reactapp/src/page/capture) by extension 'ros'
[0.189s] Level 1:colcon.colcon_core.package_identification:_identify(reactapp/src/page/capture) by extensions ['cmake', 'python']
[0.189s] Level 1:colcon.colcon_core.package_identification:_identify(reactapp/src/page/capture) by extension 'cmake'
[0.189s] Level 1:colcon.colcon_core.package_identification:_identify(reactapp/src/page/capture) by extension 'python'
[0.189s] Level 1:colcon.colcon_core.package_identification:_identify(reactapp/src/page/capture) by extensions ['python_setup_py']
[0.189s] Level 1:colcon.colcon_core.package_identification:_identify(reactapp/src/page/capture) by extension 'python_setup_py'
[0.189s] Level 1:colcon.colcon_core.package_identification:_identify(reactapp/src/page/diagnotics) by extensions ['ignore', 'ignore_ament_install']
[0.189s] Level 1:colcon.colcon_core.package_identification:_identify(reactapp/src/page/diagnotics) by extension 'ignore'
[0.189s] Level 1:colcon.colcon_core.package_identification:_identify(reactapp/src/page/diagnotics) by extension 'ignore_ament_install'
[0.190s] Level 1:colcon.colcon_core.package_identification:_identify(reactapp/src/page/diagnotics) by extensions ['colcon_pkg']
[0.190s] Level 1:colcon.colcon_core.package_identification:_identify(reactapp/src/page/diagnotics) by extension 'colcon_pkg'
[0.190s] Level 1:colcon.colcon_core.package_identification:_identify(reactapp/src/page/diagnotics) by extensions ['colcon_meta']
[0.190s] Level 1:colcon.colcon_core.package_identification:_identify(reactapp/src/page/diagnotics) by extension 'colcon_meta'
[0.190s] Level 1:colcon.colcon_core.package_identification:_identify(reactapp/src/page/diagnotics) by extensions ['ros']
[0.190s] Level 1:colcon.colcon_core.package_identification:_identify(reactapp/src/page/diagnotics) by extension 'ros'
[0.190s] Level 1:colcon.colcon_core.package_identification:_identify(reactapp/src/page/diagnotics) by extensions ['cmake', 'python']
[0.190s] Level 1:colcon.colcon_core.package_identification:_identify(reactapp/src/page/diagnotics) by extension 'cmake'
[0.190s] Level 1:colcon.colcon_core.package_identification:_identify(reactapp/src/page/diagnotics) by extension 'python'
[0.190s] Level 1:colcon.colcon_core.package_identification:_identify(reactapp/src/page/diagnotics) by extensions ['python_setup_py']
[0.190s] Level 1:colcon.colcon_core.package_identification:_identify(reactapp/src/page/diagnotics) by extension 'python_setup_py'
[0.190s] Level 1:colcon.colcon_core.package_identification:_identify(reactapp/src/page/jaibridge) by extensions ['ignore', 'ignore_ament_install']
[0.190s] Level 1:colcon.colcon_core.package_identification:_identify(reactapp/src/page/jaibridge) by extension 'ignore'
[0.190s] Level 1:colcon.colcon_core.package_identification:_identify(reactapp/src/page/jaibridge) by extension 'ignore_ament_install'
[0.190s] Level 1:colcon.colcon_core.package_identification:_identify(reactapp/src/page/jaibridge) by extensions ['colcon_pkg']
[0.190s] Level 1:colcon.colcon_core.package_identification:_identify(reactapp/src/page/jaibridge) by extension 'colcon_pkg'
[0.190s] Level 1:colcon.colcon_core.package_identification:_identify(reactapp/src/page/jaibridge) by extensions ['colcon_meta']
[0.190s] Level 1:colcon.colcon_core.package_identification:_identify(reactapp/src/page/jaibridge) by extension 'colcon_meta'
[0.190s] Level 1:colcon.colcon_core.package_identification:_identify(reactapp/src/page/jaibridge) by extensions ['ros']
[0.190s] Level 1:colcon.colcon_core.package_identification:_identify(reactapp/src/page/jaibridge) by extension 'ros'
[0.190s] Level 1:colcon.colcon_core.package_identification:_identify(reactapp/src/page/jaibridge) by extensions ['cmake', 'python']
[0.190s] Level 1:colcon.colcon_core.package_identification:_identify(reactapp/src/page/jaibridge) by extension 'cmake'
[0.190s] Level 1:colcon.colcon_core.package_identification:_identify(reactapp/src/page/jaibridge) by extension 'python'
[0.190s] Level 1:colcon.colcon_core.package_identification:_identify(reactapp/src/page/jaibridge) by extensions ['python_setup_py']
[0.190s] Level 1:colcon.colcon_core.package_identification:_identify(reactapp/src/page/jaibridge) by extension 'python_setup_py'
[0.190s] Level 1:colcon.colcon_core.package_identification:_identify(reactapp/src/page/launch) by extensions ['ignore', 'ignore_ament_install']
[0.190s] Level 1:colcon.colcon_core.package_identification:_identify(reactapp/src/page/launch) by extension 'ignore'
[0.190s] Level 1:colcon.colcon_core.package_identification:_identify(reactapp/src/page/launch) by extension 'ignore_ament_install'
[0.190s] Level 1:colcon.colcon_core.package_identification:_identify(reactapp/src/page/launch) by extensions ['colcon_pkg']
[0.190s] Level 1:colcon.colcon_core.package_identification:_identify(reactapp/src/page/launch) by extension 'colcon_pkg'
[0.190s] Level 1:colcon.colcon_core.package_identification:_identify(reactapp/src/page/launch) by extensions ['colcon_meta']
[0.190s] Level 1:colcon.colcon_core.package_identification:_identify(reactapp/src/page/launch) by extension 'colcon_meta'
[0.190s] Level 1:colcon.colcon_core.package_identification:_identify(reactapp/src/page/launch) by extensions ['ros']
[0.190s] Level 1:colcon.colcon_core.package_identification:_identify(reactapp/src/page/launch) by extension 'ros'
[0.190s] Level 1:colcon.colcon_core.package_identification:_identify(reactapp/src/page/launch) by extensions ['cmake', 'python']
[0.190s] Level 1:colcon.colcon_core.package_identification:_identify(reactapp/src/page/launch) by extension 'cmake'
[0.190s] Level 1:colcon.colcon_core.package_identification:_identify(reactapp/src/page/launch) by extension 'python'
[0.190s] Level 1:colcon.colcon_core.package_identification:_identify(reactapp/src/page/launch) by extensions ['python_setup_py']
[0.190s] Level 1:colcon.colcon_core.package_identification:_identify(reactapp/src/page/launch) by extension 'python_setup_py'
[0.190s] Level 1:colcon.colcon_core.package_identification:_identify(reactapp/src/page/lidar) by extensions ['ignore', 'ignore_ament_install']
[0.190s] Level 1:colcon.colcon_core.package_identification:_identify(reactapp/src/page/lidar) by extension 'ignore'
[0.190s] Level 1:colcon.colcon_core.package_identification:_identify(reactapp/src/page/lidar) by extension 'ignore_ament_install'
[0.190s] Level 1:colcon.colcon_core.package_identification:_identify(reactapp/src/page/lidar) by extensions ['colcon_pkg']
[0.190s] Level 1:colcon.colcon_core.package_identification:_identify(reactapp/src/page/lidar) by extension 'colcon_pkg'
[0.190s] Level 1:colcon.colcon_core.package_identification:_identify(reactapp/src/page/lidar) by extensions ['colcon_meta']
[0.190s] Level 1:colcon.colcon_core.package_identification:_identify(reactapp/src/page/lidar) by extension 'colcon_meta'
[0.190s] Level 1:colcon.colcon_core.package_identification:_identify(reactapp/src/page/lidar) by extensions ['ros']
[0.190s] Level 1:colcon.colcon_core.package_identification:_identify(reactapp/src/page/lidar) by extension 'ros'
[0.190s] Level 1:colcon.colcon_core.package_identification:_identify(reactapp/src/page/lidar) by extensions ['cmake', 'python']
[0.190s] Level 1:colcon.colcon_core.package_identification:_identify(reactapp/src/page/lidar) by extension 'cmake'
[0.190s] Level 1:colcon.colcon_core.package_identification:_identify(reactapp/src/page/lidar) by extension 'python'
[0.190s] Level 1:colcon.colcon_core.package_identification:_identify(reactapp/src/page/lidar) by extensions ['python_setup_py']
[0.190s] Level 1:colcon.colcon_core.package_identification:_identify(reactapp/src/page/lidar) by extension 'python_setup_py'
[0.191s] Level 1:colcon.colcon_core.package_identification:_identify(reactapp/src/page/lucid) by extensions ['ignore', 'ignore_ament_install']
[0.191s] Level 1:colcon.colcon_core.package_identification:_identify(reactapp/src/page/lucid) by extension 'ignore'
[0.191s] Level 1:colcon.colcon_core.package_identification:_identify(reactapp/src/page/lucid) by extension 'ignore_ament_install'
[0.191s] Level 1:colcon.colcon_core.package_identification:_identify(reactapp/src/page/lucid) by extensions ['colcon_pkg']
[0.191s] Level 1:colcon.colcon_core.package_identification:_identify(reactapp/src/page/lucid) by extension 'colcon_pkg'
[0.191s] Level 1:colcon.colcon_core.package_identification:_identify(reactapp/src/page/lucid) by extensions ['colcon_meta']
[0.191s] Level 1:colcon.colcon_core.package_identification:_identify(reactapp/src/page/lucid) by extension 'colcon_meta'
[0.191s] Level 1:colcon.colcon_core.package_identification:_identify(reactapp/src/page/lucid) by extensions ['ros']
[0.191s] Level 1:colcon.colcon_core.package_identification:_identify(reactapp/src/page/lucid) by extension 'ros'
[0.191s] Level 1:colcon.colcon_core.package_identification:_identify(reactapp/src/page/lucid) by extensions ['cmake', 'python']
[0.191s] Level 1:colcon.colcon_core.package_identification:_identify(reactapp/src/page/lucid) by extension 'cmake'
[0.191s] Level 1:colcon.colcon_core.package_identification:_identify(reactapp/src/page/lucid) by extension 'python'
[0.191s] Level 1:colcon.colcon_core.package_identification:_identify(reactapp/src/page/lucid) by extensions ['python_setup_py']
[0.191s] Level 1:colcon.colcon_core.package_identification:_identify(reactapp/src/page/lucid) by extension 'python_setup_py'
[0.191s] Level 1:colcon.colcon_core.package_identification:_identify(reactapp/src/page/nodes) by extensions ['ignore', 'ignore_ament_install']
[0.191s] Level 1:colcon.colcon_core.package_identification:_identify(reactapp/src/page/nodes) by extension 'ignore'
[0.191s] Level 1:colcon.colcon_core.package_identification:_identify(reactapp/src/page/nodes) by extension 'ignore_ament_install'
[0.191s] Level 1:colcon.colcon_core.package_identification:_identify(reactapp/src/page/nodes) by extensions ['colcon_pkg']
[0.191s] Level 1:colcon.colcon_core.package_identification:_identify(reactapp/src/page/nodes) by extension 'colcon_pkg'
[0.191s] Level 1:colcon.colcon_core.package_identification:_identify(reactapp/src/page/nodes) by extensions ['colcon_meta']
[0.191s] Level 1:colcon.colcon_core.package_identification:_identify(reactapp/src/page/nodes) by extension 'colcon_meta'
[0.191s] Level 1:colcon.colcon_core.package_identification:_identify(reactapp/src/page/nodes) by extensions ['ros']
[0.191s] Level 1:colcon.colcon_core.package_identification:_identify(reactapp/src/page/nodes) by extension 'ros'
[0.191s] Level 1:colcon.colcon_core.package_identification:_identify(reactapp/src/page/nodes) by extensions ['cmake', 'python']
[0.191s] Level 1:colcon.colcon_core.package_identification:_identify(reactapp/src/page/nodes) by extension 'cmake'
[0.191s] Level 1:colcon.colcon_core.package_identification:_identify(reactapp/src/page/nodes) by extension 'python'
[0.191s] Level 1:colcon.colcon_core.package_identification:_identify(reactapp/src/page/nodes) by extensions ['python_setup_py']
[0.191s] Level 1:colcon.colcon_core.package_identification:_identify(reactapp/src/page/nodes) by extension 'python_setup_py'
[0.191s] Level 1:colcon.colcon_core.package_identification:_identify(reactapp/src/page/polarization) by extensions ['ignore', 'ignore_ament_install']
[0.191s] Level 1:colcon.colcon_core.package_identification:_identify(reactapp/src/page/polarization) by extension 'ignore'
[0.191s] Level 1:colcon.colcon_core.package_identification:_identify(reactapp/src/page/polarization) by extension 'ignore_ament_install'
[0.191s] Level 1:colcon.colcon_core.package_identification:_identify(reactapp/src/page/polarization) by extensions ['colcon_pkg']
[0.191s] Level 1:colcon.colcon_core.package_identification:_identify(reactapp/src/page/polarization) by extension 'colcon_pkg'
[0.191s] Level 1:colcon.colcon_core.package_identification:_identify(reactapp/src/page/polarization) by extensions ['colcon_meta']
[0.191s] Level 1:colcon.colcon_core.package_identification:_identify(reactapp/src/page/polarization) by extension 'colcon_meta'
[0.191s] Level 1:colcon.colcon_core.package_identification:_identify(reactapp/src/page/polarization) by extensions ['ros']
[0.191s] Level 1:colcon.colcon_core.package_identification:_identify(reactapp/src/page/polarization) by extension 'ros'
[0.191s] Level 1:colcon.colcon_core.package_identification:_identify(reactapp/src/page/polarization) by extensions ['cmake', 'python']
[0.191s] Level 1:colcon.colcon_core.package_identification:_identify(reactapp/src/page/polarization) by extension 'cmake'
[0.191s] Level 1:colcon.colcon_core.package_identification:_identify(reactapp/src/page/polarization) by extension 'python'
[0.191s] Level 1:colcon.colcon_core.package_identification:_identify(reactapp/src/page/polarization) by extensions ['python_setup_py']
[0.191s] Level 1:colcon.colcon_core.package_identification:_identify(reactapp/src/page/polarization) by extension 'python_setup_py'
[0.191s] Level 1:colcon.colcon_core.package_identification:_identify(reactapp/src/page/sensors) by extensions ['ignore', 'ignore_ament_install']
[0.191s] Level 1:colcon.colcon_core.package_identification:_identify(reactapp/src/page/sensors) by extension 'ignore'
[0.191s] Level 1:colcon.colcon_core.package_identification:_identify(reactapp/src/page/sensors) by extension 'ignore_ament_install'
[0.191s] Level 1:colcon.colcon_core.package_identification:_identify(reactapp/src/page/sensors) by extensions ['colcon_pkg']
[0.191s] Level 1:colcon.colcon_core.package_identification:_identify(reactapp/src/page/sensors) by extension 'colcon_pkg'
[0.191s] Level 1:colcon.colcon_core.package_identification:_identify(reactapp/src/page/sensors) by extensions ['colcon_meta']
[0.191s] Level 1:colcon.colcon_core.package_identification:_identify(reactapp/src/page/sensors) by extension 'colcon_meta'
[0.191s] Level 1:colcon.colcon_core.package_identification:_identify(reactapp/src/page/sensors) by extensions ['ros']
[0.191s] Level 1:colcon.colcon_core.package_identification:_identify(reactapp/src/page/sensors) by extension 'ros'
[0.191s] Level 1:colcon.colcon_core.package_identification:_identify(reactapp/src/page/sensors) by extensions ['cmake', 'python']
[0.191s] Level 1:colcon.colcon_core.package_identification:_identify(reactapp/src/page/sensors) by extension 'cmake'
[0.191s] Level 1:colcon.colcon_core.package_identification:_identify(reactapp/src/page/sensors) by extension 'python'
[0.191s] Level 1:colcon.colcon_core.package_identification:_identify(reactapp/src/page/sensors) by extensions ['python_setup_py']
[0.191s] Level 1:colcon.colcon_core.package_identification:_identify(reactapp/src/page/sensors) by extension 'python_setup_py'
[0.192s] Level 1:colcon.colcon_core.package_identification:_identify(reactapp/src/page/service) by extensions ['ignore', 'ignore_ament_install']
[0.192s] Level 1:colcon.colcon_core.package_identification:_identify(reactapp/src/page/service) by extension 'ignore'
[0.192s] Level 1:colcon.colcon_core.package_identification:_identify(reactapp/src/page/service) by extension 'ignore_ament_install'
[0.192s] Level 1:colcon.colcon_core.package_identification:_identify(reactapp/src/page/service) by extensions ['colcon_pkg']
[0.192s] Level 1:colcon.colcon_core.package_identification:_identify(reactapp/src/page/service) by extension 'colcon_pkg'
[0.192s] Level 1:colcon.colcon_core.package_identification:_identify(reactapp/src/page/service) by extensions ['colcon_meta']
[0.192s] Level 1:colcon.colcon_core.package_identification:_identify(reactapp/src/page/service) by extension 'colcon_meta'
[0.192s] Level 1:colcon.colcon_core.package_identification:_identify(reactapp/src/page/service) by extensions ['ros']
[0.192s] Level 1:colcon.colcon_core.package_identification:_identify(reactapp/src/page/service) by extension 'ros'
[0.192s] Level 1:colcon.colcon_core.package_identification:_identify(reactapp/src/page/service) by extensions ['cmake', 'python']
[0.192s] Level 1:colcon.colcon_core.package_identification:_identify(reactapp/src/page/service) by extension 'cmake'
[0.192s] Level 1:colcon.colcon_core.package_identification:_identify(reactapp/src/page/service) by extension 'python'
[0.192s] Level 1:colcon.colcon_core.package_identification:_identify(reactapp/src/page/service) by extensions ['python_setup_py']
[0.192s] Level 1:colcon.colcon_core.package_identification:_identify(reactapp/src/page/service) by extension 'python_setup_py'
[0.192s] Level 1:colcon.colcon_core.package_identification:_identify(reactapp/src/page/slam) by extensions ['ignore', 'ignore_ament_install']
[0.192s] Level 1:colcon.colcon_core.package_identification:_identify(reactapp/src/page/slam) by extension 'ignore'
[0.192s] Level 1:colcon.colcon_core.package_identification:_identify(reactapp/src/page/slam) by extension 'ignore_ament_install'
[0.192s] Level 1:colcon.colcon_core.package_identification:_identify(reactapp/src/page/slam) by extensions ['colcon_pkg']
[0.192s] Level 1:colcon.colcon_core.package_identification:_identify(reactapp/src/page/slam) by extension 'colcon_pkg'
[0.192s] Level 1:colcon.colcon_core.package_identification:_identify(reactapp/src/page/slam) by extensions ['colcon_meta']
[0.192s] Level 1:colcon.colcon_core.package_identification:_identify(reactapp/src/page/slam) by extension 'colcon_meta'
[0.192s] Level 1:colcon.colcon_core.package_identification:_identify(reactapp/src/page/slam) by extensions ['ros']
[0.192s] Level 1:colcon.colcon_core.package_identification:_identify(reactapp/src/page/slam) by extension 'ros'
[0.192s] Level 1:colcon.colcon_core.package_identification:_identify(reactapp/src/page/slam) by extensions ['cmake', 'python']
[0.192s] Level 1:colcon.colcon_core.package_identification:_identify(reactapp/src/page/slam) by extension 'cmake'
[0.192s] Level 1:colcon.colcon_core.package_identification:_identify(reactapp/src/page/slam) by extension 'python'
[0.192s] Level 1:colcon.colcon_core.package_identification:_identify(reactapp/src/page/slam) by extensions ['python_setup_py']
[0.192s] Level 1:colcon.colcon_core.package_identification:_identify(reactapp/src/page/slam) by extension 'python_setup_py'
[0.192s] Level 1:colcon.colcon_core.package_identification:_identify(reactapp/src/page/topic) by extensions ['ignore', 'ignore_ament_install']
[0.192s] Level 1:colcon.colcon_core.package_identification:_identify(reactapp/src/page/topic) by extension 'ignore'
[0.192s] Level 1:colcon.colcon_core.package_identification:_identify(reactapp/src/page/topic) by extension 'ignore_ament_install'
[0.192s] Level 1:colcon.colcon_core.package_identification:_identify(reactapp/src/page/topic) by extensions ['colcon_pkg']
[0.192s] Level 1:colcon.colcon_core.package_identification:_identify(reactapp/src/page/topic) by extension 'colcon_pkg'
[0.192s] Level 1:colcon.colcon_core.package_identification:_identify(reactapp/src/page/topic) by extensions ['colcon_meta']
[0.192s] Level 1:colcon.colcon_core.package_identification:_identify(reactapp/src/page/topic) by extension 'colcon_meta'
[0.192s] Level 1:colcon.colcon_core.package_identification:_identify(reactapp/src/page/topic) by extensions ['ros']
[0.192s] Level 1:colcon.colcon_core.package_identification:_identify(reactapp/src/page/topic) by extension 'ros'
[0.192s] Level 1:colcon.colcon_core.package_identification:_identify(reactapp/src/page/topic) by extensions ['cmake', 'python']
[0.192s] Level 1:colcon.colcon_core.package_identification:_identify(reactapp/src/page/topic) by extension 'cmake'
[0.192s] Level 1:colcon.colcon_core.package_identification:_identify(reactapp/src/page/topic) by extension 'python'
[0.192s] Level 1:colcon.colcon_core.package_identification:_identify(reactapp/src/page/topic) by extensions ['python_setup_py']
[0.192s] Level 1:colcon.colcon_core.package_identification:_identify(reactapp/src/page/topic) by extension 'python_setup_py'
[0.192s] Level 1:colcon.colcon_core.package_identification:_identify(reactapp/src/public) by extensions ['ignore', 'ignore_ament_install']
[0.192s] Level 1:colcon.colcon_core.package_identification:_identify(reactapp/src/public) by extension 'ignore'
[0.192s] Level 1:colcon.colcon_core.package_identification:_identify(reactapp/src/public) by extension 'ignore_ament_install'
[0.192s] Level 1:colcon.colcon_core.package_identification:_identify(reactapp/src/public) by extensions ['colcon_pkg']
[0.192s] Level 1:colcon.colcon_core.package_identification:_identify(reactapp/src/public) by extension 'colcon_pkg'
[0.192s] Level 1:colcon.colcon_core.package_identification:_identify(reactapp/src/public) by extensions ['colcon_meta']
[0.192s] Level 1:colcon.colcon_core.package_identification:_identify(reactapp/src/public) by extension 'colcon_meta'
[0.192s] Level 1:colcon.colcon_core.package_identification:_identify(reactapp/src/public) by extensions ['ros']
[0.192s] Level 1:colcon.colcon_core.package_identification:_identify(reactapp/src/public) by extension 'ros'
[0.192s] Level 1:colcon.colcon_core.package_identification:_identify(reactapp/src/public) by extensions ['cmake', 'python']
[0.192s] Level 1:colcon.colcon_core.package_identification:_identify(reactapp/src/public) by extension 'cmake'
[0.193s] Level 1:colcon.colcon_core.package_identification:_identify(reactapp/src/public) by extension 'python'
[0.193s] Level 1:colcon.colcon_core.package_identification:_identify(reactapp/src/public) by extensions ['python_setup_py']
[0.193s] Level 1:colcon.colcon_core.package_identification:_identify(reactapp/src/public) by extension 'python_setup_py'
[0.193s] Level 1:colcon.colcon_core.package_identification:_identify(reactapp/src/public/proto) by extensions ['ignore', 'ignore_ament_install']
[0.193s] Level 1:colcon.colcon_core.package_identification:_identify(reactapp/src/public/proto) by extension 'ignore'
[0.193s] Level 1:colcon.colcon_core.package_identification:_identify(reactapp/src/public/proto) by extension 'ignore_ament_install'
[0.193s] Level 1:colcon.colcon_core.package_identification:_identify(reactapp/src/public/proto) by extensions ['colcon_pkg']
[0.193s] Level 1:colcon.colcon_core.package_identification:_identify(reactapp/src/public/proto) by extension 'colcon_pkg'
[0.193s] Level 1:colcon.colcon_core.package_identification:_identify(reactapp/src/public/proto) by extensions ['colcon_meta']
[0.193s] Level 1:colcon.colcon_core.package_identification:_identify(reactapp/src/public/proto) by extension 'colcon_meta'
[0.193s] Level 1:colcon.colcon_core.package_identification:_identify(reactapp/src/public/proto) by extensions ['ros']
[0.193s] Level 1:colcon.colcon_core.package_identification:_identify(reactapp/src/public/proto) by extension 'ros'
[0.193s] Level 1:colcon.colcon_core.package_identification:_identify(reactapp/src/public/proto) by extensions ['cmake', 'python']
[0.193s] Level 1:colcon.colcon_core.package_identification:_identify(reactapp/src/public/proto) by extension 'cmake'
[0.193s] Level 1:colcon.colcon_core.package_identification:_identify(reactapp/src/public/proto) by extension 'python'
[0.193s] Level 1:colcon.colcon_core.package_identification:_identify(reactapp/src/public/proto) by extensions ['python_setup_py']
[0.193s] Level 1:colcon.colcon_core.package_identification:_identify(reactapp/src/public/proto) by extension 'python_setup_py'
[0.193s] Level 1:colcon.colcon_core.package_identification:_identify(reactapp/src/resource) by extensions ['ignore', 'ignore_ament_install']
[0.193s] Level 1:colcon.colcon_core.package_identification:_identify(reactapp/src/resource) by extension 'ignore'
[0.193s] Level 1:colcon.colcon_core.package_identification:_identify(reactapp/src/resource) by extension 'ignore_ament_install'
[0.193s] Level 1:colcon.colcon_core.package_identification:_identify(reactapp/src/resource) by extensions ['colcon_pkg']
[0.193s] Level 1:colcon.colcon_core.package_identification:_identify(reactapp/src/resource) by extension 'colcon_pkg'
[0.193s] Level 1:colcon.colcon_core.package_identification:_identify(reactapp/src/resource) by extensions ['colcon_meta']
[0.193s] Level 1:colcon.colcon_core.package_identification:_identify(reactapp/src/resource) by extension 'colcon_meta'
[0.193s] Level 1:colcon.colcon_core.package_identification:_identify(reactapp/src/resource) by extensions ['ros']
[0.193s] Level 1:colcon.colcon_core.package_identification:_identify(reactapp/src/resource) by extension 'ros'
[0.193s] Level 1:colcon.colcon_core.package_identification:_identify(reactapp/src/resource) by extensions ['cmake', 'python']
[0.193s] Level 1:colcon.colcon_core.package_identification:_identify(reactapp/src/resource) by extension 'cmake'
[0.193s] Level 1:colcon.colcon_core.package_identification:_identify(reactapp/src/resource) by extension 'python'
[0.193s] Level 1:colcon.colcon_core.package_identification:_identify(reactapp/src/resource) by extensions ['python_setup_py']
[0.193s] Level 1:colcon.colcon_core.package_identification:_identify(reactapp/src/resource) by extension 'python_setup_py'
[0.193s] Level 1:colcon.colcon_core.package_identification:_identify(reactapp/src/static) by extensions ['ignore', 'ignore_ament_install']
[0.193s] Level 1:colcon.colcon_core.package_identification:_identify(reactapp/src/static) by extension 'ignore'
[0.193s] Level 1:colcon.colcon_core.package_identification:_identify(reactapp/src/static) by extension 'ignore_ament_install'
[0.193s] Level 1:colcon.colcon_core.package_identification:_identify(reactapp/src/static) by extensions ['colcon_pkg']
[0.193s] Level 1:colcon.colcon_core.package_identification:_identify(reactapp/src/static) by extension 'colcon_pkg'
[0.193s] Level 1:colcon.colcon_core.package_identification:_identify(reactapp/src/static) by extensions ['colcon_meta']
[0.193s] Level 1:colcon.colcon_core.package_identification:_identify(reactapp/src/static) by extension 'colcon_meta'
[0.193s] Level 1:colcon.colcon_core.package_identification:_identify(reactapp/src/static) by extensions ['ros']
[0.193s] Level 1:colcon.colcon_core.package_identification:_identify(reactapp/src/static) by extension 'ros'
[0.193s] Level 1:colcon.colcon_core.package_identification:_identify(reactapp/src/static) by extensions ['cmake', 'python']
[0.193s] Level 1:colcon.colcon_core.package_identification:_identify(reactapp/src/static) by extension 'cmake'
[0.193s] Level 1:colcon.colcon_core.package_identification:_identify(reactapp/src/static) by extension 'python'
[0.193s] Level 1:colcon.colcon_core.package_identification:_identify(reactapp/src/static) by extensions ['python_setup_py']
[0.193s] Level 1:colcon.colcon_core.package_identification:_identify(reactapp/src/static) by extension 'python_setup_py'
[0.193s] Level 1:colcon.colcon_core.package_identification:_identify(reactapp/src/stores) by extensions ['ignore', 'ignore_ament_install']
[0.193s] Level 1:colcon.colcon_core.package_identification:_identify(reactapp/src/stores) by extension 'ignore'
[0.193s] Level 1:colcon.colcon_core.package_identification:_identify(reactapp/src/stores) by extension 'ignore_ament_install'
[0.193s] Level 1:colcon.colcon_core.package_identification:_identify(reactapp/src/stores) by extensions ['colcon_pkg']
[0.193s] Level 1:colcon.colcon_core.package_identification:_identify(reactapp/src/stores) by extension 'colcon_pkg'
[0.193s] Level 1:colcon.colcon_core.package_identification:_identify(reactapp/src/stores) by extensions ['colcon_meta']
[0.194s] Level 1:colcon.colcon_core.package_identification:_identify(reactapp/src/stores) by extension 'colcon_meta'
[0.194s] Level 1:colcon.colcon_core.package_identification:_identify(reactapp/src/stores) by extensions ['ros']
[0.194s] Level 1:colcon.colcon_core.package_identification:_identify(reactapp/src/stores) by extension 'ros'
[0.194s] Level 1:colcon.colcon_core.package_identification:_identify(reactapp/src/stores) by extensions ['cmake', 'python']
[0.194s] Level 1:colcon.colcon_core.package_identification:_identify(reactapp/src/stores) by extension 'cmake'
[0.194s] Level 1:colcon.colcon_core.package_identification:_identify(reactapp/src/stores) by extension 'python'
[0.194s] Level 1:colcon.colcon_core.package_identification:_identify(reactapp/src/stores) by extensions ['python_setup_py']
[0.194s] Level 1:colcon.colcon_core.package_identification:_identify(reactapp/src/stores) by extension 'python_setup_py'
[0.194s] Level 1:colcon.colcon_core.package_identification:_identify(rosapp) by extensions ['ignore', 'ignore_ament_install']
[0.194s] Level 1:colcon.colcon_core.package_identification:_identify(rosapp) by extension 'ignore'
[0.194s] Level 1:colcon.colcon_core.package_identification:_identify(rosapp) by extension 'ignore_ament_install'
[0.194s] Level 1:colcon.colcon_core.package_identification:_identify(rosapp) by extensions ['colcon_pkg']
[0.194s] Level 1:colcon.colcon_core.package_identification:_identify(rosapp) by extension 'colcon_pkg'
[0.194s] Level 1:colcon.colcon_core.package_identification:_identify(rosapp) by extensions ['colcon_meta']
[0.194s] Level 1:colcon.colcon_core.package_identification:_identify(rosapp) by extension 'colcon_meta'
[0.194s] Level 1:colcon.colcon_core.package_identification:_identify(rosapp) by extensions ['ros']
[0.194s] Level 1:colcon.colcon_core.package_identification:_identify(rosapp) by extension 'ros'
[0.194s] Level 1:colcon.colcon_core.package_identification:_identify(rosapp) by extensions ['cmake', 'python']
[0.194s] Level 1:colcon.colcon_core.package_identification:_identify(rosapp) by extension 'cmake'
[0.194s] Level 1:colcon.colcon_core.package_identification:_identify(rosapp) by extension 'python'
[0.194s] Level 1:colcon.colcon_core.package_identification:_identify(rosapp) by extensions ['python_setup_py']
[0.194s] Level 1:colcon.colcon_core.package_identification:_identify(rosapp) by extension 'python_setup_py'
[0.194s] Level 1:colcon.colcon_core.package_identification:_identify(rosapp/bash) by extensions ['ignore', 'ignore_ament_install']
[0.194s] Level 1:colcon.colcon_core.package_identification:_identify(rosapp/bash) by extension 'ignore'
[0.194s] Level 1:colcon.colcon_core.package_identification:_identify(rosapp/bash) by extension 'ignore_ament_install'
[0.194s] Level 1:colcon.colcon_core.package_identification:_identify(rosapp/bash) by extensions ['colcon_pkg']
[0.194s] Level 1:colcon.colcon_core.package_identification:_identify(rosapp/bash) by extension 'colcon_pkg'
[0.194s] Level 1:colcon.colcon_core.package_identification:_identify(rosapp/bash) by extensions ['colcon_meta']
[0.194s] Level 1:colcon.colcon_core.package_identification:_identify(rosapp/bash) by extension 'colcon_meta'
[0.194s] Level 1:colcon.colcon_core.package_identification:_identify(rosapp/bash) by extensions ['ros']
[0.194s] Level 1:colcon.colcon_core.package_identification:_identify(rosapp/bash) by extension 'ros'
[0.194s] Level 1:colcon.colcon_core.package_identification:_identify(rosapp/bash) by extensions ['cmake', 'python']
[0.194s] Level 1:colcon.colcon_core.package_identification:_identify(rosapp/bash) by extension 'cmake'
[0.194s] Level 1:colcon.colcon_core.package_identification:_identify(rosapp/bash) by extension 'python'
[0.194s] Level 1:colcon.colcon_core.package_identification:_identify(rosapp/bash) by extensions ['python_setup_py']
[0.194s] Level 1:colcon.colcon_core.package_identification:_identify(rosapp/bash) by extension 'python_setup_py'
[0.194s] Level 1:colcon.colcon_core.package_identification:_identify(rosapp/camera_function) by extensions ['ignore', 'ignore_ament_install']
[0.194s] Level 1:colcon.colcon_core.package_identification:_identify(rosapp/camera_function) by extension 'ignore'
[0.194s] Level 1:colcon.colcon_core.package_identification:_identify(rosapp/camera_function) by extension 'ignore_ament_install'
[0.194s] Level 1:colcon.colcon_core.package_identification:_identify(rosapp/camera_function) by extensions ['colcon_pkg']
[0.194s] Level 1:colcon.colcon_core.package_identification:_identify(rosapp/camera_function) by extension 'colcon_pkg'
[0.194s] Level 1:colcon.colcon_core.package_identification:_identify(rosapp/camera_function) by extensions ['colcon_meta']
[0.194s] Level 1:colcon.colcon_core.package_identification:_identify(rosapp/camera_function) by extension 'colcon_meta'
[0.194s] Level 1:colcon.colcon_core.package_identification:_identify(rosapp/camera_function) by extensions ['ros']
[0.194s] Level 1:colcon.colcon_core.package_identification:_identify(rosapp/camera_function) by extension 'ros'
[0.194s] Level 1:colcon.colcon_core.package_identification:_identify(rosapp/camera_function) by extensions ['cmake', 'python']
[0.194s] Level 1:colcon.colcon_core.package_identification:_identify(rosapp/camera_function) by extension 'cmake'
[0.194s] Level 1:colcon.colcon_core.package_identification:_identify(rosapp/camera_function) by extension 'python'
[0.194s] Level 1:colcon.colcon_core.package_identification:_identify(rosapp/camera_function) by extensions ['python_setup_py']
[0.194s] Level 1:colcon.colcon_core.package_identification:_identify(rosapp/camera_function) by extension 'python_setup_py'
[0.194s] Level 1:colcon.colcon_core.package_identification:_identify(rosapp/share) by extensions ['ignore', 'ignore_ament_install']
[0.194s] Level 1:colcon.colcon_core.package_identification:_identify(rosapp/share) by extension 'ignore'
[0.195s] Level 1:colcon.colcon_core.package_identification:_identify(rosapp/share) by extension 'ignore_ament_install'
[0.195s] Level 1:colcon.colcon_core.package_identification:_identify(rosapp/share) by extensions ['colcon_pkg']
[0.195s] Level 1:colcon.colcon_core.package_identification:_identify(rosapp/share) by extension 'colcon_pkg'
[0.195s] Level 1:colcon.colcon_core.package_identification:_identify(rosapp/share) by extensions ['colcon_meta']
[0.195s] Level 1:colcon.colcon_core.package_identification:_identify(rosapp/share) by extension 'colcon_meta'
[0.195s] Level 1:colcon.colcon_core.package_identification:_identify(rosapp/share) by extensions ['ros']
[0.195s] Level 1:colcon.colcon_core.package_identification:_identify(rosapp/share) by extension 'ros'
[0.195s] Level 1:colcon.colcon_core.package_identification:_identify(rosapp/share) by extensions ['cmake', 'python']
[0.195s] Level 1:colcon.colcon_core.package_identification:_identify(rosapp/share) by extension 'cmake'
[0.195s] Level 1:colcon.colcon_core.package_identification:_identify(rosapp/share) by extension 'python'
[0.195s] Level 1:colcon.colcon_core.package_identification:_identify(rosapp/share) by extensions ['python_setup_py']
[0.195s] Level 1:colcon.colcon_core.package_identification:_identify(rosapp/share) by extension 'python_setup_py'
[0.195s] Level 1:colcon.colcon_core.package_discovery:discover_packages(recursive) using defaults
[0.195s] Level 1:colcon.colcon_core.package_discovery:discover_packages(ignore) discover
[0.195s] Level 1:colcon.colcon_core.package_discovery:discover_packages(ignore) using defaults
[0.195s] Level 1:colcon.colcon_core.package_discovery:discover_packages(path) discover
[0.195s] Level 1:colcon.colcon_core.package_discovery:discover_packages(path) using defaults
[0.214s] Level 1:colcon.colcon_core.package_discovery:discover_packages(prefix_path) check parameters
[0.215s] Level 1:colcon.colcon_core.package_discovery:discover_packages(prefix_path) discover
[0.216s] DEBUG:colcon.colcon_installed_package_information.package_discovery:Found 315 installed packages in /opt/ros/humble
[0.217s] Level 1:colcon.colcon_core.package_discovery:discover_packages(prefix_path) using defaults
[0.237s] Level 5:colcon.colcon_core.verb:set package 'dcs103e_controller' build argument 'cmake_args' from command line to 'None'
[0.237s] Level 5:colcon.colcon_core.verb:set package 'dcs103e_controller' build argument 'cmake_target' from command line to 'None'
[0.237s] Level 5:colcon.colcon_core.verb:set package 'dcs103e_controller' build argument 'cmake_target_skip_unavailable' from command line to 'False'
[0.237s] Level 5:colcon.colcon_core.verb:set package 'dcs103e_controller' build argument 'cmake_clean_cache' from command line to 'False'
[0.237s] Level 5:colcon.colcon_core.verb:set package 'dcs103e_controller' build argument 'cmake_clean_first' from command line to 'False'
[0.237s] Level 5:colcon.colcon_core.verb:set package 'dcs103e_controller' build argument 'cmake_force_configure' from command line to 'False'
[0.238s] Level 5:colcon.colcon_core.verb:set package 'dcs103e_controller' build argument 'ament_cmake_args' from command line to 'None'
[0.238s] Level 5:colcon.colcon_core.verb:set package 'dcs103e_controller' build argument 'catkin_cmake_args' from command line to 'None'
[0.238s] Level 5:colcon.colcon_core.verb:set package 'dcs103e_controller' build argument 'catkin_skip_building_tests' from command line to 'False'
[0.238s] DEBUG:colcon.colcon_core.verb:Building package 'dcs103e_controller' with the following arguments: {'ament_cmake_args': None, 'build_base': '/home/cg-tuf/turtlebot4_flask/build/dcs103e_controller', 'catkin_cmake_args': None, 'catkin_skip_building_tests': False, 'cmake_args': None, 'cmake_clean_cache': False, 'cmake_clean_first': False, 'cmake_force_configure': False, 'cmake_target': None, 'cmake_target_skip_unavailable': False, 'install_base': '/home/cg-tuf/turtlebot4_flask/install/dcs103e_controller', 'merge_install': False, 'path': '/home/cg-tuf/turtlebot4_flask/clientapp/instance/dcs103e', 'symlink_install': False, 'test_result_base': None}
[0.238s] Level 5:colcon.colcon_core.verb:set package 'jai_rosbridge' build argument 'cmake_args' from command line to 'None'
[0.238s] Level 5:colcon.colcon_core.verb:set package 'jai_rosbridge' build argument 'cmake_target' from command line to 'None'
[0.238s] Level 5:colcon.colcon_core.verb:set package 'jai_rosbridge' build argument 'cmake_target_skip_unavailable' from command line to 'False'
[0.238s] Level 5:colcon.colcon_core.verb:set package 'jai_rosbridge' build argument 'cmake_clean_cache' from command line to 'False'
[0.238s] Level 5:colcon.colcon_core.verb:set package 'jai_rosbridge' build argument 'cmake_clean_first' from command line to 'False'
[0.238s] Level 5:colcon.colcon_core.verb:set package 'jai_rosbridge' build argument 'cmake_force_configure' from command line to 'False'
[0.238s] Level 5:colcon.colcon_core.verb:set package 'jai_rosbridge' build argument 'ament_cmake_args' from command line to 'None'
[0.238s] Level 5:colcon.colcon_core.verb:set package 'jai_rosbridge' build argument 'catkin_cmake_args' from command line to 'None'
[0.238s] Level 5:colcon.colcon_core.verb:set package 'jai_rosbridge' build argument 'catkin_skip_building_tests' from command line to 'False'
[0.238s] DEBUG:colcon.colcon_core.verb:Building package 'jai_rosbridge' with the following arguments: {'ament_cmake_args': None, 'build_base': '/home/cg-tuf/turtlebot4_flask/build/jai_rosbridge', 'catkin_cmake_args': None, 'catkin_skip_building_tests': False, 'cmake_args': None, 'cmake_clean_cache': False, 'cmake_clean_first': False, 'cmake_force_configure': False, 'cmake_target': None, 'cmake_target_skip_unavailable': False, 'install_base': '/home/cg-tuf/turtlebot4_flask/install/jai_rosbridge', 'merge_install': False, 'path': '/home/cg-tuf/turtlebot4_flask/clientapp/instance/jai/jai_rosbridge', 'symlink_install': False, 'test_result_base': None}
[0.238s] Level 5:colcon.colcon_core.verb:set package 'piper' build argument 'cmake_args' from command line to 'None'
[0.238s] Level 5:colcon.colcon_core.verb:set package 'piper' build argument 'cmake_target' from command line to 'None'
[0.238s] Level 5:colcon.colcon_core.verb:set package 'piper' build argument 'cmake_target_skip_unavailable' from command line to 'False'
[0.238s] Level 5:colcon.colcon_core.verb:set package 'piper' build argument 'cmake_clean_cache' from command line to 'False'
[0.238s] Level 5:colcon.colcon_core.verb:set package 'piper' build argument 'cmake_clean_first' from command line to 'False'
[0.238s] Level 5:colcon.colcon_core.verb:set package 'piper' build argument 'cmake_force_configure' from command line to 'False'
[0.238s] Level 5:colcon.colcon_core.verb:set package 'piper' build argument 'ament_cmake_args' from command line to 'None'
[0.238s] Level 5:colcon.colcon_core.verb:set package 'piper' build argument 'catkin_cmake_args' from command line to 'None'
[0.238s] Level 5:colcon.colcon_core.verb:set package 'piper' build argument 'catkin_skip_building_tests' from command line to 'False'
[0.238s] DEBUG:colcon.colcon_core.verb:Building package 'piper' with the following arguments: {'ament_cmake_args': None, 'build_base': '/home/cg-tuf/turtlebot4_flask/build/piper', 'catkin_cmake_args': None, 'catkin_skip_building_tests': False, 'cmake_args': None, 'cmake_clean_cache': False, 'cmake_clean_first': False, 'cmake_force_configure': False, 'cmake_target': None, 'cmake_target_skip_unavailable': False, 'install_base': '/home/cg-tuf/turtlebot4_flask/install/piper', 'merge_install': False, 'path': '/home/cg-tuf/turtlebot4_flask/piper_ws/src/Piper_ros/src/piper', 'symlink_install': False, 'test_result_base': None}
[0.238s] Level 5:colcon.colcon_core.verb:set package 'piper_description' build argument 'cmake_args' from command line to 'None'
[0.238s] Level 5:colcon.colcon_core.verb:set package 'piper_description' build argument 'cmake_target' from command line to 'None'
[0.238s] Level 5:colcon.colcon_core.verb:set package 'piper_description' build argument 'cmake_target_skip_unavailable' from command line to 'False'
[0.238s] Level 5:colcon.colcon_core.verb:set package 'piper_description' build argument 'cmake_clean_cache' from command line to 'False'
[0.238s] Level 5:colcon.colcon_core.verb:set package 'piper_description' build argument 'cmake_clean_first' from command line to 'False'
[0.238s] Level 5:colcon.colcon_core.verb:set package 'piper_description' build argument 'cmake_force_configure' from command line to 'False'
[0.238s] Level 5:colcon.colcon_core.verb:set package 'piper_description' build argument 'ament_cmake_args' from command line to 'None'
[0.238s] Level 5:colcon.colcon_core.verb:set package 'piper_description' build argument 'catkin_cmake_args' from command line to 'None'
[0.238s] Level 5:colcon.colcon_core.verb:set package 'piper_description' build argument 'catkin_skip_building_tests' from command line to 'False'
[0.238s] DEBUG:colcon.colcon_core.verb:Building package 'piper_description' with the following arguments: {'ament_cmake_args': None, 'build_base': '/home/cg-tuf/turtlebot4_flask/build/piper_description', 'catkin_cmake_args': None, 'catkin_skip_building_tests': False, 'cmake_args': None, 'cmake_clean_cache': False, 'cmake_clean_first': False, 'cmake_force_configure': False, 'cmake_target': None, 'cmake_target_skip_unavailable': False, 'install_base': '/home/cg-tuf/turtlebot4_flask/install/piper_description', 'merge_install': False, 'path': '/home/cg-tuf/turtlebot4_flask/piper_ws/src/Piper_ros/src/piper_description', 'symlink_install': False, 'test_result_base': None}
[0.239s] Level 5:colcon.colcon_core.verb:set package 'piper_gazebo' build argument 'cmake_args' from command line to 'None'
[0.239s] Level 5:colcon.colcon_core.verb:set package 'piper_gazebo' build argument 'cmake_target' from command line to 'None'
[0.239s] Level 5:colcon.colcon_core.verb:set package 'piper_gazebo' build argument 'cmake_target_skip_unavailable' from command line to 'False'
[0.239s] Level 5:colcon.colcon_core.verb:set package 'piper_gazebo' build argument 'cmake_clean_cache' from command line to 'False'
[0.239s] Level 5:colcon.colcon_core.verb:set package 'piper_gazebo' build argument 'cmake_clean_first' from command line to 'False'
[0.239s] Level 5:colcon.colcon_core.verb:set package 'piper_gazebo' build argument 'cmake_force_configure' from command line to 'False'
[0.239s] Level 5:colcon.colcon_core.verb:set package 'piper_gazebo' build argument 'ament_cmake_args' from command line to 'None'
[0.239s] Level 5:colcon.colcon_core.verb:set package 'piper_gazebo' build argument 'catkin_cmake_args' from command line to 'None'
[0.239s] Level 5:colcon.colcon_core.verb:set package 'piper_gazebo' build argument 'catkin_skip_building_tests' from command line to 'False'
[0.239s] DEBUG:colcon.colcon_core.verb:Building package 'piper_gazebo' with the following arguments: {'ament_cmake_args': None, 'build_base': '/home/cg-tuf/turtlebot4_flask/build/piper_gazebo', 'catkin_cmake_args': None, 'catkin_skip_building_tests': False, 'cmake_args': None, 'cmake_clean_cache': False, 'cmake_clean_first': False, 'cmake_force_configure': False, 'cmake_target': None, 'cmake_target_skip_unavailable': False, 'install_base': '/home/cg-tuf/turtlebot4_flask/install/piper_gazebo', 'merge_install': False, 'path': '/home/cg-tuf/turtlebot4_flask/piper_ws/src/Piper_ros/src/piper_sim/piper_gazebo', 'symlink_install': False, 'test_result_base': None}
[0.239s] Level 5:colcon.colcon_core.verb:set package 'piper_humble' build argument 'cmake_args' from command line to 'None'
[0.239s] Level 5:colcon.colcon_core.verb:set package 'piper_humble' build argument 'cmake_target' from command line to 'None'
[0.239s] Level 5:colcon.colcon_core.verb:set package 'piper_humble' build argument 'cmake_target_skip_unavailable' from command line to 'False'
[0.239s] Level 5:colcon.colcon_core.verb:set package 'piper_humble' build argument 'cmake_clean_cache' from command line to 'False'
[0.239s] Level 5:colcon.colcon_core.verb:set package 'piper_humble' build argument 'cmake_clean_first' from command line to 'False'
[0.239s] Level 5:colcon.colcon_core.verb:set package 'piper_humble' build argument 'cmake_force_configure' from command line to 'False'
[0.239s] Level 5:colcon.colcon_core.verb:set package 'piper_humble' build argument 'ament_cmake_args' from command line to 'None'
[0.239s] Level 5:colcon.colcon_core.verb:set package 'piper_humble' build argument 'catkin_cmake_args' from command line to 'None'
[0.239s] Level 5:colcon.colcon_core.verb:set package 'piper_humble' build argument 'catkin_skip_building_tests' from command line to 'False'
[0.239s] DEBUG:colcon.colcon_core.verb:Building package 'piper_humble' with the following arguments: {'ament_cmake_args': None, 'build_base': '/home/cg-tuf/turtlebot4_flask/build/piper_humble', 'catkin_cmake_args': None, 'catkin_skip_building_tests': False, 'cmake_args': None, 'cmake_clean_cache': False, 'cmake_clean_first': False, 'cmake_force_configure': False, 'cmake_target': None, 'cmake_target_skip_unavailable': False, 'install_base': '/home/cg-tuf/turtlebot4_flask/install/piper_humble', 'merge_install': False, 'path': '/home/cg-tuf/turtlebot4_flask/piper_ws/src/Piper_ros/src/piper_humble', 'symlink_install': False, 'test_result_base': None}
[0.239s] Level 5:colcon.colcon_core.verb:set package 'piper_msgs' build argument 'cmake_args' from command line to 'None'
[0.239s] Level 5:colcon.colcon_core.verb:set package 'piper_msgs' build argument 'cmake_target' from command line to 'None'
[0.239s] Level 5:colcon.colcon_core.verb:set package 'piper_msgs' build argument 'cmake_target_skip_unavailable' from command line to 'False'
[0.239s] Level 5:colcon.colcon_core.verb:set package 'piper_msgs' build argument 'cmake_clean_cache' from command line to 'False'
[0.239s] Level 5:colcon.colcon_core.verb:set package 'piper_msgs' build argument 'cmake_clean_first' from command line to 'False'
[0.239s] Level 5:colcon.colcon_core.verb:set package 'piper_msgs' build argument 'cmake_force_configure' from command line to 'False'
[0.239s] Level 5:colcon.colcon_core.verb:set package 'piper_msgs' build argument 'ament_cmake_args' from command line to 'None'
[0.239s] Level 5:colcon.colcon_core.verb:set package 'piper_msgs' build argument 'catkin_cmake_args' from command line to 'None'
[0.239s] Level 5:colcon.colcon_core.verb:set package 'piper_msgs' build argument 'catkin_skip_building_tests' from command line to 'False'
[0.239s] DEBUG:colcon.colcon_core.verb:Building package 'piper_msgs' with the following arguments: {'ament_cmake_args': None, 'build_base': '/home/cg-tuf/turtlebot4_flask/build/piper_msgs', 'catkin_cmake_args': None, 'catkin_skip_building_tests': False, 'cmake_args': None, 'cmake_clean_cache': False, 'cmake_clean_first': False, 'cmake_force_configure': False, 'cmake_target': None, 'cmake_target_skip_unavailable': False, 'install_base': '/home/cg-tuf/turtlebot4_flask/install/piper_msgs', 'merge_install': False, 'path': '/home/cg-tuf/turtlebot4_flask/piper_ws/src/Piper_ros/src/piper_msgs', 'symlink_install': False, 'test_result_base': None}
[0.239s] Level 5:colcon.colcon_core.verb:set package 'piper_mujoco' build argument 'cmake_args' from command line to 'None'
[0.239s] Level 5:colcon.colcon_core.verb:set package 'piper_mujoco' build argument 'cmake_target' from command line to 'None'
[0.239s] Level 5:colcon.colcon_core.verb:set package 'piper_mujoco' build argument 'cmake_target_skip_unavailable' from command line to 'False'
[0.239s] Level 5:colcon.colcon_core.verb:set package 'piper_mujoco' build argument 'cmake_clean_cache' from command line to 'False'
[0.239s] Level 5:colcon.colcon_core.verb:set package 'piper_mujoco' build argument 'cmake_clean_first' from command line to 'False'
[0.239s] Level 5:colcon.colcon_core.verb:set package 'piper_mujoco' build argument 'cmake_force_configure' from command line to 'False'
[0.239s] Level 5:colcon.colcon_core.verb:set package 'piper_mujoco' build argument 'ament_cmake_args' from command line to 'None'
[0.239s] Level 5:colcon.colcon_core.verb:set package 'piper_mujoco' build argument 'catkin_cmake_args' from command line to 'None'
[0.239s] Level 5:colcon.colcon_core.verb:set package 'piper_mujoco' build argument 'catkin_skip_building_tests' from command line to 'False'
[0.239s] DEBUG:colcon.colcon_core.verb:Building package 'piper_mujoco' with the following arguments: {'ament_cmake_args': None, 'build_base': '/home/cg-tuf/turtlebot4_flask/build/piper_mujoco', 'catkin_cmake_args': None, 'catkin_skip_building_tests': False, 'cmake_args': None, 'cmake_clean_cache': False, 'cmake_clean_first': False, 'cmake_force_configure': False, 'cmake_target': None, 'cmake_target_skip_unavailable': False, 'install_base': '/home/cg-tuf/turtlebot4_flask/install/piper_mujoco', 'merge_install': False, 'path': '/home/cg-tuf/turtlebot4_flask/piper_ws/src/Piper_ros/src/piper_sim/piper_mujoco', 'symlink_install': False, 'test_result_base': None}
[0.240s] Level 5:colcon.colcon_core.verb:set package 'flask_ui' build argument 'cmake_args' from command line to 'None'
[0.240s] Level 5:colcon.colcon_core.verb:set package 'flask_ui' build argument 'cmake_target' from command line to 'None'
[0.240s] Level 5:colcon.colcon_core.verb:set package 'flask_ui' build argument 'cmake_target_skip_unavailable' from command line to 'False'
[0.240s] Level 5:colcon.colcon_core.verb:set package 'flask_ui' build argument 'cmake_clean_cache' from command line to 'False'
[0.240s] Level 5:colcon.colcon_core.verb:set package 'flask_ui' build argument 'cmake_clean_first' from command line to 'False'
[0.240s] Level 5:colcon.colcon_core.verb:set package 'flask_ui' build argument 'cmake_force_configure' from command line to 'False'
[0.240s] Level 5:colcon.colcon_core.verb:set package 'flask_ui' build argument 'ament_cmake_args' from command line to 'None'
[0.240s] Level 5:colcon.colcon_core.verb:set package 'flask_ui' build argument 'catkin_cmake_args' from command line to 'None'
[0.240s] Level 5:colcon.colcon_core.verb:set package 'flask_ui' build argument 'catkin_skip_building_tests' from command line to 'False'
[0.240s] DEBUG:colcon.colcon_core.verb:Building package 'flask_ui' with the following arguments: {'ament_cmake_args': None, 'build_base': '/home/cg-tuf/turtlebot4_flask/build/flask_ui', 'catkin_cmake_args': None, 'catkin_skip_building_tests': False, 'cmake_args': None, 'cmake_clean_cache': False, 'cmake_clean_first': False, 'cmake_force_configure': False, 'cmake_target': None, 'cmake_target_skip_unavailable': False, 'install_base': '/home/cg-tuf/turtlebot4_flask/install/flask_ui', 'merge_install': False, 'path': '/home/cg-tuf/turtlebot4_flask/piper_ws/src/Piper_ros/src/flask_ui', 'symlink_install': False, 'test_result_base': None}
[0.240s] Level 5:colcon.colcon_core.verb:set package 'piper_no_gripper_moveit' build argument 'cmake_args' from command line to 'None'
[0.240s] Level 5:colcon.colcon_core.verb:set package 'piper_no_gripper_moveit' build argument 'cmake_target' from command line to 'None'
[0.240s] Level 5:colcon.colcon_core.verb:set package 'piper_no_gripper_moveit' build argument 'cmake_target_skip_unavailable' from command line to 'False'
[0.240s] Level 5:colcon.colcon_core.verb:set package 'piper_no_gripper_moveit' build argument 'cmake_clean_cache' from command line to 'False'
[0.240s] Level 5:colcon.colcon_core.verb:set package 'piper_no_gripper_moveit' build argument 'cmake_clean_first' from command line to 'False'
[0.240s] Level 5:colcon.colcon_core.verb:set package 'piper_no_gripper_moveit' build argument 'cmake_force_configure' from command line to 'False'
[0.240s] Level 5:colcon.colcon_core.verb:set package 'piper_no_gripper_moveit' build argument 'ament_cmake_args' from command line to 'None'
[0.240s] Level 5:colcon.colcon_core.verb:set package 'piper_no_gripper_moveit' build argument 'catkin_cmake_args' from command line to 'None'
[0.240s] Level 5:colcon.colcon_core.verb:set package 'piper_no_gripper_moveit' build argument 'catkin_skip_building_tests' from command line to 'False'
[0.240s] DEBUG:colcon.colcon_core.verb:Building package 'piper_no_gripper_moveit' with the following arguments: {'ament_cmake_args': None, 'build_base': '/home/cg-tuf/turtlebot4_flask/build/piper_no_gripper_moveit', 'catkin_cmake_args': None, 'catkin_skip_building_tests': False, 'cmake_args': None, 'cmake_clean_cache': False, 'cmake_clean_first': False, 'cmake_force_configure': False, 'cmake_target': None, 'cmake_target_skip_unavailable': False, 'install_base': '/home/cg-tuf/turtlebot4_flask/install/piper_no_gripper_moveit', 'merge_install': False, 'path': '/home/cg-tuf/turtlebot4_flask/piper_ws/src/Piper_ros/src/piper_moveit/piper_no_gripper_moveit', 'symlink_install': False, 'test_result_base': None}
[0.240s] Level 5:colcon.colcon_core.verb:set package 'piper_with_gripper_moveit' build argument 'cmake_args' from command line to 'None'
[0.240s] Level 5:colcon.colcon_core.verb:set package 'piper_with_gripper_moveit' build argument 'cmake_target' from command line to 'None'
[0.240s] Level 5:colcon.colcon_core.verb:set package 'piper_with_gripper_moveit' build argument 'cmake_target_skip_unavailable' from command line to 'False'
[0.240s] Level 5:colcon.colcon_core.verb:set package 'piper_with_gripper_moveit' build argument 'cmake_clean_cache' from command line to 'False'
[0.240s] Level 5:colcon.colcon_core.verb:set package 'piper_with_gripper_moveit' build argument 'cmake_clean_first' from command line to 'False'
[0.240s] Level 5:colcon.colcon_core.verb:set package 'piper_with_gripper_moveit' build argument 'cmake_force_configure' from command line to 'False'
[0.240s] Level 5:colcon.colcon_core.verb:set package 'piper_with_gripper_moveit' build argument 'ament_cmake_args' from command line to 'None'
[0.240s] Level 5:colcon.colcon_core.verb:set package 'piper_with_gripper_moveit' build argument 'catkin_cmake_args' from command line to 'None'
[0.240s] Level 5:colcon.colcon_core.verb:set package 'piper_with_gripper_moveit' build argument 'catkin_skip_building_tests' from command line to 'False'
[0.240s] DEBUG:colcon.colcon_core.verb:Building package 'piper_with_gripper_moveit' with the following arguments: {'ament_cmake_args': None, 'build_base': '/home/cg-tuf/turtlebot4_flask/build/piper_with_gripper_moveit', 'catkin_cmake_args': None, 'catkin_skip_building_tests': False, 'cmake_args': None, 'cmake_clean_cache': False, 'cmake_clean_first': False, 'cmake_force_configure': False, 'cmake_target': None, 'cmake_target_skip_unavailable': False, 'install_base': '/home/cg-tuf/turtlebot4_flask/install/piper_with_gripper_moveit', 'merge_install': False, 'path': '/home/cg-tuf/turtlebot4_flask/piper_ws/src/Piper_ros/src/piper_moveit/piper_with_gripper_moveit', 'symlink_install': False, 'test_result_base': None}
[0.240s] INFO:colcon.colcon_core.executor:Executing jobs using 'parallel' executor
[0.241s] DEBUG:colcon.colcon_parallel_executor.executor.parallel:run_until_complete
[0.242s] INFO:colcon.colcon_ros.task.ament_cmake.build:Building ROS package in '/home/cg-tuf/turtlebot4_flask/piper_ws/src/Piper_ros/src/piper_description' with build type 'ament_cmake'
[0.242s] INFO:colcon.colcon_cmake.task.cmake.build:Building CMake package in '/home/cg-tuf/turtlebot4_flask/piper_ws/src/Piper_ros/src/piper_description'
[0.243s] INFO:colcon.colcon_core.plugin_system:Skipping extension 'colcon_core.shell.bat': Not used on non-Windows systems
[0.243s] INFO:colcon.colcon_core.shell:Skip shell extension 'powershell' for command environment: Not usable outside of PowerShell
[0.243s] DEBUG:colcon.colcon_core.shell:Skip shell extension 'dsv' for command environment
[0.245s] INFO:colcon.colcon_ros.task.ament_cmake.build:Building ROS package in '/home/cg-tuf/turtlebot4_flask/piper_ws/src/Piper_ros/src/piper_msgs' with build type 'ament_cmake'
[0.245s] INFO:colcon.colcon_cmake.task.cmake.build:Building CMake package in '/home/cg-tuf/turtlebot4_flask/piper_ws/src/Piper_ros/src/piper_msgs'
[0.245s] INFO:colcon.colcon_core.shell:Skip shell extension 'powershell' for command environment: Not usable outside of PowerShell
[0.245s] DEBUG:colcon.colcon_core.shell:Skip shell extension 'dsv' for command environment
[0.247s] INFO:colcon.colcon_ros.task.ament_cmake.build:Building ROS package in '/home/cg-tuf/turtlebot4_flask/clientapp/instance/dcs103e' with build type 'ament_cmake'
[0.247s] INFO:colcon.colcon_cmake.task.cmake.build:Building CMake package in '/home/cg-tuf/turtlebot4_flask/clientapp/instance/dcs103e'
[0.247s] INFO:colcon.colcon_core.shell:Skip shell extension 'powershell' for command environment: Not usable outside of PowerShell
[0.247s] DEBUG:colcon.colcon_core.shell:Skip shell extension 'dsv' for command environment
[0.249s] INFO:colcon.colcon_ros.task.ament_cmake.build:Building ROS package in '/home/cg-tuf/turtlebot4_flask/clientapp/instance/jai/jai_rosbridge' with build type 'ament_cmake'
[0.249s] INFO:colcon.colcon_cmake.task.cmake.build:Building CMake package in '/home/cg-tuf/turtlebot4_flask/clientapp/instance/jai/jai_rosbridge'
[0.249s] INFO:colcon.colcon_core.shell:Skip shell extension 'powershell' for command environment: Not usable outside of PowerShell
[0.249s] DEBUG:colcon.colcon_core.shell:Skip shell extension 'dsv' for command environment
[0.251s] INFO:colcon.colcon_ros.task.ament_python.build:Building ROS package in '/home/cg-tuf/turtlebot4_flask/piper_ws/src/Piper_ros/src/piper' with build type 'ament_python'
[0.251s] Level 1:colcon.colcon_core.shell:create_environment_hook('piper', 'ament_prefix_path')
[0.251s] INFO:colcon.colcon_core.shell:Creating environment hook '/home/cg-tuf/turtlebot4_flask/install/piper/share/piper/hook/ament_prefix_path.ps1'
[0.251s] INFO:colcon.colcon_core.shell:Creating environment descriptor '/home/cg-tuf/turtlebot4_flask/install/piper/share/piper/hook/ament_prefix_path.dsv'
[0.252s] INFO:colcon.colcon_core.shell:Creating environment hook '/home/cg-tuf/turtlebot4_flask/install/piper/share/piper/hook/ament_prefix_path.sh'
[0.252s] INFO:colcon.colcon_core.shell:Skip shell extension 'powershell' for command environment: Not usable outside of PowerShell
[0.252s] DEBUG:colcon.colcon_core.shell:Skip shell extension 'dsv' for command environment
[0.255s] INFO:colcon.colcon_ros.task.ament_cmake.build:Building ROS package in '/home/cg-tuf/turtlebot4_flask/piper_ws/src/Piper_ros/src/piper_sim/piper_gazebo' with build type 'ament_cmake'
[0.255s] INFO:colcon.colcon_cmake.task.cmake.build:Building CMake package in '/home/cg-tuf/turtlebot4_flask/piper_ws/src/Piper_ros/src/piper_sim/piper_gazebo'
[0.255s] INFO:colcon.colcon_core.shell:Skip shell extension 'powershell' for command environment: Not usable outside of PowerShell
[0.255s] DEBUG:colcon.colcon_core.shell:Skip shell extension 'dsv' for command environment
[0.257s] INFO:colcon.colcon_ros.task.ament_cmake.build:Building ROS package in '/home/cg-tuf/turtlebot4_flask/piper_ws/src/Piper_ros/src/piper_humble' with build type 'ament_cmake'
[0.257s] INFO:colcon.colcon_cmake.task.cmake.build:Building CMake package in '/home/cg-tuf/turtlebot4_flask/piper_ws/src/Piper_ros/src/piper_humble'
[0.258s] INFO:colcon.colcon_core.shell:Skip shell extension 'powershell' for command environment: Not usable outside of PowerShell
[0.258s] DEBUG:colcon.colcon_core.shell:Skip shell extension 'dsv' for command environment
[0.259s] INFO:colcon.colcon_ros.task.ament_cmake.build:Building ROS package in '/home/cg-tuf/turtlebot4_flask/piper_ws/src/Piper_ros/src/piper_sim/piper_mujoco' with build type 'ament_cmake'
[0.259s] INFO:colcon.colcon_cmake.task.cmake.build:Building CMake package in '/home/cg-tuf/turtlebot4_flask/piper_ws/src/Piper_ros/src/piper_sim/piper_mujoco'
[0.260s] INFO:colcon.colcon_core.shell:Skip shell extension 'powershell' for command environment: Not usable outside of PowerShell
[0.260s] DEBUG:colcon.colcon_core.shell:Skip shell extension 'dsv' for command environment
[0.265s] DEBUG:colcon.colcon_core.event_handler.log_command:Invoking command in '/home/cg-tuf/turtlebot4_flask/build/piper_description': CMAKE_PREFIX_PATH=/opt/ros/humble /usr/bin/cmake --build /home/cg-tuf/turtlebot4_flask/build/piper_description -- -j16 -l16
[0.266s] DEBUG:colcon.colcon_core.event_handler.log_command:Invoking command in '/home/cg-tuf/turtlebot4_flask/build/piper_msgs': CMAKE_PREFIX_PATH=/opt/ros/humble /usr/bin/cmake --build /home/cg-tuf/turtlebot4_flask/build/piper_msgs -- -j16 -l16
[0.268s] DEBUG:colcon.colcon_core.event_handler.log_command:Invoking command in '/home/cg-tuf/turtlebot4_flask/build/dcs103e_controller': CMAKE_PREFIX_PATH=/opt/ros/humble /usr/bin/cmake /home/cg-tuf/turtlebot4_flask/clientapp/instance/dcs103e -DCMAKE_INSTALL_PREFIX=/home/cg-tuf/turtlebot4_flask/install/dcs103e_controller
[0.270s] DEBUG:colcon.colcon_core.event_handler.log_command:Invoking command in '/home/cg-tuf/turtlebot4_flask/build/jai_rosbridge': CMAKE_PREFIX_PATH=/opt/ros/humble /usr/bin/cmake --build /home/cg-tuf/turtlebot4_flask/build/jai_rosbridge -- -j16 -l16
[0.426s] INFO:colcon.colcon_core.task.python.build:Building Python package in '/home/cg-tuf/turtlebot4_flask/piper_ws/src/Piper_ros/src/piper'
[0.426s] INFO:colcon.colcon_core.shell:Skip shell extension 'powershell' for command environment: Not usable outside of PowerShell
[0.426s] DEBUG:colcon.colcon_core.shell:Skip shell extension 'dsv' for command environment
[0.430s] DEBUG:colcon.colcon_core.event_handler.log_command:Invoking command in '/home/cg-tuf/turtlebot4_flask/build/piper_gazebo': CMAKE_PREFIX_PATH=/opt/ros/humble /usr/bin/cmake --build /home/cg-tuf/turtlebot4_flask/build/piper_gazebo -- -j16 -l16
[0.433s] DEBUG:colcon.colcon_core.event_handler.log_command:Invoking command in '/home/cg-tuf/turtlebot4_flask/build/piper_humble': CMAKE_PREFIX_PATH=/opt/ros/humble /usr/bin/cmake --build /home/cg-tuf/turtlebot4_flask/build/piper_humble -- -j16 -l16
[0.438s] DEBUG:colcon.colcon_core.event_handler.log_command:Invoking command in '/home/cg-tuf/turtlebot4_flask/build/piper_mujoco': CMAKE_PREFIX_PATH=/opt/ros/humble /usr/bin/cmake --build /home/cg-tuf/turtlebot4_flask/build/piper_mujoco -- -j16 -l16
[0.455s] DEBUG:colcon.colcon_core.event_handler.log_command:Invoked command in '/home/cg-tuf/turtlebot4_flask/build/piper_description' returned '0': CMAKE_PREFIX_PATH=/opt/ros/humble /usr/bin/cmake --build /home/cg-tuf/turtlebot4_flask/build/piper_description -- -j16 -l16
[0.464s] DEBUG:colcon.colcon_core.event_handler.log_command:Invoking command in '/home/cg-tuf/turtlebot4_flask/build/piper_description': CMAKE_PREFIX_PATH=/opt/ros/humble /usr/bin/cmake --install /home/cg-tuf/turtlebot4_flask/build/piper_description
[0.492s] Level 1:colcon.colcon_core.environment:create_environment_scripts_only(piper_description)
[0.492s] DEBUG:colcon.colcon_core.event_handler.log_command:Invoked command in '/home/cg-tuf/turtlebot4_flask/build/piper_description' returned '0': CMAKE_PREFIX_PATH=/opt/ros/humble /usr/bin/cmake --install /home/cg-tuf/turtlebot4_flask/build/piper_description
[0.493s] Level 1:colcon.colcon_core.environment:checking '/home/cg-tuf/turtlebot4_flask/install/piper_description' for CMake module files
[0.494s] Level 1:colcon.colcon_core.environment:checking '/home/cg-tuf/turtlebot4_flask/install/piper_description' for CMake config files
[0.494s] Level 1:colcon.colcon_core.shell:create_environment_hook('piper_description', 'cmake_prefix_path')
[0.494s] INFO:colcon.colcon_core.shell:Creating environment hook '/home/cg-tuf/turtlebot4_flask/install/piper_description/share/piper_description/hook/cmake_prefix_path.ps1'
[0.495s] INFO:colcon.colcon_core.shell:Creating environment descriptor '/home/cg-tuf/turtlebot4_flask/install/piper_description/share/piper_description/hook/cmake_prefix_path.dsv'
[0.495s] INFO:colcon.colcon_core.shell:Creating environment hook '/home/cg-tuf/turtlebot4_flask/install/piper_description/share/piper_description/hook/cmake_prefix_path.sh'
[0.495s] Level 1:colcon.colcon_core.environment:checking '/home/cg-tuf/turtlebot4_flask/install/piper_description/bin'
[0.495s] Level 1:colcon.colcon_core.environment:checking '/home/cg-tuf/turtlebot4_flask/install/piper_description/lib/pkgconfig/piper_description.pc'
[0.495s] Level 1:colcon.colcon_core.environment:checking '/home/cg-tuf/turtlebot4_flask/install/piper_description/lib/python3.10/site-packages'
[0.496s] Level 1:colcon.colcon_core.environment:checking '/home/cg-tuf/turtlebot4_flask/install/piper_description/bin'
[0.496s] INFO:colcon.colcon_core.shell:Creating package script '/home/cg-tuf/turtlebot4_flask/install/piper_description/share/piper_description/package.ps1'
[0.497s] INFO:colcon.colcon_core.shell:Creating package descriptor '/home/cg-tuf/turtlebot4_flask/install/piper_description/share/piper_description/package.dsv'
[0.497s] INFO:colcon.colcon_core.shell:Creating package script '/home/cg-tuf/turtlebot4_flask/install/piper_description/share/piper_description/package.sh'
[0.497s] INFO:colcon.colcon_core.shell:Creating package script '/home/cg-tuf/turtlebot4_flask/install/piper_description/share/piper_description/package.bash'
[0.498s] INFO:colcon.colcon_core.shell:Creating package script '/home/cg-tuf/turtlebot4_flask/install/piper_description/share/piper_description/package.zsh'
[0.498s] Level 1:colcon.colcon_core.environment:create_file_with_runtime_dependencies(/home/cg-tuf/turtlebot4_flask/install/piper_description/share/colcon-core/packages/piper_description)
[0.499s] Level 1:colcon.colcon_core.environment:create_environment_scripts_only(piper_description)
[0.499s] Level 1:colcon.colcon_core.environment:checking '/home/cg-tuf/turtlebot4_flask/install/piper_description' for CMake module files
[0.499s] Level 1:colcon.colcon_core.environment:checking '/home/cg-tuf/turtlebot4_flask/install/piper_description' for CMake config files
[0.499s] Level 1:colcon.colcon_core.shell:create_environment_hook('piper_description', 'cmake_prefix_path')
[0.500s] INFO:colcon.colcon_core.shell:Creating environment hook '/home/cg-tuf/turtlebot4_flask/install/piper_description/share/piper_description/hook/cmake_prefix_path.ps1'
[0.500s] INFO:colcon.colcon_core.shell:Creating environment descriptor '/home/cg-tuf/turtlebot4_flask/install/piper_description/share/piper_description/hook/cmake_prefix_path.dsv'
[0.500s] INFO:colcon.colcon_core.shell:Creating environment hook '/home/cg-tuf/turtlebot4_flask/install/piper_description/share/piper_description/hook/cmake_prefix_path.sh'
[0.500s] Level 1:colcon.colcon_core.environment:checking '/home/cg-tuf/turtlebot4_flask/install/piper_description/bin'
[0.500s] Level 1:colcon.colcon_core.environment:checking '/home/cg-tuf/turtlebot4_flask/install/piper_description/lib/pkgconfig/piper_description.pc'
[0.501s] Level 1:colcon.colcon_core.environment:checking '/home/cg-tuf/turtlebot4_flask/install/piper_description/lib/python3.10/site-packages'
[0.501s] Level 1:colcon.colcon_core.environment:checking '/home/cg-tuf/turtlebot4_flask/install/piper_description/bin'
[0.501s] INFO:colcon.colcon_core.shell:Creating package script '/home/cg-tuf/turtlebot4_flask/install/piper_description/share/piper_description/package.ps1'
[0.501s] INFO:colcon.colcon_core.shell:Creating package descriptor '/home/cg-tuf/turtlebot4_flask/install/piper_description/share/piper_description/package.dsv'
[0.501s] INFO:colcon.colcon_core.shell:Creating package script '/home/cg-tuf/turtlebot4_flask/install/piper_description/share/piper_description/package.sh'
[0.502s] INFO:colcon.colcon_core.shell:Creating package script '/home/cg-tuf/turtlebot4_flask/install/piper_description/share/piper_description/package.bash'
[0.502s] INFO:colcon.colcon_core.shell:Creating package script '/home/cg-tuf/turtlebot4_flask/install/piper_description/share/piper_description/package.zsh'
[0.502s] Level 1:colcon.colcon_core.environment:create_file_with_runtime_dependencies(/home/cg-tuf/turtlebot4_flask/install/piper_description/share/colcon-core/packages/piper_description)
[0.503s] INFO:colcon.colcon_ros.task.ament_cmake.build:Building ROS package in '/home/cg-tuf/turtlebot4_flask/piper_ws/src/Piper_ros/src/piper_moveit/piper_no_gripper_moveit' with build type 'ament_cmake'
[0.503s] INFO:colcon.colcon_cmake.task.cmake.build:Building CMake package in '/home/cg-tuf/turtlebot4_flask/piper_ws/src/Piper_ros/src/piper_moveit/piper_no_gripper_moveit'
[0.503s] INFO:colcon.colcon_core.shell:Skip shell extension 'powershell' for command environment: Not usable outside of PowerShell
[0.503s] DEBUG:colcon.colcon_core.shell:Skip shell extension 'dsv' for command environment
[0.506s] INFO:colcon.colcon_ros.task.ament_cmake.build:Building ROS package in '/home/cg-tuf/turtlebot4_flask/piper_ws/src/Piper_ros/src/piper_moveit/piper_with_gripper_moveit' with build type 'ament_cmake'
[0.506s] INFO:colcon.colcon_cmake.task.cmake.build:Building CMake package in '/home/cg-tuf/turtlebot4_flask/piper_ws/src/Piper_ros/src/piper_moveit/piper_with_gripper_moveit'
[0.506s] INFO:colcon.colcon_core.shell:Skip shell extension 'powershell' for command environment: Not usable outside of PowerShell
[0.506s] DEBUG:colcon.colcon_core.shell:Skip shell extension 'dsv' for command environment
[0.511s] DEBUG:colcon.colcon_core.event_handler.log_command:Invoking command in '/home/cg-tuf/turtlebot4_flask/build/piper_no_gripper_moveit': AMENT_PREFIX_PATH=/home/cg-tuf/turtlebot4_flask/install/piper_description:${AMENT_PREFIX_PATH} CMAKE_PREFIX_PATH=/home/cg-tuf/turtlebot4_flask/install/piper_description:/opt/ros/humble /usr/bin/cmake --build /home/cg-tuf/turtlebot4_flask/build/piper_no_gripper_moveit -- -j16 -l16
[0.514s] DEBUG:colcon.colcon_core.event_handler.log_command:Invoking command in '/home/cg-tuf/turtlebot4_flask/build/piper_with_gripper_moveit': AMENT_PREFIX_PATH=/home/cg-tuf/turtlebot4_flask/install/piper_description:${AMENT_PREFIX_PATH} CMAKE_PREFIX_PATH=/home/cg-tuf/turtlebot4_flask/install/piper_description:/opt/ros/humble /usr/bin/cmake --build /home/cg-tuf/turtlebot4_flask/build/piper_with_gripper_moveit -- -j16 -l16
[0.626s] DEBUG:colcon.colcon_core.event_handler.log_command:Invoked command in '/home/cg-tuf/turtlebot4_flask/build/piper_gazebo' returned '0': CMAKE_PREFIX_PATH=/opt/ros/humble /usr/bin/cmake --build /home/cg-tuf/turtlebot4_flask/build/piper_gazebo -- -j16 -l16
[0.628s] DEBUG:colcon.colcon_core.event_handler.log_command:Invoking command in '/home/cg-tuf/turtlebot4_flask/build/piper_gazebo': CMAKE_PREFIX_PATH=/opt/ros/humble /usr/bin/cmake --install /home/cg-tuf/turtlebot4_flask/build/piper_gazebo
[0.631s] DEBUG:colcon.colcon_core.event_handler.log_command:Invoked command in '/home/cg-tuf/turtlebot4_flask/build/piper_humble' returned '0': CMAKE_PREFIX_PATH=/opt/ros/humble /usr/bin/cmake --build /home/cg-tuf/turtlebot4_flask/build/piper_humble -- -j16 -l16
[0.633s] DEBUG:colcon.colcon_core.event_handler.log_command:Invoking command in '/home/cg-tuf/turtlebot4_flask/build/piper_humble': CMAKE_PREFIX_PATH=/opt/ros/humble /usr/bin/cmake --install /home/cg-tuf/turtlebot4_flask/build/piper_humble
[0.638s] Level 1:colcon.colcon_core.environment:create_environment_scripts_only(piper_gazebo)
[0.639s] Level 1:colcon.colcon_core.environment:checking '/home/cg-tuf/turtlebot4_flask/install/piper_gazebo' for CMake module files
[0.639s] DEBUG:colcon.colcon_core.event_handler.log_command:Invoked command in '/home/cg-tuf/turtlebot4_flask/build/piper_gazebo' returned '0': CMAKE_PREFIX_PATH=/opt/ros/humble /usr/bin/cmake --install /home/cg-tuf/turtlebot4_flask/build/piper_gazebo
[0.641s] Level 1:colcon.colcon_core.environment:checking '/home/cg-tuf/turtlebot4_flask/install/piper_gazebo' for CMake config files
[0.641s] Level 1:colcon.colcon_core.shell:create_environment_hook('piper_gazebo', 'cmake_prefix_path')
[0.642s] INFO:colcon.colcon_core.shell:Creating environment hook '/home/cg-tuf/turtlebot4_flask/install/piper_gazebo/share/piper_gazebo/hook/cmake_prefix_path.ps1'
[0.642s] INFO:colcon.colcon_core.shell:Creating environment descriptor '/home/cg-tuf/turtlebot4_flask/install/piper_gazebo/share/piper_gazebo/hook/cmake_prefix_path.dsv'
[0.642s] INFO:colcon.colcon_core.shell:Creating environment hook '/home/cg-tuf/turtlebot4_flask/install/piper_gazebo/share/piper_gazebo/hook/cmake_prefix_path.sh'
[0.643s] Level 1:colcon.colcon_core.environment:checking '/home/cg-tuf/turtlebot4_flask/install/piper_gazebo/lib'
[0.643s] Level 1:colcon.colcon_core.environment:checking '/home/cg-tuf/turtlebot4_flask/install/piper_gazebo/bin'
[0.643s] Level 1:colcon.colcon_core.environment:checking '/home/cg-tuf/turtlebot4_flask/install/piper_gazebo/lib/pkgconfig/piper_gazebo.pc'
[0.643s] Level 1:colcon.colcon_core.environment:checking '/home/cg-tuf/turtlebot4_flask/install/piper_gazebo/lib/python3.10/site-packages'
[0.643s] Level 1:colcon.colcon_core.environment:checking '/home/cg-tuf/turtlebot4_flask/install/piper_gazebo/bin'
[0.644s] INFO:colcon.colcon_core.shell:Creating package script '/home/cg-tuf/turtlebot4_flask/install/piper_gazebo/share/piper_gazebo/package.ps1'
[0.644s] INFO:colcon.colcon_core.shell:Creating package descriptor '/home/cg-tuf/turtlebot4_flask/install/piper_gazebo/share/piper_gazebo/package.dsv'
[0.644s] INFO:colcon.colcon_core.shell:Creating package script '/home/cg-tuf/turtlebot4_flask/install/piper_gazebo/share/piper_gazebo/package.sh'
[0.644s] INFO:colcon.colcon_core.shell:Creating package script '/home/cg-tuf/turtlebot4_flask/install/piper_gazebo/share/piper_gazebo/package.bash'
[0.645s] INFO:colcon.colcon_core.shell:Creating package script '/home/cg-tuf/turtlebot4_flask/install/piper_gazebo/share/piper_gazebo/package.zsh'
[0.645s] Level 1:colcon.colcon_core.environment:create_file_with_runtime_dependencies(/home/cg-tuf/turtlebot4_flask/install/piper_gazebo/share/colcon-core/packages/piper_gazebo)
[0.645s] Level 1:colcon.colcon_core.environment:create_environment_scripts_only(piper_gazebo)
[0.645s] Level 1:colcon.colcon_core.environment:checking '/home/cg-tuf/turtlebot4_flask/install/piper_gazebo' for CMake module files
[0.646s] Level 1:colcon.colcon_core.environment:checking '/home/cg-tuf/turtlebot4_flask/install/piper_gazebo' for CMake config files
[0.646s] Level 1:colcon.colcon_core.shell:create_environment_hook('piper_gazebo', 'cmake_prefix_path')
[0.646s] INFO:colcon.colcon_core.shell:Creating environment hook '/home/cg-tuf/turtlebot4_flask/install/piper_gazebo/share/piper_gazebo/hook/cmake_prefix_path.ps1'
[0.646s] INFO:colcon.colcon_core.shell:Creating environment descriptor '/home/cg-tuf/turtlebot4_flask/install/piper_gazebo/share/piper_gazebo/hook/cmake_prefix_path.dsv'
[0.647s] INFO:colcon.colcon_core.shell:Creating environment hook '/home/cg-tuf/turtlebot4_flask/install/piper_gazebo/share/piper_gazebo/hook/cmake_prefix_path.sh'
[0.647s] Level 1:colcon.colcon_core.environment:checking '/home/cg-tuf/turtlebot4_flask/install/piper_gazebo/lib'
[0.647s] Level 1:colcon.colcon_core.environment:checking '/home/cg-tuf/turtlebot4_flask/install/piper_gazebo/bin'
[0.647s] Level 1:colcon.colcon_core.environment:checking '/home/cg-tuf/turtlebot4_flask/install/piper_gazebo/lib/pkgconfig/piper_gazebo.pc'
[0.647s] Level 1:colcon.colcon_core.environment:checking '/home/cg-tuf/turtlebot4_flask/install/piper_gazebo/lib/python3.10/site-packages'
[0.647s] Level 1:colcon.colcon_core.environment:checking '/home/cg-tuf/turtlebot4_flask/install/piper_gazebo/bin'
[0.648s] INFO:colcon.colcon_core.shell:Creating package script '/home/cg-tuf/turtlebot4_flask/install/piper_gazebo/share/piper_gazebo/package.ps1'
[0.648s] INFO:colcon.colcon_core.shell:Creating package descriptor '/home/cg-tuf/turtlebot4_flask/install/piper_gazebo/share/piper_gazebo/package.dsv'
[0.648s] INFO:colcon.colcon_core.shell:Creating package script '/home/cg-tuf/turtlebot4_flask/install/piper_gazebo/share/piper_gazebo/package.sh'
[0.649s] INFO:colcon.colcon_core.shell:Creating package script '/home/cg-tuf/turtlebot4_flask/install/piper_gazebo/share/piper_gazebo/package.bash'
[0.649s] INFO:colcon.colcon_core.shell:Creating package script '/home/cg-tuf/turtlebot4_flask/install/piper_gazebo/share/piper_gazebo/package.zsh'
[0.649s] Level 1:colcon.colcon_core.environment:create_file_with_runtime_dependencies(/home/cg-tuf/turtlebot4_flask/install/piper_gazebo/share/colcon-core/packages/piper_gazebo)
[0.650s] Level 1:colcon.colcon_core.environment:create_environment_scripts_only(piper_humble)
[0.650s] Level 1:colcon.colcon_core.environment:checking '/home/cg-tuf/turtlebot4_flask/install/piper_humble' for CMake module files
[0.651s] DEBUG:colcon.colcon_core.event_handler.log_command:Invoked command in '/home/cg-tuf/turtlebot4_flask/build/piper_humble' returned '0': CMAKE_PREFIX_PATH=/opt/ros/humble /usr/bin/cmake --install /home/cg-tuf/turtlebot4_flask/build/piper_humble
[0.651s] Level 1:colcon.colcon_core.environment:checking '/home/cg-tuf/turtlebot4_flask/install/piper_humble' for CMake config files
[0.651s] Level 1:colcon.colcon_core.shell:create_environment_hook('piper_humble', 'cmake_prefix_path')
[0.651s] INFO:colcon.colcon_core.shell:Creating environment hook '/home/cg-tuf/turtlebot4_flask/install/piper_humble/share/piper_humble/hook/cmake_prefix_path.ps1'
[0.652s] INFO:colcon.colcon_core.shell:Creating environment descriptor '/home/cg-tuf/turtlebot4_flask/install/piper_humble/share/piper_humble/hook/cmake_prefix_path.dsv'
[0.652s] INFO:colcon.colcon_core.shell:Creating environment hook '/home/cg-tuf/turtlebot4_flask/install/piper_humble/share/piper_humble/hook/cmake_prefix_path.sh'
[0.652s] Level 1:colcon.colcon_core.environment:checking '/home/cg-tuf/turtlebot4_flask/install/piper_humble/bin'
[0.652s] Level 1:colcon.colcon_core.environment:checking '/home/cg-tuf/turtlebot4_flask/install/piper_humble/lib/pkgconfig/piper_humble.pc'
[0.653s] Level 1:colcon.colcon_core.environment:checking '/home/cg-tuf/turtlebot4_flask/install/piper_humble/lib/python3.10/site-packages'
[0.653s] Level 1:colcon.colcon_core.environment:checking '/home/cg-tuf/turtlebot4_flask/install/piper_humble/bin'
[0.653s] INFO:colcon.colcon_core.shell:Creating package script '/home/cg-tuf/turtlebot4_flask/install/piper_humble/share/piper_humble/package.ps1'
[0.655s] INFO:colcon.colcon_core.shell:Creating package descriptor '/home/cg-tuf/turtlebot4_flask/install/piper_humble/share/piper_humble/package.dsv'
[0.655s] INFO:colcon.colcon_core.shell:Creating package script '/home/cg-tuf/turtlebot4_flask/install/piper_humble/share/piper_humble/package.sh'
[0.656s] INFO:colcon.colcon_core.shell:Creating package script '/home/cg-tuf/turtlebot4_flask/install/piper_humble/share/piper_humble/package.bash'
[0.656s] INFO:colcon.colcon_core.shell:Creating package script '/home/cg-tuf/turtlebot4_flask/install/piper_humble/share/piper_humble/package.zsh'
[0.656s] Level 1:colcon.colcon_core.environment:create_file_with_runtime_dependencies(/home/cg-tuf/turtlebot4_flask/install/piper_humble/share/colcon-core/packages/piper_humble)
[0.657s] Level 1:colcon.colcon_core.environment:create_environment_scripts_only(piper_humble)
[0.657s] Level 1:colcon.colcon_core.environment:checking '/home/cg-tuf/turtlebot4_flask/install/piper_humble' for CMake module files
[0.658s] Level 1:colcon.colcon_core.environment:checking '/home/cg-tuf/turtlebot4_flask/install/piper_humble' for CMake config files
[0.658s] Level 1:colcon.colcon_core.shell:create_environment_hook('piper_humble', 'cmake_prefix_path')
[0.658s] INFO:colcon.colcon_core.shell:Creating environment hook '/home/cg-tuf/turtlebot4_flask/install/piper_humble/share/piper_humble/hook/cmake_prefix_path.ps1'
[0.658s] INFO:colcon.colcon_core.shell:Creating environment descriptor '/home/cg-tuf/turtlebot4_flask/install/piper_humble/share/piper_humble/hook/cmake_prefix_path.dsv'
[0.658s] INFO:colcon.colcon_core.shell:Creating environment hook '/home/cg-tuf/turtlebot4_flask/install/piper_humble/share/piper_humble/hook/cmake_prefix_path.sh'
[0.659s] Level 1:colcon.colcon_core.environment:checking '/home/cg-tuf/turtlebot4_flask/install/piper_humble/bin'
[0.659s] Level 1:colcon.colcon_core.environment:checking '/home/cg-tuf/turtlebot4_flask/install/piper_humble/lib/pkgconfig/piper_humble.pc'
[0.659s] Level 1:colcon.colcon_core.environment:checking '/home/cg-tuf/turtlebot4_flask/install/piper_humble/lib/python3.10/site-packages'
[0.659s] Level 1:colcon.colcon_core.environment:checking '/home/cg-tuf/turtlebot4_flask/install/piper_humble/bin'
[0.660s] INFO:colcon.colcon_core.shell:Creating package script '/home/cg-tuf/turtlebot4_flask/install/piper_humble/share/piper_humble/package.ps1'
[0.660s] INFO:colcon.colcon_core.shell:Creating package descriptor '/home/cg-tuf/turtlebot4_flask/install/piper_humble/share/piper_humble/package.dsv'
[0.661s] INFO:colcon.colcon_core.shell:Creating package script '/home/cg-tuf/turtlebot4_flask/install/piper_humble/share/piper_humble/package.sh'
[0.661s] INFO:colcon.colcon_core.shell:Creating package script '/home/cg-tuf/turtlebot4_flask/install/piper_humble/share/piper_humble/package.bash'
[0.661s] INFO:colcon.colcon_core.shell:Creating package script '/home/cg-tuf/turtlebot4_flask/install/piper_humble/share/piper_humble/package.zsh'
[0.661s] Level 1:colcon.colcon_core.environment:create_file_with_runtime_dependencies(/home/cg-tuf/turtlebot4_flask/install/piper_humble/share/colcon-core/packages/piper_humble)
[0.696s] DEBUG:colcon.colcon_core.event_handler.log_command:Invoked command in '/home/cg-tuf/turtlebot4_flask/build/piper_mujoco' returned '0': CMAKE_PREFIX_PATH=/opt/ros/humble /usr/bin/cmake --build /home/cg-tuf/turtlebot4_flask/build/piper_mujoco -- -j16 -l16
[0.698s] DEBUG:colcon.colcon_core.event_handler.log_command:Invoking command in '/home/cg-tuf/turtlebot4_flask/build/piper_mujoco': CMAKE_PREFIX_PATH=/opt/ros/humble /usr/bin/cmake --install /home/cg-tuf/turtlebot4_flask/build/piper_mujoco
[0.706s] DEBUG:colcon.colcon_core.event_handler.log_command:Invoked command in '/home/cg-tuf/turtlebot4_flask/build/piper_with_gripper_moveit' returned '0': AMENT_PREFIX_PATH=/home/cg-tuf/turtlebot4_flask/install/piper_description:${AMENT_PREFIX_PATH} CMAKE_PREFIX_PATH=/home/cg-tuf/turtlebot4_flask/install/piper_description:/opt/ros/humble /usr/bin/cmake --build /home/cg-tuf/turtlebot4_flask/build/piper_with_gripper_moveit -- -j16 -l16
[0.710s] DEBUG:colcon.colcon_core.event_handler.log_command:Invoking command in '/home/cg-tuf/turtlebot4_flask/build/piper_with_gripper_moveit': AMENT_PREFIX_PATH=/home/cg-tuf/turtlebot4_flask/install/piper_description:${AMENT_PREFIX_PATH} CMAKE_PREFIX_PATH=/home/cg-tuf/turtlebot4_flask/install/piper_description:/opt/ros/humble /usr/bin/cmake --install /home/cg-tuf/turtlebot4_flask/build/piper_with_gripper_moveit
[0.711s] DEBUG:colcon.colcon_core.event_handler.log_command:Invoked command in '/home/cg-tuf/turtlebot4_flask/build/piper_no_gripper_moveit' returned '0': AMENT_PREFIX_PATH=/home/cg-tuf/turtlebot4_flask/install/piper_description:${AMENT_PREFIX_PATH} CMAKE_PREFIX_PATH=/home/cg-tuf/turtlebot4_flask/install/piper_description:/opt/ros/humble /usr/bin/cmake --build /home/cg-tuf/turtlebot4_flask/build/piper_no_gripper_moveit -- -j16 -l16
[0.712s] DEBUG:colcon.colcon_core.event_handler.log_command:Invoking command in '/home/cg-tuf/turtlebot4_flask/build/piper_no_gripper_moveit': AMENT_PREFIX_PATH=/home/cg-tuf/turtlebot4_flask/install/piper_description:${AMENT_PREFIX_PATH} CMAKE_PREFIX_PATH=/home/cg-tuf/turtlebot4_flask/install/piper_description:/opt/ros/humble /usr/bin/cmake --install /home/cg-tuf/turtlebot4_flask/build/piper_no_gripper_moveit
[0.713s] Level 1:colcon.colcon_core.environment:create_environment_scripts_only(piper_mujoco)
[0.713s] Level 1:colcon.colcon_core.environment:checking '/home/cg-tuf/turtlebot4_flask/install/piper_mujoco' for CMake module files
[0.714s] DEBUG:colcon.colcon_core.event_handler.log_command:Invoked command in '/home/cg-tuf/turtlebot4_flask/build/piper_mujoco' returned '0': CMAKE_PREFIX_PATH=/opt/ros/humble /usr/bin/cmake --install /home/cg-tuf/turtlebot4_flask/build/piper_mujoco
[0.714s] Level 1:colcon.colcon_core.environment:checking '/home/cg-tuf/turtlebot4_flask/install/piper_mujoco' for CMake config files
[0.714s] Level 1:colcon.colcon_core.shell:create_environment_hook('piper_mujoco', 'cmake_prefix_path')
[0.715s] INFO:colcon.colcon_core.shell:Creating environment hook '/home/cg-tuf/turtlebot4_flask/install/piper_mujoco/share/piper_mujoco/hook/cmake_prefix_path.ps1'
[0.715s] INFO:colcon.colcon_core.shell:Creating environment descriptor '/home/cg-tuf/turtlebot4_flask/install/piper_mujoco/share/piper_mujoco/hook/cmake_prefix_path.dsv'
[0.716s] INFO:colcon.colcon_core.shell:Creating environment hook '/home/cg-tuf/turtlebot4_flask/install/piper_mujoco/share/piper_mujoco/hook/cmake_prefix_path.sh'
[0.718s] Level 1:colcon.colcon_core.environment:checking '/home/cg-tuf/turtlebot4_flask/install/piper_mujoco/lib'
[0.719s] Level 1:colcon.colcon_core.environment:checking '/home/cg-tuf/turtlebot4_flask/install/piper_mujoco/bin'
[0.719s] Level 1:colcon.colcon_core.environment:checking '/home/cg-tuf/turtlebot4_flask/install/piper_mujoco/lib/pkgconfig/piper_mujoco.pc'
[0.719s] Level 1:colcon.colcon_core.environment:checking '/home/cg-tuf/turtlebot4_flask/install/piper_mujoco/lib/python3.10/site-packages'
[0.720s] Level 1:colcon.colcon_core.environment:checking '/home/cg-tuf/turtlebot4_flask/install/piper_mujoco/bin'
[0.721s] INFO:colcon.colcon_core.shell:Creating package script '/home/cg-tuf/turtlebot4_flask/install/piper_mujoco/share/piper_mujoco/package.ps1'
[0.722s] INFO:colcon.colcon_core.shell:Creating package descriptor '/home/cg-tuf/turtlebot4_flask/install/piper_mujoco/share/piper_mujoco/package.dsv'
[0.723s] INFO:colcon.colcon_core.shell:Creating package script '/home/cg-tuf/turtlebot4_flask/install/piper_mujoco/share/piper_mujoco/package.sh'
[0.724s] INFO:colcon.colcon_core.shell:Creating package script '/home/cg-tuf/turtlebot4_flask/install/piper_mujoco/share/piper_mujoco/package.bash'
[0.725s] INFO:colcon.colcon_core.shell:Creating package script '/home/cg-tuf/turtlebot4_flask/install/piper_mujoco/share/piper_mujoco/package.zsh'
[0.726s] Level 1:colcon.colcon_core.environment:create_file_with_runtime_dependencies(/home/cg-tuf/turtlebot4_flask/install/piper_mujoco/share/colcon-core/packages/piper_mujoco)
[0.728s] Level 1:colcon.colcon_core.environment:create_environment_scripts_only(piper_mujoco)
[0.728s] Level 1:colcon.colcon_core.environment:checking '/home/cg-tuf/turtlebot4_flask/install/piper_mujoco' for CMake module files
[0.730s] Level 1:colcon.colcon_core.environment:checking '/home/cg-tuf/turtlebot4_flask/install/piper_mujoco' for CMake config files
[0.731s] Level 1:colcon.colcon_core.shell:create_environment_hook('piper_mujoco', 'cmake_prefix_path')
[0.732s] INFO:colcon.colcon_core.shell:Creating environment hook '/home/cg-tuf/turtlebot4_flask/install/piper_mujoco/share/piper_mujoco/hook/cmake_prefix_path.ps1'
[0.734s] INFO:colcon.colcon_core.shell:Creating environment descriptor '/home/cg-tuf/turtlebot4_flask/install/piper_mujoco/share/piper_mujoco/hook/cmake_prefix_path.dsv'
[0.734s] INFO:colcon.colcon_core.shell:Creating environment hook '/home/cg-tuf/turtlebot4_flask/install/piper_mujoco/share/piper_mujoco/hook/cmake_prefix_path.sh'
[0.735s] Level 1:colcon.colcon_core.environment:checking '/home/cg-tuf/turtlebot4_flask/install/piper_mujoco/lib'
[0.735s] Level 1:colcon.colcon_core.environment:checking '/home/cg-tuf/turtlebot4_flask/install/piper_mujoco/bin'
[0.735s] Level 1:colcon.colcon_core.environment:checking '/home/cg-tuf/turtlebot4_flask/install/piper_mujoco/lib/pkgconfig/piper_mujoco.pc'
[0.736s] Level 1:colcon.colcon_core.environment:checking '/home/cg-tuf/turtlebot4_flask/install/piper_mujoco/lib/python3.10/site-packages'
[0.736s] Level 1:colcon.colcon_core.environment:checking '/home/cg-tuf/turtlebot4_flask/install/piper_mujoco/bin'
[0.737s] INFO:colcon.colcon_core.shell:Creating package script '/home/cg-tuf/turtlebot4_flask/install/piper_mujoco/share/piper_mujoco/package.ps1'
[0.737s] INFO:colcon.colcon_core.shell:Creating package descriptor '/home/cg-tuf/turtlebot4_flask/install/piper_mujoco/share/piper_mujoco/package.dsv'
[0.738s] INFO:colcon.colcon_core.shell:Creating package script '/home/cg-tuf/turtlebot4_flask/install/piper_mujoco/share/piper_mujoco/package.sh'
[0.738s] INFO:colcon.colcon_core.shell:Creating package script '/home/cg-tuf/turtlebot4_flask/install/piper_mujoco/share/piper_mujoco/package.bash'
[0.739s] INFO:colcon.colcon_core.shell:Creating package script '/home/cg-tuf/turtlebot4_flask/install/piper_mujoco/share/piper_mujoco/package.zsh'
[0.739s] Level 1:colcon.colcon_core.environment:create_file_with_runtime_dependencies(/home/cg-tuf/turtlebot4_flask/install/piper_mujoco/share/colcon-core/packages/piper_mujoco)
[0.740s] Level 1:colcon.colcon_core.environment:create_environment_scripts_only(piper_with_gripper_moveit)
[0.740s] Level 1:colcon.colcon_core.environment:checking '/home/cg-tuf/turtlebot4_flask/install/piper_with_gripper_moveit' for CMake module files
[0.741s] DEBUG:colcon.colcon_core.event_handler.log_command:Invoked command in '/home/cg-tuf/turtlebot4_flask/build/piper_with_gripper_moveit' returned '0': AMENT_PREFIX_PATH=/home/cg-tuf/turtlebot4_flask/install/piper_description:${AMENT_PREFIX_PATH} CMAKE_PREFIX_PATH=/home/cg-tuf/turtlebot4_flask/install/piper_description:/opt/ros/humble /usr/bin/cmake --install /home/cg-tuf/turtlebot4_flask/build/piper_with_gripper_moveit
[0.741s] Level 1:colcon.colcon_core.environment:checking '/home/cg-tuf/turtlebot4_flask/install/piper_with_gripper_moveit' for CMake config files
[0.742s] Level 1:colcon.colcon_core.shell:create_environment_hook('piper_with_gripper_moveit', 'cmake_prefix_path')
[0.742s] INFO:colcon.colcon_core.shell:Creating environment hook '/home/cg-tuf/turtlebot4_flask/install/piper_with_gripper_moveit/share/piper_with_gripper_moveit/hook/cmake_prefix_path.ps1'
[0.742s] INFO:colcon.colcon_core.shell:Creating environment descriptor '/home/cg-tuf/turtlebot4_flask/install/piper_with_gripper_moveit/share/piper_with_gripper_moveit/hook/cmake_prefix_path.dsv'
[0.743s] INFO:colcon.colcon_core.shell:Creating environment hook '/home/cg-tuf/turtlebot4_flask/install/piper_with_gripper_moveit/share/piper_with_gripper_moveit/hook/cmake_prefix_path.sh'
[0.743s] Level 1:colcon.colcon_core.environment:checking '/home/cg-tuf/turtlebot4_flask/install/piper_with_gripper_moveit/bin'
[0.743s] Level 1:colcon.colcon_core.environment:checking '/home/cg-tuf/turtlebot4_flask/install/piper_with_gripper_moveit/lib/pkgconfig/piper_with_gripper_moveit.pc'
[0.744s] Level 1:colcon.colcon_core.environment:checking '/home/cg-tuf/turtlebot4_flask/install/piper_with_gripper_moveit/lib/python3.10/site-packages'
[0.744s] Level 1:colcon.colcon_core.environment:checking '/home/cg-tuf/turtlebot4_flask/install/piper_with_gripper_moveit/bin'
[0.744s] INFO:colcon.colcon_core.shell:Creating package script '/home/cg-tuf/turtlebot4_flask/install/piper_with_gripper_moveit/share/piper_with_gripper_moveit/package.ps1'
[0.745s] INFO:colcon.colcon_core.shell:Creating package descriptor '/home/cg-tuf/turtlebot4_flask/install/piper_with_gripper_moveit/share/piper_with_gripper_moveit/package.dsv'
[0.745s] INFO:colcon.colcon_core.shell:Creating package script '/home/cg-tuf/turtlebot4_flask/install/piper_with_gripper_moveit/share/piper_with_gripper_moveit/package.sh'
[0.745s] INFO:colcon.colcon_core.shell:Creating package script '/home/cg-tuf/turtlebot4_flask/install/piper_with_gripper_moveit/share/piper_with_gripper_moveit/package.bash'
[0.745s] INFO:colcon.colcon_core.shell:Creating package script '/home/cg-tuf/turtlebot4_flask/install/piper_with_gripper_moveit/share/piper_with_gripper_moveit/package.zsh'
[0.746s] Level 1:colcon.colcon_core.environment:create_file_with_runtime_dependencies(/home/cg-tuf/turtlebot4_flask/install/piper_with_gripper_moveit/share/colcon-core/packages/piper_with_gripper_moveit)
[0.746s] Level 1:colcon.colcon_core.environment:create_environment_scripts_only(piper_with_gripper_moveit)
[0.746s] Level 1:colcon.colcon_core.environment:checking '/home/cg-tuf/turtlebot4_flask/install/piper_with_gripper_moveit' for CMake module files
[0.747s] Level 1:colcon.colcon_core.environment:checking '/home/cg-tuf/turtlebot4_flask/install/piper_with_gripper_moveit' for CMake config files
[0.747s] Level 1:colcon.colcon_core.shell:create_environment_hook('piper_with_gripper_moveit', 'cmake_prefix_path')
[0.747s] INFO:colcon.colcon_core.shell:Creating environment hook '/home/cg-tuf/turtlebot4_flask/install/piper_with_gripper_moveit/share/piper_with_gripper_moveit/hook/cmake_prefix_path.ps1'
[0.747s] INFO:colcon.colcon_core.shell:Creating environment descriptor '/home/cg-tuf/turtlebot4_flask/install/piper_with_gripper_moveit/share/piper_with_gripper_moveit/hook/cmake_prefix_path.dsv'
[0.747s] INFO:colcon.colcon_core.shell:Creating environment hook '/home/cg-tuf/turtlebot4_flask/install/piper_with_gripper_moveit/share/piper_with_gripper_moveit/hook/cmake_prefix_path.sh'
[0.748s] Level 1:colcon.colcon_core.environment:checking '/home/cg-tuf/turtlebot4_flask/install/piper_with_gripper_moveit/bin'
[0.748s] Level 1:colcon.colcon_core.environment:checking '/home/cg-tuf/turtlebot4_flask/install/piper_with_gripper_moveit/lib/pkgconfig/piper_with_gripper_moveit.pc'
[0.748s] Level 1:colcon.colcon_core.environment:checking '/home/cg-tuf/turtlebot4_flask/install/piper_with_gripper_moveit/lib/python3.10/site-packages'
[0.748s] Level 1:colcon.colcon_core.environment:checking '/home/cg-tuf/turtlebot4_flask/install/piper_with_gripper_moveit/bin'
[0.749s] INFO:colcon.colcon_core.shell:Creating package script '/home/cg-tuf/turtlebot4_flask/install/piper_with_gripper_moveit/share/piper_with_gripper_moveit/package.ps1'
[0.749s] INFO:colcon.colcon_core.shell:Creating package descriptor '/home/cg-tuf/turtlebot4_flask/install/piper_with_gripper_moveit/share/piper_with_gripper_moveit/package.dsv'
[0.749s] INFO:colcon.colcon_core.shell:Creating package script '/home/cg-tuf/turtlebot4_flask/install/piper_with_gripper_moveit/share/piper_with_gripper_moveit/package.sh'
[0.750s] INFO:colcon.colcon_core.shell:Creating package script '/home/cg-tuf/turtlebot4_flask/install/piper_with_gripper_moveit/share/piper_with_gripper_moveit/package.bash'
[0.750s] INFO:colcon.colcon_core.shell:Creating package script '/home/cg-tuf/turtlebot4_flask/install/piper_with_gripper_moveit/share/piper_with_gripper_moveit/package.zsh'
[0.750s] Level 1:colcon.colcon_core.environment:create_file_with_runtime_dependencies(/home/cg-tuf/turtlebot4_flask/install/piper_with_gripper_moveit/share/colcon-core/packages/piper_with_gripper_moveit)
[0.750s] Level 1:colcon.colcon_core.environment:create_environment_scripts_only(piper_no_gripper_moveit)
[0.751s] Level 1:colcon.colcon_core.environment:checking '/home/cg-tuf/turtlebot4_flask/install/piper_no_gripper_moveit' for CMake module files
[0.751s] Level 1:colcon.colcon_core.environment:checking '/home/cg-tuf/turtlebot4_flask/install/piper_no_gripper_moveit' for CMake config files
[0.752s] Level 1:colcon.colcon_core.shell:create_environment_hook('piper_no_gripper_moveit', 'cmake_prefix_path')
[0.752s] INFO:colcon.colcon_core.shell:Creating environment hook '/home/cg-tuf/turtlebot4_flask/install/piper_no_gripper_moveit/share/piper_no_gripper_moveit/hook/cmake_prefix_path.ps1'
[0.752s] DEBUG:colcon.colcon_core.event_handler.log_command:Invoked command in '/home/cg-tuf/turtlebot4_flask/build/piper_no_gripper_moveit' returned '0': AMENT_PREFIX_PATH=/home/cg-tuf/turtlebot4_flask/install/piper_description:${AMENT_PREFIX_PATH} CMAKE_PREFIX_PATH=/home/cg-tuf/turtlebot4_flask/install/piper_description:/opt/ros/humble /usr/bin/cmake --install /home/cg-tuf/turtlebot4_flask/build/piper_no_gripper_moveit
[0.753s] INFO:colcon.colcon_core.shell:Creating environment descriptor '/home/cg-tuf/turtlebot4_flask/install/piper_no_gripper_moveit/share/piper_no_gripper_moveit/hook/cmake_prefix_path.dsv'
[0.753s] INFO:colcon.colcon_core.shell:Creating environment hook '/home/cg-tuf/turtlebot4_flask/install/piper_no_gripper_moveit/share/piper_no_gripper_moveit/hook/cmake_prefix_path.sh'
[0.754s] Level 1:colcon.colcon_core.environment:checking '/home/cg-tuf/turtlebot4_flask/install/piper_no_gripper_moveit/bin'
[0.754s] Level 1:colcon.colcon_core.environment:checking '/home/cg-tuf/turtlebot4_flask/install/piper_no_gripper_moveit/lib/pkgconfig/piper_no_gripper_moveit.pc'
[0.754s] Level 1:colcon.colcon_core.environment:checking '/home/cg-tuf/turtlebot4_flask/install/piper_no_gripper_moveit/lib/python3.10/site-packages'
[0.754s] Level 1:colcon.colcon_core.environment:checking '/home/cg-tuf/turtlebot4_flask/install/piper_no_gripper_moveit/bin'
[0.754s] INFO:colcon.colcon_core.shell:Creating package script '/home/cg-tuf/turtlebot4_flask/install/piper_no_gripper_moveit/share/piper_no_gripper_moveit/package.ps1'
[0.754s] INFO:colcon.colcon_core.shell:Creating package descriptor '/home/cg-tuf/turtlebot4_flask/install/piper_no_gripper_moveit/share/piper_no_gripper_moveit/package.dsv'
[0.755s] INFO:colcon.colcon_core.shell:Creating package script '/home/cg-tuf/turtlebot4_flask/install/piper_no_gripper_moveit/share/piper_no_gripper_moveit/package.sh'
[0.755s] INFO:colcon.colcon_core.shell:Creating package script '/home/cg-tuf/turtlebot4_flask/install/piper_no_gripper_moveit/share/piper_no_gripper_moveit/package.bash'
[0.755s] INFO:colcon.colcon_core.shell:Creating package script '/home/cg-tuf/turtlebot4_flask/install/piper_no_gripper_moveit/share/piper_no_gripper_moveit/package.zsh'
[0.756s] Level 1:colcon.colcon_core.environment:create_file_with_runtime_dependencies(/home/cg-tuf/turtlebot4_flask/install/piper_no_gripper_moveit/share/colcon-core/packages/piper_no_gripper_moveit)
[0.756s] Level 1:colcon.colcon_core.environment:create_environment_scripts_only(piper_no_gripper_moveit)
[0.756s] Level 1:colcon.colcon_core.environment:checking '/home/cg-tuf/turtlebot4_flask/install/piper_no_gripper_moveit' for CMake module files
[0.757s] Level 1:colcon.colcon_core.environment:checking '/home/cg-tuf/turtlebot4_flask/install/piper_no_gripper_moveit' for CMake config files
[0.757s] Level 1:colcon.colcon_core.shell:create_environment_hook('piper_no_gripper_moveit', 'cmake_prefix_path')
[0.757s] INFO:colcon.colcon_core.shell:Creating environment hook '/home/cg-tuf/turtlebot4_flask/install/piper_no_gripper_moveit/share/piper_no_gripper_moveit/hook/cmake_prefix_path.ps1'
[0.757s] INFO:colcon.colcon_core.shell:Creating environment descriptor '/home/cg-tuf/turtlebot4_flask/install/piper_no_gripper_moveit/share/piper_no_gripper_moveit/hook/cmake_prefix_path.dsv'
[0.757s] INFO:colcon.colcon_core.shell:Creating environment hook '/home/cg-tuf/turtlebot4_flask/install/piper_no_gripper_moveit/share/piper_no_gripper_moveit/hook/cmake_prefix_path.sh'
[0.758s] Level 1:colcon.colcon_core.environment:checking '/home/cg-tuf/turtlebot4_flask/install/piper_no_gripper_moveit/bin'
[0.758s] Level 1:colcon.colcon_core.environment:checking '/home/cg-tuf/turtlebot4_flask/install/piper_no_gripper_moveit/lib/pkgconfig/piper_no_gripper_moveit.pc'
[0.758s] Level 1:colcon.colcon_core.environment:checking '/home/cg-tuf/turtlebot4_flask/install/piper_no_gripper_moveit/lib/python3.10/site-packages'
[0.758s] Level 1:colcon.colcon_core.environment:checking '/home/cg-tuf/turtlebot4_flask/install/piper_no_gripper_moveit/bin'
[0.759s] INFO:colcon.colcon_core.shell:Creating package script '/home/cg-tuf/turtlebot4_flask/install/piper_no_gripper_moveit/share/piper_no_gripper_moveit/package.ps1'
[0.759s] INFO:colcon.colcon_core.shell:Creating package descriptor '/home/cg-tuf/turtlebot4_flask/install/piper_no_gripper_moveit/share/piper_no_gripper_moveit/package.dsv'
[0.759s] INFO:colcon.colcon_core.shell:Creating package script '/home/cg-tuf/turtlebot4_flask/install/piper_no_gripper_moveit/share/piper_no_gripper_moveit/package.sh'
[0.760s] INFO:colcon.colcon_core.shell:Creating package script '/home/cg-tuf/turtlebot4_flask/install/piper_no_gripper_moveit/share/piper_no_gripper_moveit/package.bash'
[0.760s] INFO:colcon.colcon_core.shell:Creating package script '/home/cg-tuf/turtlebot4_flask/install/piper_no_gripper_moveit/share/piper_no_gripper_moveit/package.zsh'
[0.760s] Level 1:colcon.colcon_core.environment:create_file_with_runtime_dependencies(/home/cg-tuf/turtlebot4_flask/install/piper_no_gripper_moveit/share/colcon-core/packages/piper_no_gripper_moveit)
[0.762s] DEBUG:colcon.colcon_core.event_handler.log_command:Invoking command in '/home/cg-tuf/turtlebot4_flask/piper_ws/src/Piper_ros/src/piper': PYTHONPATH=/home/cg-tuf/turtlebot4_flask/build/piper/prefix_override:/usr/lib/python3/dist-packages/colcon_core/task/python/colcon_distutils_commands:/home/cg-tuf/turtlebot4_flask/install/piper/lib/python3.10/site-packages:${PYTHONPATH} /usr/bin/python3 -W ignore:setup.py install is deprecated -W ignore:easy_install command is deprecated setup.py egg_info --egg-base ../../../../../build/piper build --build-base /home/cg-tuf/turtlebot4_flask/build/piper/build install --record /home/cg-tuf/turtlebot4_flask/build/piper/install.log --single-version-externally-managed install_data
[0.958s] Level 1:colcon.colcon_core.environment:checking '/home/cg-tuf/turtlebot4_flask/install/piper' for CMake module files
[0.959s] DEBUG:colcon.colcon_core.event_handler.log_command:Invoked command in '/home/cg-tuf/turtlebot4_flask/piper_ws/src/Piper_ros/src/piper' returned '0': PYTHONPATH=/home/cg-tuf/turtlebot4_flask/build/piper/prefix_override:/usr/lib/python3/dist-packages/colcon_core/task/python/colcon_distutils_commands:/home/cg-tuf/turtlebot4_flask/install/piper/lib/python3.10/site-packages:${PYTHONPATH} /usr/bin/python3 -W ignore:setup.py install is deprecated -W ignore:easy_install command is deprecated setup.py egg_info --egg-base ../../../../../build/piper build --build-base /home/cg-tuf/turtlebot4_flask/build/piper/build install --record /home/cg-tuf/turtlebot4_flask/build/piper/install.log --single-version-externally-managed install_data
[0.959s] Level 1:colcon.colcon_core.environment:checking '/home/cg-tuf/turtlebot4_flask/install/piper' for CMake config files
[0.959s] Level 1:colcon.colcon_core.environment:checking '/home/cg-tuf/turtlebot4_flask/install/piper/lib'
[0.959s] Level 1:colcon.colcon_core.environment:checking '/home/cg-tuf/turtlebot4_flask/install/piper/bin'
[0.959s] Level 1:colcon.colcon_core.environment:checking '/home/cg-tuf/turtlebot4_flask/install/piper/lib/pkgconfig/piper.pc'
[0.960s] Level 1:colcon.colcon_core.environment:checking '/home/cg-tuf/turtlebot4_flask/install/piper/lib/python3.10/site-packages'
[0.960s] Level 1:colcon.colcon_core.shell:create_environment_hook('piper', 'pythonpath')
[0.960s] INFO:colcon.colcon_core.shell:Creating environment hook '/home/cg-tuf/turtlebot4_flask/install/piper/share/piper/hook/pythonpath.ps1'
[0.960s] INFO:colcon.colcon_core.shell:Creating environment descriptor '/home/cg-tuf/turtlebot4_flask/install/piper/share/piper/hook/pythonpath.dsv'
[0.960s] INFO:colcon.colcon_core.shell:Creating environment hook '/home/cg-tuf/turtlebot4_flask/install/piper/share/piper/hook/pythonpath.sh'
[0.961s] Level 1:colcon.colcon_core.environment:checking '/home/cg-tuf/turtlebot4_flask/install/piper/bin'
[0.961s] Level 1:colcon.colcon_core.environment:create_environment_scripts_only(piper)
[0.961s] INFO:colcon.colcon_core.shell:Creating package script '/home/cg-tuf/turtlebot4_flask/install/piper/share/piper/package.ps1'
[0.961s] INFO:colcon.colcon_core.shell:Creating package descriptor '/home/cg-tuf/turtlebot4_flask/install/piper/share/piper/package.dsv'
[0.962s] INFO:colcon.colcon_core.shell:Creating package script '/home/cg-tuf/turtlebot4_flask/install/piper/share/piper/package.sh'
[0.962s] INFO:colcon.colcon_core.shell:Creating package script '/home/cg-tuf/turtlebot4_flask/install/piper/share/piper/package.bash'
[0.962s] INFO:colcon.colcon_core.shell:Creating package script '/home/cg-tuf/turtlebot4_flask/install/piper/share/piper/package.zsh'
[0.962s] Level 1:colcon.colcon_core.environment:create_file_with_runtime_dependencies(/home/cg-tuf/turtlebot4_flask/install/piper/share/colcon-core/packages/piper)
[2.557s] DEBUG:colcon.colcon_core.event_handler.log_command:Invoked command in '/home/cg-tuf/turtlebot4_flask/build/piper_msgs' returned '0': CMAKE_PREFIX_PATH=/opt/ros/humble /usr/bin/cmake --build /home/cg-tuf/turtlebot4_flask/build/piper_msgs -- -j16 -l16
[2.558s] DEBUG:colcon.colcon_core.event_handler.log_command:Invoking command in '/home/cg-tuf/turtlebot4_flask/build/piper_msgs': CMAKE_PREFIX_PATH=/opt/ros/humble /usr/bin/cmake --install /home/cg-tuf/turtlebot4_flask/build/piper_msgs
[2.616s] Level 1:colcon.colcon_core.environment:create_environment_scripts_only(piper_msgs)
[2.616s] Level 1:colcon.colcon_core.environment:checking '/home/cg-tuf/turtlebot4_flask/install/piper_msgs' for CMake module files
[2.616s] DEBUG:colcon.colcon_core.event_handler.log_command:Invoked command in '/home/cg-tuf/turtlebot4_flask/build/piper_msgs' returned '0': CMAKE_PREFIX_PATH=/opt/ros/humble /usr/bin/cmake --install /home/cg-tuf/turtlebot4_flask/build/piper_msgs
[2.617s] Level 1:colcon.colcon_core.environment:checking '/home/cg-tuf/turtlebot4_flask/install/piper_msgs' for CMake config files
[2.617s] Level 1:colcon.colcon_core.shell:create_environment_hook('piper_msgs', 'cmake_prefix_path')
[2.617s] INFO:colcon.colcon_core.shell:Creating environment hook '/home/cg-tuf/turtlebot4_flask/install/piper_msgs/share/piper_msgs/hook/cmake_prefix_path.ps1'
[2.617s] INFO:colcon.colcon_core.shell:Creating environment descriptor '/home/cg-tuf/turtlebot4_flask/install/piper_msgs/share/piper_msgs/hook/cmake_prefix_path.dsv'
[2.618s] INFO:colcon.colcon_core.shell:Creating environment hook '/home/cg-tuf/turtlebot4_flask/install/piper_msgs/share/piper_msgs/hook/cmake_prefix_path.sh'
[2.618s] Level 1:colcon.colcon_core.environment:checking '/home/cg-tuf/turtlebot4_flask/install/piper_msgs/lib'
[2.618s] Level 1:colcon.colcon_core.shell:create_environment_hook('piper_msgs', 'ld_library_path_lib')
[2.618s] INFO:colcon.colcon_core.shell:Creating environment hook '/home/cg-tuf/turtlebot4_flask/install/piper_msgs/share/piper_msgs/hook/ld_library_path_lib.ps1'
[2.618s] INFO:colcon.colcon_core.shell:Creating environment descriptor '/home/cg-tuf/turtlebot4_flask/install/piper_msgs/share/piper_msgs/hook/ld_library_path_lib.dsv'
[2.619s] INFO:colcon.colcon_core.shell:Creating environment hook '/home/cg-tuf/turtlebot4_flask/install/piper_msgs/share/piper_msgs/hook/ld_library_path_lib.sh'
[2.619s] Level 1:colcon.colcon_core.environment:checking '/home/cg-tuf/turtlebot4_flask/install/piper_msgs/bin'
[2.619s] Level 1:colcon.colcon_core.environment:checking '/home/cg-tuf/turtlebot4_flask/install/piper_msgs/lib/pkgconfig/piper_msgs.pc'
[2.619s] Level 1:colcon.colcon_core.environment:checking '/home/cg-tuf/turtlebot4_flask/install/piper_msgs/lib/python3.10/site-packages'
[2.619s] Level 1:colcon.colcon_core.environment:checking '/home/cg-tuf/turtlebot4_flask/install/piper_msgs/bin'
[2.620s] INFO:colcon.colcon_core.shell:Creating package script '/home/cg-tuf/turtlebot4_flask/install/piper_msgs/share/piper_msgs/package.ps1'
[2.620s] INFO:colcon.colcon_core.shell:Creating package descriptor '/home/cg-tuf/turtlebot4_flask/install/piper_msgs/share/piper_msgs/package.dsv'
[2.620s] INFO:colcon.colcon_core.shell:Creating package script '/home/cg-tuf/turtlebot4_flask/install/piper_msgs/share/piper_msgs/package.sh'
[2.621s] INFO:colcon.colcon_core.shell:Creating package script '/home/cg-tuf/turtlebot4_flask/install/piper_msgs/share/piper_msgs/package.bash'
[2.621s] INFO:colcon.colcon_core.shell:Creating package script '/home/cg-tuf/turtlebot4_flask/install/piper_msgs/share/piper_msgs/package.zsh'
[2.621s] Level 1:colcon.colcon_core.environment:create_file_with_runtime_dependencies(/home/cg-tuf/turtlebot4_flask/install/piper_msgs/share/colcon-core/packages/piper_msgs)
[2.622s] Level 1:colcon.colcon_core.environment:create_environment_scripts_only(piper_msgs)
[2.622s] Level 1:colcon.colcon_core.environment:checking '/home/cg-tuf/turtlebot4_flask/install/piper_msgs' for CMake module files
[2.623s] Level 1:colcon.colcon_core.environment:checking '/home/cg-tuf/turtlebot4_flask/install/piper_msgs' for CMake config files
[2.623s] Level 1:colcon.colcon_core.shell:create_environment_hook('piper_msgs', 'cmake_prefix_path')
[2.623s] INFO:colcon.colcon_core.shell:Creating environment hook '/home/cg-tuf/turtlebot4_flask/install/piper_msgs/share/piper_msgs/hook/cmake_prefix_path.ps1'
[2.623s] INFO:colcon.colcon_core.shell:Creating environment descriptor '/home/cg-tuf/turtlebot4_flask/install/piper_msgs/share/piper_msgs/hook/cmake_prefix_path.dsv'
[2.624s] INFO:colcon.colcon_core.shell:Creating environment hook '/home/cg-tuf/turtlebot4_flask/install/piper_msgs/share/piper_msgs/hook/cmake_prefix_path.sh'
[2.624s] Level 1:colcon.colcon_core.environment:checking '/home/cg-tuf/turtlebot4_flask/install/piper_msgs/lib'
[2.624s] Level 1:colcon.colcon_core.shell:create_environment_hook('piper_msgs', 'ld_library_path_lib')
[2.624s] INFO:colcon.colcon_core.shell:Creating environment hook '/home/cg-tuf/turtlebot4_flask/install/piper_msgs/share/piper_msgs/hook/ld_library_path_lib.ps1'
[2.625s] INFO:colcon.colcon_core.shell:Creating environment descriptor '/home/cg-tuf/turtlebot4_flask/install/piper_msgs/share/piper_msgs/hook/ld_library_path_lib.dsv'
[2.625s] INFO:colcon.colcon_core.shell:Creating environment hook '/home/cg-tuf/turtlebot4_flask/install/piper_msgs/share/piper_msgs/hook/ld_library_path_lib.sh'
[2.625s] Level 1:colcon.colcon_core.environment:checking '/home/cg-tuf/turtlebot4_flask/install/piper_msgs/bin'
[2.625s] Level 1:colcon.colcon_core.environment:checking '/home/cg-tuf/turtlebot4_flask/install/piper_msgs/lib/pkgconfig/piper_msgs.pc'
[2.625s] Level 1:colcon.colcon_core.environment:checking '/home/cg-tuf/turtlebot4_flask/install/piper_msgs/lib/python3.10/site-packages'
[2.626s] Level 1:colcon.colcon_core.environment:checking '/home/cg-tuf/turtlebot4_flask/install/piper_msgs/bin'
[2.626s] INFO:colcon.colcon_core.shell:Creating package script '/home/cg-tuf/turtlebot4_flask/install/piper_msgs/share/piper_msgs/package.ps1'
[2.626s] INFO:colcon.colcon_core.shell:Creating package descriptor '/home/cg-tuf/turtlebot4_flask/install/piper_msgs/share/piper_msgs/package.dsv'
[2.627s] INFO:colcon.colcon_core.shell:Creating package script '/home/cg-tuf/turtlebot4_flask/install/piper_msgs/share/piper_msgs/package.sh'
[2.627s] INFO:colcon.colcon_core.shell:Creating package script '/home/cg-tuf/turtlebot4_flask/install/piper_msgs/share/piper_msgs/package.bash'
[2.627s] INFO:colcon.colcon_core.shell:Creating package script '/home/cg-tuf/turtlebot4_flask/install/piper_msgs/share/piper_msgs/package.zsh'
[2.628s] Level 1:colcon.colcon_core.environment:create_file_with_runtime_dependencies(/home/cg-tuf/turtlebot4_flask/install/piper_msgs/share/colcon-core/packages/piper_msgs)
[2.628s] INFO:colcon.colcon_ros.task.ament_cmake.build:Building ROS package in '/home/cg-tuf/turtlebot4_flask/piper_ws/src/Piper_ros/src/flask_ui' with build type 'ament_cmake'
[2.628s] INFO:colcon.colcon_cmake.task.cmake.build:Building CMake package in '/home/cg-tuf/turtlebot4_flask/piper_ws/src/Piper_ros/src/flask_ui'
[2.628s] INFO:colcon.colcon_core.shell:Skip shell extension 'powershell' for command environment: Not usable outside of PowerShell
[2.628s] DEBUG:colcon.colcon_core.shell:Skip shell extension 'dsv' for command environment
[2.636s] DEBUG:colcon.colcon_core.event_handler.log_command:Invoking command in '/home/cg-tuf/turtlebot4_flask/build/flask_ui': AMENT_PREFIX_PATH=/home/cg-tuf/turtlebot4_flask/install/piper_msgs:${AMENT_PREFIX_PATH} CMAKE_PREFIX_PATH=/home/cg-tuf/turtlebot4_flask/install/piper_msgs:/opt/ros/humble LD_LIBRARY_PATH=/home/cg-tuf/turtlebot4_flask/install/piper_msgs/lib:${LD_LIBRARY_PATH} PYTHONPATH=/home/cg-tuf/turtlebot4_flask/install/piper_msgs/local/lib/python3.10/dist-packages:${PYTHONPATH} /usr/bin/cmake --build /home/cg-tuf/turtlebot4_flask/build/flask_ui -- -j16 -l16
[2.668s] DEBUG:colcon.colcon_core.event_handler.log_command:Invoked command in '/home/cg-tuf/turtlebot4_flask/build/dcs103e_controller' returned '0': CMAKE_PREFIX_PATH=/opt/ros/humble /usr/bin/cmake /home/cg-tuf/turtlebot4_flask/clientapp/instance/dcs103e -DCMAKE_INSTALL_PREFIX=/home/cg-tuf/turtlebot4_flask/install/dcs103e_controller
[2.669s] DEBUG:colcon.colcon_core.event_handler.log_command:Invoking command in '/home/cg-tuf/turtlebot4_flask/build/dcs103e_controller': CMAKE_PREFIX_PATH=/opt/ros/humble /usr/bin/cmake --build /home/cg-tuf/turtlebot4_flask/build/dcs103e_controller -- -j16 -l16
[2.918s] DEBUG:colcon.colcon_core.event_handler.log_command:Invoked command in '/home/cg-tuf/turtlebot4_flask/build/flask_ui' returned '0': AMENT_PREFIX_PATH=/home/cg-tuf/turtlebot4_flask/install/piper_msgs:${AMENT_PREFIX_PATH} CMAKE_PREFIX_PATH=/home/cg-tuf/turtlebot4_flask/install/piper_msgs:/opt/ros/humble LD_LIBRARY_PATH=/home/cg-tuf/turtlebot4_flask/install/piper_msgs/lib:${LD_LIBRARY_PATH} PYTHONPATH=/home/cg-tuf/turtlebot4_flask/install/piper_msgs/local/lib/python3.10/dist-packages:${PYTHONPATH} /usr/bin/cmake --build /home/cg-tuf/turtlebot4_flask/build/flask_ui -- -j16 -l16
[2.919s] DEBUG:colcon.colcon_core.event_handler.log_command:Invoking command in '/home/cg-tuf/turtlebot4_flask/build/flask_ui': AMENT_PREFIX_PATH=/home/cg-tuf/turtlebot4_flask/install/piper_msgs:${AMENT_PREFIX_PATH} CMAKE_PREFIX_PATH=/home/cg-tuf/turtlebot4_flask/install/piper_msgs:/opt/ros/humble LD_LIBRARY_PATH=/home/cg-tuf/turtlebot4_flask/install/piper_msgs/lib:${LD_LIBRARY_PATH} PYTHONPATH=/home/cg-tuf/turtlebot4_flask/install/piper_msgs/local/lib/python3.10/dist-packages:${PYTHONPATH} /usr/bin/cmake --install /home/cg-tuf/turtlebot4_flask/build/flask_ui
[2.930s] Level 1:colcon.colcon_core.environment:create_environment_scripts_only(flask_ui)
[2.930s] Level 1:colcon.colcon_core.environment:checking '/home/cg-tuf/turtlebot4_flask/install/flask_ui' for CMake module files
[2.931s] DEBUG:colcon.colcon_core.event_handler.log_command:Invoked command in '/home/cg-tuf/turtlebot4_flask/build/flask_ui' returned '0': AMENT_PREFIX_PATH=/home/cg-tuf/turtlebot4_flask/install/piper_msgs:${AMENT_PREFIX_PATH} CMAKE_PREFIX_PATH=/home/cg-tuf/turtlebot4_flask/install/piper_msgs:/opt/ros/humble LD_LIBRARY_PATH=/home/cg-tuf/turtlebot4_flask/install/piper_msgs/lib:${LD_LIBRARY_PATH} PYTHONPATH=/home/cg-tuf/turtlebot4_flask/install/piper_msgs/local/lib/python3.10/dist-packages:${PYTHONPATH} /usr/bin/cmake --install /home/cg-tuf/turtlebot4_flask/build/flask_ui
[2.931s] Level 1:colcon.colcon_core.environment:checking '/home/cg-tuf/turtlebot4_flask/install/flask_ui' for CMake config files
[2.931s] Level 1:colcon.colcon_core.shell:create_environment_hook('flask_ui', 'cmake_prefix_path')
[2.931s] INFO:colcon.colcon_core.shell:Creating environment hook '/home/cg-tuf/turtlebot4_flask/install/flask_ui/share/flask_ui/hook/cmake_prefix_path.ps1'
[2.932s] INFO:colcon.colcon_core.shell:Creating environment descriptor '/home/cg-tuf/turtlebot4_flask/install/flask_ui/share/flask_ui/hook/cmake_prefix_path.dsv'
[2.932s] INFO:colcon.colcon_core.shell:Creating environment hook '/home/cg-tuf/turtlebot4_flask/install/flask_ui/share/flask_ui/hook/cmake_prefix_path.sh'
[2.932s] Level 1:colcon.colcon_core.environment:checking '/home/cg-tuf/turtlebot4_flask/install/flask_ui/lib'
[2.932s] Level 1:colcon.colcon_core.environment:checking '/home/cg-tuf/turtlebot4_flask/install/flask_ui/bin'
[2.932s] Level 1:colcon.colcon_core.environment:checking '/home/cg-tuf/turtlebot4_flask/install/flask_ui/lib/pkgconfig/flask_ui.pc'
[2.932s] Level 1:colcon.colcon_core.environment:checking '/home/cg-tuf/turtlebot4_flask/install/flask_ui/lib/python3.10/site-packages'
[2.933s] Level 1:colcon.colcon_core.environment:checking '/home/cg-tuf/turtlebot4_flask/install/flask_ui/bin'
[2.933s] INFO:colcon.colcon_core.shell:Creating package script '/home/cg-tuf/turtlebot4_flask/install/flask_ui/share/flask_ui/package.ps1'
[2.933s] INFO:colcon.colcon_core.shell:Creating package descriptor '/home/cg-tuf/turtlebot4_flask/install/flask_ui/share/flask_ui/package.dsv'
[2.933s] INFO:colcon.colcon_core.shell:Creating package script '/home/cg-tuf/turtlebot4_flask/install/flask_ui/share/flask_ui/package.sh'
[2.934s] INFO:colcon.colcon_core.shell:Creating package script '/home/cg-tuf/turtlebot4_flask/install/flask_ui/share/flask_ui/package.bash'
[2.934s] INFO:colcon.colcon_core.shell:Creating package script '/home/cg-tuf/turtlebot4_flask/install/flask_ui/share/flask_ui/package.zsh'
[2.934s] Level 1:colcon.colcon_core.environment:create_file_with_runtime_dependencies(/home/cg-tuf/turtlebot4_flask/install/flask_ui/share/colcon-core/packages/flask_ui)
[2.934s] Level 1:colcon.colcon_core.environment:create_environment_scripts_only(flask_ui)
[2.934s] Level 1:colcon.colcon_core.environment:checking '/home/cg-tuf/turtlebot4_flask/install/flask_ui' for CMake module files
[2.935s] Level 1:colcon.colcon_core.environment:checking '/home/cg-tuf/turtlebot4_flask/install/flask_ui' for CMake config files
[2.935s] Level 1:colcon.colcon_core.shell:create_environment_hook('flask_ui', 'cmake_prefix_path')
[2.935s] INFO:colcon.colcon_core.shell:Creating environment hook '/home/cg-tuf/turtlebot4_flask/install/flask_ui/share/flask_ui/hook/cmake_prefix_path.ps1'
[2.935s] INFO:colcon.colcon_core.shell:Creating environment descriptor '/home/cg-tuf/turtlebot4_flask/install/flask_ui/share/flask_ui/hook/cmake_prefix_path.dsv'
[2.935s] INFO:colcon.colcon_core.shell:Creating environment hook '/home/cg-tuf/turtlebot4_flask/install/flask_ui/share/flask_ui/hook/cmake_prefix_path.sh'
[2.936s] Level 1:colcon.colcon_core.environment:checking '/home/cg-tuf/turtlebot4_flask/install/flask_ui/lib'
[2.936s] Level 1:colcon.colcon_core.environment:checking '/home/cg-tuf/turtlebot4_flask/install/flask_ui/bin'
[2.936s] Level 1:colcon.colcon_core.environment:checking '/home/cg-tuf/turtlebot4_flask/install/flask_ui/lib/pkgconfig/flask_ui.pc'
[2.936s] Level 1:colcon.colcon_core.environment:checking '/home/cg-tuf/turtlebot4_flask/install/flask_ui/lib/python3.10/site-packages'
[2.936s] Level 1:colcon.colcon_core.environment:checking '/home/cg-tuf/turtlebot4_flask/install/flask_ui/bin'
[2.936s] INFO:colcon.colcon_core.shell:Creating package script '/home/cg-tuf/turtlebot4_flask/install/flask_ui/share/flask_ui/package.ps1'
[2.936s] INFO:colcon.colcon_core.shell:Creating package descriptor '/home/cg-tuf/turtlebot4_flask/install/flask_ui/share/flask_ui/package.dsv'
[2.937s] INFO:colcon.colcon_core.shell:Creating package script '/home/cg-tuf/turtlebot4_flask/install/flask_ui/share/flask_ui/package.sh'
[2.937s] INFO:colcon.colcon_core.shell:Creating package script '/home/cg-tuf/turtlebot4_flask/install/flask_ui/share/flask_ui/package.bash'
[2.937s] INFO:colcon.colcon_core.shell:Creating package script '/home/cg-tuf/turtlebot4_flask/install/flask_ui/share/flask_ui/package.zsh'
[2.938s] Level 1:colcon.colcon_core.environment:create_file_with_runtime_dependencies(/home/cg-tuf/turtlebot4_flask/install/flask_ui/share/colcon-core/packages/flask_ui)
[7.168s] DEBUG:colcon.colcon_core.event_handler.log_command:Invoked command in '/home/cg-tuf/turtlebot4_flask/build/dcs103e_controller' returned '0': CMAKE_PREFIX_PATH=/opt/ros/humble /usr/bin/cmake --build /home/cg-tuf/turtlebot4_flask/build/dcs103e_controller -- -j16 -l16
[7.169s] DEBUG:colcon.colcon_core.event_handler.log_command:Invoking command in '/home/cg-tuf/turtlebot4_flask/build/dcs103e_controller': CMAKE_PREFIX_PATH=/opt/ros/humble /usr/bin/cmake --install /home/cg-tuf/turtlebot4_flask/build/dcs103e_controller
[7.222s] Level 1:colcon.colcon_core.environment:create_environment_scripts_only(dcs103e_controller)
[7.222s] Level 1:colcon.colcon_core.environment:checking '/home/cg-tuf/turtlebot4_flask/install/dcs103e_controller' for CMake module files
[7.223s] DEBUG:colcon.colcon_core.event_handler.log_command:Invoked command in '/home/cg-tuf/turtlebot4_flask/build/dcs103e_controller' returned '0': CMAKE_PREFIX_PATH=/opt/ros/humble /usr/bin/cmake --install /home/cg-tuf/turtlebot4_flask/build/dcs103e_controller
[7.223s] Level 1:colcon.colcon_core.environment:checking '/home/cg-tuf/turtlebot4_flask/install/dcs103e_controller' for CMake config files
[7.223s] Level 1:colcon.colcon_core.shell:create_environment_hook('dcs103e_controller', 'cmake_prefix_path')
[7.223s] INFO:colcon.colcon_core.shell:Creating environment hook '/home/cg-tuf/turtlebot4_flask/install/dcs103e_controller/share/dcs103e_controller/hook/cmake_prefix_path.ps1'
[7.224s] INFO:colcon.colcon_core.shell:Creating environment descriptor '/home/cg-tuf/turtlebot4_flask/install/dcs103e_controller/share/dcs103e_controller/hook/cmake_prefix_path.dsv'
[7.224s] INFO:colcon.colcon_core.shell:Creating environment hook '/home/cg-tuf/turtlebot4_flask/install/dcs103e_controller/share/dcs103e_controller/hook/cmake_prefix_path.sh'
[7.224s] Level 1:colcon.colcon_core.environment:checking '/home/cg-tuf/turtlebot4_flask/install/dcs103e_controller/lib'
[7.224s] Level 1:colcon.colcon_core.shell:create_environment_hook('dcs103e_controller', 'ld_library_path_lib')
[7.224s] INFO:colcon.colcon_core.shell:Creating environment hook '/home/cg-tuf/turtlebot4_flask/install/dcs103e_controller/share/dcs103e_controller/hook/ld_library_path_lib.ps1'
[7.224s] INFO:colcon.colcon_core.shell:Creating environment descriptor '/home/cg-tuf/turtlebot4_flask/install/dcs103e_controller/share/dcs103e_controller/hook/ld_library_path_lib.dsv'
[7.225s] INFO:colcon.colcon_core.shell:Creating environment hook '/home/cg-tuf/turtlebot4_flask/install/dcs103e_controller/share/dcs103e_controller/hook/ld_library_path_lib.sh'
[7.225s] Level 1:colcon.colcon_core.environment:checking '/home/cg-tuf/turtlebot4_flask/install/dcs103e_controller/bin'
[7.225s] Level 1:colcon.colcon_core.environment:checking '/home/cg-tuf/turtlebot4_flask/install/dcs103e_controller/lib/pkgconfig/dcs103e_controller.pc'
[7.225s] Level 1:colcon.colcon_core.environment:checking '/home/cg-tuf/turtlebot4_flask/install/dcs103e_controller/lib/python3.10/site-packages'
[7.225s] Level 1:colcon.colcon_core.environment:checking '/home/cg-tuf/turtlebot4_flask/install/dcs103e_controller/bin'
[7.225s] INFO:colcon.colcon_core.shell:Creating package script '/home/cg-tuf/turtlebot4_flask/install/dcs103e_controller/share/dcs103e_controller/package.ps1'
[7.225s] INFO:colcon.colcon_core.shell:Creating package descriptor '/home/cg-tuf/turtlebot4_flask/install/dcs103e_controller/share/dcs103e_controller/package.dsv'
[7.226s] INFO:colcon.colcon_core.shell:Creating package script '/home/cg-tuf/turtlebot4_flask/install/dcs103e_controller/share/dcs103e_controller/package.sh'
[7.226s] INFO:colcon.colcon_core.shell:Creating package script '/home/cg-tuf/turtlebot4_flask/install/dcs103e_controller/share/dcs103e_controller/package.bash'
[7.226s] INFO:colcon.colcon_core.shell:Creating package script '/home/cg-tuf/turtlebot4_flask/install/dcs103e_controller/share/dcs103e_controller/package.zsh'
[7.226s] Level 1:colcon.colcon_core.environment:create_file_with_runtime_dependencies(/home/cg-tuf/turtlebot4_flask/install/dcs103e_controller/share/colcon-core/packages/dcs103e_controller)
[7.227s] Level 1:colcon.colcon_core.environment:create_environment_scripts_only(dcs103e_controller)
[7.227s] Level 1:colcon.colcon_core.environment:checking '/home/cg-tuf/turtlebot4_flask/install/dcs103e_controller' for CMake module files
[7.227s] Level 1:colcon.colcon_core.environment:checking '/home/cg-tuf/turtlebot4_flask/install/dcs103e_controller' for CMake config files
[7.227s] Level 1:colcon.colcon_core.shell:create_environment_hook('dcs103e_controller', 'cmake_prefix_path')
[7.227s] INFO:colcon.colcon_core.shell:Creating environment hook '/home/cg-tuf/turtlebot4_flask/install/dcs103e_controller/share/dcs103e_controller/hook/cmake_prefix_path.ps1'
[7.228s] INFO:colcon.colcon_core.shell:Creating environment descriptor '/home/cg-tuf/turtlebot4_flask/install/dcs103e_controller/share/dcs103e_controller/hook/cmake_prefix_path.dsv'
[7.228s] INFO:colcon.colcon_core.shell:Creating environment hook '/home/cg-tuf/turtlebot4_flask/install/dcs103e_controller/share/dcs103e_controller/hook/cmake_prefix_path.sh'
[7.228s] Level 1:colcon.colcon_core.environment:checking '/home/cg-tuf/turtlebot4_flask/install/dcs103e_controller/lib'
[7.228s] Level 1:colcon.colcon_core.shell:create_environment_hook('dcs103e_controller', 'ld_library_path_lib')
[7.228s] INFO:colcon.colcon_core.shell:Creating environment hook '/home/cg-tuf/turtlebot4_flask/install/dcs103e_controller/share/dcs103e_controller/hook/ld_library_path_lib.ps1'
[7.229s] INFO:colcon.colcon_core.shell:Creating environment descriptor '/home/cg-tuf/turtlebot4_flask/install/dcs103e_controller/share/dcs103e_controller/hook/ld_library_path_lib.dsv'
[7.229s] INFO:colcon.colcon_core.shell:Creating environment hook '/home/cg-tuf/turtlebot4_flask/install/dcs103e_controller/share/dcs103e_controller/hook/ld_library_path_lib.sh'
[7.229s] Level 1:colcon.colcon_core.environment:checking '/home/cg-tuf/turtlebot4_flask/install/dcs103e_controller/bin'
[7.229s] Level 1:colcon.colcon_core.environment:checking '/home/cg-tuf/turtlebot4_flask/install/dcs103e_controller/lib/pkgconfig/dcs103e_controller.pc'
[7.229s] Level 1:colcon.colcon_core.environment:checking '/home/cg-tuf/turtlebot4_flask/install/dcs103e_controller/lib/python3.10/site-packages'
[7.229s] Level 1:colcon.colcon_core.environment:checking '/home/cg-tuf/turtlebot4_flask/install/dcs103e_controller/bin'
[7.229s] INFO:colcon.colcon_core.shell:Creating package script '/home/cg-tuf/turtlebot4_flask/install/dcs103e_controller/share/dcs103e_controller/package.ps1'
[7.230s] INFO:colcon.colcon_core.shell:Creating package descriptor '/home/cg-tuf/turtlebot4_flask/install/dcs103e_controller/share/dcs103e_controller/package.dsv'
[7.230s] INFO:colcon.colcon_core.shell:Creating package script '/home/cg-tuf/turtlebot4_flask/install/dcs103e_controller/share/dcs103e_controller/package.sh'
[7.230s] INFO:colcon.colcon_core.shell:Creating package script '/home/cg-tuf/turtlebot4_flask/install/dcs103e_controller/share/dcs103e_controller/package.bash'
[7.230s] INFO:colcon.colcon_core.shell:Creating package script '/home/cg-tuf/turtlebot4_flask/install/dcs103e_controller/share/dcs103e_controller/package.zsh'
[7.231s] Level 1:colcon.colcon_core.environment:create_file_with_runtime_dependencies(/home/cg-tuf/turtlebot4_flask/install/dcs103e_controller/share/colcon-core/packages/dcs103e_controller)
[11.997s] DEBUG:colcon.colcon_core.event_handler.log_command:Invoked command in '/home/cg-tuf/turtlebot4_flask/build/jai_rosbridge' returned '0': CMAKE_PREFIX_PATH=/opt/ros/humble /usr/bin/cmake --build /home/cg-tuf/turtlebot4_flask/build/jai_rosbridge -- -j16 -l16
[11.998s] DEBUG:colcon.colcon_core.event_handler.log_command:Invoking command in '/home/cg-tuf/turtlebot4_flask/build/jai_rosbridge': CMAKE_PREFIX_PATH=/opt/ros/humble /usr/bin/cmake --install /home/cg-tuf/turtlebot4_flask/build/jai_rosbridge
[12.062s] Level 1:colcon.colcon_core.environment:create_environment_scripts_only(jai_rosbridge)
[12.062s] Level 1:colcon.colcon_core.environment:checking '/home/cg-tuf/turtlebot4_flask/install/jai_rosbridge' for CMake module files
[12.062s] DEBUG:colcon.colcon_core.event_handler.log_command:Invoked command in '/home/cg-tuf/turtlebot4_flask/build/jai_rosbridge' returned '0': CMAKE_PREFIX_PATH=/opt/ros/humble /usr/bin/cmake --install /home/cg-tuf/turtlebot4_flask/build/jai_rosbridge
[12.063s] Level 1:colcon.colcon_core.environment:checking '/home/cg-tuf/turtlebot4_flask/install/jai_rosbridge' for CMake config files
[12.063s] Level 1:colcon.colcon_core.shell:create_environment_hook('jai_rosbridge', 'cmake_prefix_path')
[12.063s] INFO:colcon.colcon_core.shell:Creating environment hook '/home/cg-tuf/turtlebot4_flask/install/jai_rosbridge/share/jai_rosbridge/hook/cmake_prefix_path.ps1'
[12.063s] INFO:colcon.colcon_core.shell:Creating environment descriptor '/home/cg-tuf/turtlebot4_flask/install/jai_rosbridge/share/jai_rosbridge/hook/cmake_prefix_path.dsv'
[12.063s] INFO:colcon.colcon_core.shell:Creating environment hook '/home/cg-tuf/turtlebot4_flask/install/jai_rosbridge/share/jai_rosbridge/hook/cmake_prefix_path.sh'
[12.064s] Level 1:colcon.colcon_core.environment:checking '/home/cg-tuf/turtlebot4_flask/install/jai_rosbridge/lib'
[12.064s] Level 1:colcon.colcon_core.shell:create_environment_hook('jai_rosbridge', 'ld_library_path_lib')
[12.064s] INFO:colcon.colcon_core.shell:Creating environment hook '/home/cg-tuf/turtlebot4_flask/install/jai_rosbridge/share/jai_rosbridge/hook/ld_library_path_lib.ps1'
[12.064s] INFO:colcon.colcon_core.shell:Creating environment descriptor '/home/cg-tuf/turtlebot4_flask/install/jai_rosbridge/share/jai_rosbridge/hook/ld_library_path_lib.dsv'
[12.064s] INFO:colcon.colcon_core.shell:Creating environment hook '/home/cg-tuf/turtlebot4_flask/install/jai_rosbridge/share/jai_rosbridge/hook/ld_library_path_lib.sh'
[12.065s] Level 1:colcon.colcon_core.environment:checking '/home/cg-tuf/turtlebot4_flask/install/jai_rosbridge/bin'
[12.065s] Level 1:colcon.colcon_core.environment:checking '/home/cg-tuf/turtlebot4_flask/install/jai_rosbridge/lib/pkgconfig/jai_rosbridge.pc'
[12.065s] Level 1:colcon.colcon_core.environment:checking '/home/cg-tuf/turtlebot4_flask/install/jai_rosbridge/lib/python3.10/site-packages'
[12.065s] Level 1:colcon.colcon_core.environment:checking '/home/cg-tuf/turtlebot4_flask/install/jai_rosbridge/bin'
[12.065s] INFO:colcon.colcon_core.shell:Creating package script '/home/cg-tuf/turtlebot4_flask/install/jai_rosbridge/share/jai_rosbridge/package.ps1'
[12.065s] INFO:colcon.colcon_core.shell:Creating package descriptor '/home/cg-tuf/turtlebot4_flask/install/jai_rosbridge/share/jai_rosbridge/package.dsv'
[12.066s] INFO:colcon.colcon_core.shell:Creating package script '/home/cg-tuf/turtlebot4_flask/install/jai_rosbridge/share/jai_rosbridge/package.sh'
[12.066s] INFO:colcon.colcon_core.shell:Creating package script '/home/cg-tuf/turtlebot4_flask/install/jai_rosbridge/share/jai_rosbridge/package.bash'
[12.066s] INFO:colcon.colcon_core.shell:Creating package script '/home/cg-tuf/turtlebot4_flask/install/jai_rosbridge/share/jai_rosbridge/package.zsh'
[12.066s] Level 1:colcon.colcon_core.environment:create_file_with_runtime_dependencies(/home/cg-tuf/turtlebot4_flask/install/jai_rosbridge/share/colcon-core/packages/jai_rosbridge)
[12.067s] Level 1:colcon.colcon_core.environment:create_environment_scripts_only(jai_rosbridge)
[12.067s] Level 1:colcon.colcon_core.environment:checking '/home/cg-tuf/turtlebot4_flask/install/jai_rosbridge' for CMake module files
[12.067s] Level 1:colcon.colcon_core.environment:checking '/home/cg-tuf/turtlebot4_flask/install/jai_rosbridge' for CMake config files
[12.067s] Level 1:colcon.colcon_core.shell:create_environment_hook('jai_rosbridge', 'cmake_prefix_path')
[12.067s] INFO:colcon.colcon_core.shell:Creating environment hook '/home/cg-tuf/turtlebot4_flask/install/jai_rosbridge/share/jai_rosbridge/hook/cmake_prefix_path.ps1'
[12.068s] INFO:colcon.colcon_core.shell:Creating environment descriptor '/home/cg-tuf/turtlebot4_flask/install/jai_rosbridge/share/jai_rosbridge/hook/cmake_prefix_path.dsv'
[12.068s] INFO:colcon.colcon_core.shell:Creating environment hook '/home/cg-tuf/turtlebot4_flask/install/jai_rosbridge/share/jai_rosbridge/hook/cmake_prefix_path.sh'
[12.068s] Level 1:colcon.colcon_core.environment:checking '/home/cg-tuf/turtlebot4_flask/install/jai_rosbridge/lib'
[12.068s] Level 1:colcon.colcon_core.shell:create_environment_hook('jai_rosbridge', 'ld_library_path_lib')
[12.069s] INFO:colcon.colcon_core.shell:Creating environment hook '/home/cg-tuf/turtlebot4_flask/install/jai_rosbridge/share/jai_rosbridge/hook/ld_library_path_lib.ps1'
[12.069s] INFO:colcon.colcon_core.shell:Creating environment descriptor '/home/cg-tuf/turtlebot4_flask/install/jai_rosbridge/share/jai_rosbridge/hook/ld_library_path_lib.dsv'
[12.069s] INFO:colcon.colcon_core.shell:Creating environment hook '/home/cg-tuf/turtlebot4_flask/install/jai_rosbridge/share/jai_rosbridge/hook/ld_library_path_lib.sh'
[12.069s] Level 1:colcon.colcon_core.environment:checking '/home/cg-tuf/turtlebot4_flask/install/jai_rosbridge/bin'
[12.069s] Level 1:colcon.colcon_core.environment:checking '/home/cg-tuf/turtlebot4_flask/install/jai_rosbridge/lib/pkgconfig/jai_rosbridge.pc'
[12.069s] Level 1:colcon.colcon_core.environment:checking '/home/cg-tuf/turtlebot4_flask/install/jai_rosbridge/lib/python3.10/site-packages'
[12.070s] Level 1:colcon.colcon_core.environment:checking '/home/cg-tuf/turtlebot4_flask/install/jai_rosbridge/bin'
[12.070s] INFO:colcon.colcon_core.shell:Creating package script '/home/cg-tuf/turtlebot4_flask/install/jai_rosbridge/share/jai_rosbridge/package.ps1'
[12.070s] INFO:colcon.colcon_core.shell:Creating package descriptor '/home/cg-tuf/turtlebot4_flask/install/jai_rosbridge/share/jai_rosbridge/package.dsv'
[12.070s] INFO:colcon.colcon_core.shell:Creating package script '/home/cg-tuf/turtlebot4_flask/install/jai_rosbridge/share/jai_rosbridge/package.sh'
[12.070s] INFO:colcon.colcon_core.shell:Creating package script '/home/cg-tuf/turtlebot4_flask/install/jai_rosbridge/share/jai_rosbridge/package.bash'
[12.071s] INFO:colcon.colcon_core.shell:Creating package script '/home/cg-tuf/turtlebot4_flask/install/jai_rosbridge/share/jai_rosbridge/package.zsh'
[12.071s] Level 1:colcon.colcon_core.environment:create_file_with_runtime_dependencies(/home/cg-tuf/turtlebot4_flask/install/jai_rosbridge/share/colcon-core/packages/jai_rosbridge)
[12.071s] DEBUG:colcon.colcon_parallel_executor.executor.parallel:closing loop
[12.071s] DEBUG:colcon.colcon_parallel_executor.executor.parallel:loop closed
[12.071s] DEBUG:colcon.colcon_parallel_executor.executor.parallel:run_until_complete finished with '0'
[12.071s] DEBUG:colcon.colcon_core.event_reactor:joining thread
[12.075s] INFO:colcon.colcon_core.plugin_system:Skipping extension 'colcon_notification.desktop_notification.terminal_notifier': Not used on non-Darwin systems
[12.075s] INFO:colcon.colcon_core.plugin_system:Skipping extension 'colcon_notification.desktop_notification.win32': Not used on non-Windows systems
[12.075s] INFO:colcon.colcon_notification.desktop_notification:Sending desktop notification using 'notify2'
[12.086s] DEBUG:colcon.colcon_core.event_reactor:joined thread
[12.086s] INFO:colcon.colcon_core.shell:Creating prefix script '/home/cg-tuf/turtlebot4_flask/install/local_setup.ps1'
[12.087s] INFO:colcon.colcon_core.shell:Creating prefix util module '/home/cg-tuf/turtlebot4_flask/install/_local_setup_util_ps1.py'
[12.088s] INFO:colcon.colcon_core.shell:Creating prefix chain script '/home/cg-tuf/turtlebot4_flask/install/setup.ps1'
[12.088s] INFO:colcon.colcon_core.shell:Creating prefix script '/home/cg-tuf/turtlebot4_flask/install/local_setup.sh'
[12.089s] INFO:colcon.colcon_core.shell:Creating prefix util module '/home/cg-tuf/turtlebot4_flask/install/_local_setup_util_sh.py'
[12.089s] INFO:colcon.colcon_core.shell:Creating prefix chain script '/home/cg-tuf/turtlebot4_flask/install/setup.sh'
[12.090s] INFO:colcon.colcon_core.shell:Creating prefix script '/home/cg-tuf/turtlebot4_flask/install/local_setup.bash'
[12.090s] INFO:colcon.colcon_core.shell:Creating prefix chain script '/home/cg-tuf/turtlebot4_flask/install/setup.bash'
[12.090s] INFO:colcon.colcon_core.shell:Creating prefix script '/home/cg-tuf/turtlebot4_flask/install/local_setup.zsh'
[12.091s] INFO:colcon.colcon_core.shell:Creating prefix chain script '/home/cg-tuf/turtlebot4_flask/install/setup.zsh'
