[0.051s] DEBUG:colcon:Command line arguments: ['/usr/bin/colcon', 'list']
[0.051s] DEBUG:colcon:Parsed command line arguments: Namespace(log_base=None, log_level=None, verb_name='list', build_base='build', ignore_user_meta=False, metas=['./colcon.meta'], base_paths=['.'], packages_ignore=None, packages_ignore_regex=None, paths=None, packages_up_to=None, packages_up_to_regex=None, packages_above=None, packages_above_and_dependencies=None, packages_above_depth=None, packages_select_by_dep=None, packages_skip_by_dep=None, packages_skip_up_to=None, packages_select_build_failed=False, packages_skip_build_finished=False, packages_select_test_failures=False, packages_skip_test_passed=False, packages_select=None, packages_skip=None, packages_select_regex=None, packages_skip_regex=None, packages_start=None, packages_end=None, allow_overriding=[], topological_order=False, names_only=False, paths_only=False, topological_graph=False, topological_graph_dot=False, topological_graph_density=False, topological_graph_legend=False, topological_graph_dot_cluster=False, topological_graph_dot_include_skipped=False, verb_parser=<colcon_defaults.argument_parser.defaults.DefaultArgumentsDecorator object at 0x7b326cf69540>, verb_extension=<colcon_package_information.verb.list.ListVerb object at 0x7b326cf686d0>, main=<bound method ListVerb.main of <colcon_package_information.verb.list.ListVerb object at 0x7b326cf686d0>>)
[0.148s] Level 1:colcon.colcon_core.package_discovery:discover_packages(colcon_meta) check parameters
[0.149s] Level 1:colcon.colcon_core.package_discovery:discover_packages(recursive) check parameters
[0.149s] Level 1:colcon.colcon_core.package_discovery:discover_packages(ignore) check parameters
[0.149s] Level 1:colcon.colcon_core.package_discovery:discover_packages(path) check parameters
[0.149s] Level 1:colcon.colcon_core.package_discovery:discover_packages(colcon_meta) discover
[0.149s] Level 1:colcon.colcon_core.package_discovery:discover_packages(recursive) discover
[0.149s] INFO:colcon.colcon_core.package_discovery:Crawling recursively for packages in '/home/cg-tuf/turtlebot4_flask'
[0.149s] Level 1:colcon.colcon_core.package_identification:_identify(.) by extensions ['ignore', 'ignore_ament_install']
[0.149s] Level 1:colcon.colcon_core.package_identification:_identify(.) by extension 'ignore'
[0.149s] Level 1:colcon.colcon_core.package_identification:_identify(.) by extension 'ignore_ament_install'
[0.149s] Level 1:colcon.colcon_core.package_identification:_identify(.) by extensions ['colcon_pkg']
[0.149s] Level 1:colcon.colcon_core.package_identification:_identify(.) by extension 'colcon_pkg'
[0.149s] Level 1:colcon.colcon_core.package_identification:_identify(.) by extensions ['colcon_meta']
[0.149s] Level 1:colcon.colcon_core.package_identification:_identify(.) by extension 'colcon_meta'
[0.149s] Level 1:colcon.colcon_core.package_identification:_identify(.) by extensions ['ros']
[0.149s] Level 1:colcon.colcon_core.package_identification:_identify(.) by extension 'ros'
[0.156s] Level 1:colcon.colcon_core.package_identification:_identify(.) by extensions ['cmake', 'python']
[0.156s] Level 1:colcon.colcon_core.package_identification:_identify(.) by extension 'cmake'
[0.156s] Level 1:colcon.colcon_core.package_identification:_identify(.) by extension 'python'
[0.156s] Level 1:colcon.colcon_core.package_identification:_identify(.) by extensions ['python_setup_py']
[0.156s] Level 1:colcon.colcon_core.package_identification:_identify(.) by extension 'python_setup_py'
[0.156s] Level 1:colcon.colcon_core.package_identification:_identify(build) by extensions ['ignore', 'ignore_ament_install']
[0.156s] Level 1:colcon.colcon_core.package_identification:_identify(build) by extension 'ignore'
[0.156s] Level 1:colcon.colcon_core.package_identification:_identify(build) ignored
[0.156s] Level 1:colcon.colcon_core.package_identification:_identify(clientapp) by extensions ['ignore', 'ignore_ament_install']
[0.156s] Level 1:colcon.colcon_core.package_identification:_identify(clientapp) by extension 'ignore'
[0.156s] Level 1:colcon.colcon_core.package_identification:_identify(clientapp) by extension 'ignore_ament_install'
[0.156s] Level 1:colcon.colcon_core.package_identification:_identify(clientapp) by extensions ['colcon_pkg']
[0.156s] Level 1:colcon.colcon_core.package_identification:_identify(clientapp) by extension 'colcon_pkg'
[0.156s] Level 1:colcon.colcon_core.package_identification:_identify(clientapp) by extensions ['colcon_meta']
[0.156s] Level 1:colcon.colcon_core.package_identification:_identify(clientapp) by extension 'colcon_meta'
[0.156s] Level 1:colcon.colcon_core.package_identification:_identify(clientapp) by extensions ['ros']
[0.156s] Level 1:colcon.colcon_core.package_identification:_identify(clientapp) by extension 'ros'
[0.156s] Level 1:colcon.colcon_core.package_identification:_identify(clientapp) by extensions ['cmake', 'python']
[0.156s] Level 1:colcon.colcon_core.package_identification:_identify(clientapp) by extension 'cmake'
[0.156s] Level 1:colcon.colcon_core.package_identification:_identify(clientapp) by extension 'python'
[0.156s] Level 1:colcon.colcon_core.package_identification:_identify(clientapp) by extensions ['python_setup_py']
[0.157s] Level 1:colcon.colcon_core.package_identification:_identify(clientapp) by extension 'python_setup_py'
[0.157s] Level 1:colcon.colcon_core.package_identification:_identify(clientapp/instance) by extensions ['ignore', 'ignore_ament_install']
[0.157s] Level 1:colcon.colcon_core.package_identification:_identify(clientapp/instance) by extension 'ignore'
[0.157s] Level 1:colcon.colcon_core.package_identification:_identify(clientapp/instance) by extension 'ignore_ament_install'
[0.157s] Level 1:colcon.colcon_core.package_identification:_identify(clientapp/instance) by extensions ['colcon_pkg']
[0.157s] Level 1:colcon.colcon_core.package_identification:_identify(clientapp/instance) by extension 'colcon_pkg'
[0.157s] Level 1:colcon.colcon_core.package_identification:_identify(clientapp/instance) by extensions ['colcon_meta']
[0.157s] Level 1:colcon.colcon_core.package_identification:_identify(clientapp/instance) by extension 'colcon_meta'
[0.157s] Level 1:colcon.colcon_core.package_identification:_identify(clientapp/instance) by extensions ['ros']
[0.157s] Level 1:colcon.colcon_core.package_identification:_identify(clientapp/instance) by extension 'ros'
[0.157s] Level 1:colcon.colcon_core.package_identification:_identify(clientapp/instance) by extensions ['cmake', 'python']
[0.157s] Level 1:colcon.colcon_core.package_identification:_identify(clientapp/instance) by extension 'cmake'
[0.157s] Level 1:colcon.colcon_core.package_identification:_identify(clientapp/instance) by extension 'python'
[0.157s] Level 1:colcon.colcon_core.package_identification:_identify(clientapp/instance) by extensions ['python_setup_py']
[0.157s] Level 1:colcon.colcon_core.package_identification:_identify(clientapp/instance) by extension 'python_setup_py'
[0.157s] Level 1:colcon.colcon_core.package_identification:_identify(clientapp/instance/capture) by extensions ['ignore', 'ignore_ament_install']
[0.157s] Level 1:colcon.colcon_core.package_identification:_identify(clientapp/instance/capture) by extension 'ignore'
[0.157s] Level 1:colcon.colcon_core.package_identification:_identify(clientapp/instance/capture) by extension 'ignore_ament_install'
[0.157s] Level 1:colcon.colcon_core.package_identification:_identify(clientapp/instance/capture) by extensions ['colcon_pkg']
[0.157s] Level 1:colcon.colcon_core.package_identification:_identify(clientapp/instance/capture) by extension 'colcon_pkg'
[0.157s] Level 1:colcon.colcon_core.package_identification:_identify(clientapp/instance/capture) by extensions ['colcon_meta']
[0.157s] Level 1:colcon.colcon_core.package_identification:_identify(clientapp/instance/capture) by extension 'colcon_meta'
[0.157s] Level 1:colcon.colcon_core.package_identification:_identify(clientapp/instance/capture) by extensions ['ros']
[0.157s] Level 1:colcon.colcon_core.package_identification:_identify(clientapp/instance/capture) by extension 'ros'
[0.157s] Level 1:colcon.colcon_core.package_identification:_identify(clientapp/instance/capture) by extensions ['cmake', 'python']
[0.157s] Level 1:colcon.colcon_core.package_identification:_identify(clientapp/instance/capture) by extension 'cmake'
[0.157s] Level 1:colcon.colcon_core.package_identification:_identify(clientapp/instance/capture) by extension 'python'
[0.157s] Level 1:colcon.colcon_core.package_identification:_identify(clientapp/instance/capture) by extensions ['python_setup_py']
[0.157s] Level 1:colcon.colcon_core.package_identification:_identify(clientapp/instance/capture) by extension 'python_setup_py'
[0.157s] Level 1:colcon.colcon_core.package_identification:_identify(clientapp/instance/ell14) by extensions ['ignore', 'ignore_ament_install']
[0.157s] Level 1:colcon.colcon_core.package_identification:_identify(clientapp/instance/ell14) by extension 'ignore'
[0.157s] Level 1:colcon.colcon_core.package_identification:_identify(clientapp/instance/ell14) by extension 'ignore_ament_install'
[0.157s] Level 1:colcon.colcon_core.package_identification:_identify(clientapp/instance/ell14) by extensions ['colcon_pkg']
[0.157s] Level 1:colcon.colcon_core.package_identification:_identify(clientapp/instance/ell14) by extension 'colcon_pkg'
[0.157s] Level 1:colcon.colcon_core.package_identification:_identify(clientapp/instance/ell14) by extensions ['colcon_meta']
[0.157s] Level 1:colcon.colcon_core.package_identification:_identify(clientapp/instance/ell14) by extension 'colcon_meta'
[0.157s] Level 1:colcon.colcon_core.package_identification:_identify(clientapp/instance/ell14) by extensions ['ros']
[0.157s] Level 1:colcon.colcon_core.package_identification:_identify(clientapp/instance/ell14) by extension 'ros'
[0.157s] Level 1:colcon.colcon_core.package_identification:_identify(clientapp/instance/ell14) by extensions ['cmake', 'python']
[0.157s] Level 1:colcon.colcon_core.package_identification:_identify(clientapp/instance/ell14) by extension 'cmake'
[0.157s] Level 1:colcon.colcon_core.package_identification:_identify(clientapp/instance/ell14) by extension 'python'
[0.157s] Level 1:colcon.colcon_core.package_identification:_identify(clientapp/instance/ell14) by extensions ['python_setup_py']
[0.157s] Level 1:colcon.colcon_core.package_identification:_identify(clientapp/instance/ell14) by extension 'python_setup_py'
[0.157s] Level 1:colcon.colcon_core.package_identification:_identify(clientapp/instance/jai) by extensions ['ignore', 'ignore_ament_install']
[0.157s] Level 1:colcon.colcon_core.package_identification:_identify(clientapp/instance/jai) by extension 'ignore'
[0.157s] Level 1:colcon.colcon_core.package_identification:_identify(clientapp/instance/jai) by extension 'ignore_ament_install'
[0.157s] Level 1:colcon.colcon_core.package_identification:_identify(clientapp/instance/jai) by extensions ['colcon_pkg']
[0.157s] Level 1:colcon.colcon_core.package_identification:_identify(clientapp/instance/jai) by extension 'colcon_pkg'
[0.157s] Level 1:colcon.colcon_core.package_identification:_identify(clientapp/instance/jai) by extensions ['colcon_meta']
[0.157s] Level 1:colcon.colcon_core.package_identification:_identify(clientapp/instance/jai) by extension 'colcon_meta'
[0.157s] Level 1:colcon.colcon_core.package_identification:_identify(clientapp/instance/jai) by extensions ['ros']
[0.157s] Level 1:colcon.colcon_core.package_identification:_identify(clientapp/instance/jai) by extension 'ros'
[0.158s] Level 1:colcon.colcon_core.package_identification:_identify(clientapp/instance/jai) by extensions ['cmake', 'python']
[0.158s] Level 1:colcon.colcon_core.package_identification:_identify(clientapp/instance/jai) by extension 'cmake'
[0.158s] Level 1:colcon.colcon_core.package_identification:_identify(clientapp/instance/jai) by extension 'python'
[0.158s] Level 1:colcon.colcon_core.package_identification:_identify(clientapp/instance/jai) by extensions ['python_setup_py']
[0.158s] Level 1:colcon.colcon_core.package_identification:_identify(clientapp/instance/jai) by extension 'python_setup_py'
[0.158s] Level 1:colcon.colcon_core.package_identification:_identify(clientapp/instance/jai/jai_rosbridge) by extensions ['ignore', 'ignore_ament_install']
[0.158s] Level 1:colcon.colcon_core.package_identification:_identify(clientapp/instance/jai/jai_rosbridge) by extension 'ignore'
[0.158s] Level 1:colcon.colcon_core.package_identification:_identify(clientapp/instance/jai/jai_rosbridge) by extension 'ignore_ament_install'
[0.158s] Level 1:colcon.colcon_core.package_identification:_identify(clientapp/instance/jai/jai_rosbridge) by extensions ['colcon_pkg']
[0.158s] Level 1:colcon.colcon_core.package_identification:_identify(clientapp/instance/jai/jai_rosbridge) by extension 'colcon_pkg'
[0.158s] Level 1:colcon.colcon_core.package_identification:_identify(clientapp/instance/jai/jai_rosbridge) by extensions ['colcon_meta']
[0.158s] Level 1:colcon.colcon_core.package_identification:_identify(clientapp/instance/jai/jai_rosbridge) by extension 'colcon_meta'
[0.158s] Level 1:colcon.colcon_core.package_identification:_identify(clientapp/instance/jai/jai_rosbridge) by extensions ['ros']
[0.158s] Level 1:colcon.colcon_core.package_identification:_identify(clientapp/instance/jai/jai_rosbridge) by extension 'ros'
[0.159s] DEBUG:colcon.colcon_core.package_identification:Package 'clientapp/instance/jai/jai_rosbridge' with type 'ros.catkin' and name 'jai_rosbridge'
[0.159s] Level 1:colcon.colcon_core.package_identification:_identify(clientapp/instance/jai/src) by extensions ['ignore', 'ignore_ament_install']
[0.159s] Level 1:colcon.colcon_core.package_identification:_identify(clientapp/instance/jai/src) by extension 'ignore'
[0.159s] Level 1:colcon.colcon_core.package_identification:_identify(clientapp/instance/jai/src) by extension 'ignore_ament_install'
[0.159s] Level 1:colcon.colcon_core.package_identification:_identify(clientapp/instance/jai/src) by extensions ['colcon_pkg']
[0.159s] Level 1:colcon.colcon_core.package_identification:_identify(clientapp/instance/jai/src) by extension 'colcon_pkg'
[0.159s] Level 1:colcon.colcon_core.package_identification:_identify(clientapp/instance/jai/src) by extensions ['colcon_meta']
[0.159s] Level 1:colcon.colcon_core.package_identification:_identify(clientapp/instance/jai/src) by extension 'colcon_meta'
[0.159s] Level 1:colcon.colcon_core.package_identification:_identify(clientapp/instance/jai/src) by extensions ['ros']
[0.159s] Level 1:colcon.colcon_core.package_identification:_identify(clientapp/instance/jai/src) by extension 'ros'
[0.159s] Level 1:colcon.colcon_core.package_identification:_identify(clientapp/instance/jai/src) by extensions ['cmake', 'python']
[0.159s] Level 1:colcon.colcon_core.package_identification:_identify(clientapp/instance/jai/src) by extension 'cmake'
[0.159s] Level 1:colcon.colcon_core.package_identification:_identify(clientapp/instance/jai/src) by extension 'python'
[0.159s] Level 1:colcon.colcon_core.package_identification:_identify(clientapp/instance/jai/src) by extensions ['python_setup_py']
[0.159s] Level 1:colcon.colcon_core.package_identification:_identify(clientapp/instance/jai/src) by extension 'python_setup_py'
[0.160s] Level 1:colcon.colcon_core.package_identification:_identify(clientapp/instance/jai/src/acquire) by extensions ['ignore', 'ignore_ament_install']
[0.160s] Level 1:colcon.colcon_core.package_identification:_identify(clientapp/instance/jai/src/acquire) by extension 'ignore'
[0.160s] Level 1:colcon.colcon_core.package_identification:_identify(clientapp/instance/jai/src/acquire) by extension 'ignore_ament_install'
[0.160s] Level 1:colcon.colcon_core.package_identification:_identify(clientapp/instance/jai/src/acquire) by extensions ['colcon_pkg']
[0.160s] Level 1:colcon.colcon_core.package_identification:_identify(clientapp/instance/jai/src/acquire) by extension 'colcon_pkg'
[0.160s] Level 1:colcon.colcon_core.package_identification:_identify(clientapp/instance/jai/src/acquire) by extensions ['colcon_meta']
[0.160s] Level 1:colcon.colcon_core.package_identification:_identify(clientapp/instance/jai/src/acquire) by extension 'colcon_meta'
[0.160s] Level 1:colcon.colcon_core.package_identification:_identify(clientapp/instance/jai/src/acquire) by extensions ['ros']
[0.160s] Level 1:colcon.colcon_core.package_identification:_identify(clientapp/instance/jai/src/acquire) by extension 'ros'
[0.160s] Level 1:colcon.colcon_core.package_identification:_identify(clientapp/instance/jai/src/acquire) by extensions ['cmake', 'python']
[0.160s] Level 1:colcon.colcon_core.package_identification:_identify(clientapp/instance/jai/src/acquire) by extension 'cmake'
[0.160s] Level 1:colcon.colcon_core.package_identification:_identify(clientapp/instance/jai/src/acquire) by extension 'python'
[0.160s] Level 1:colcon.colcon_core.package_identification:_identify(clientapp/instance/jai/src/acquire) by extensions ['python_setup_py']
[0.160s] Level 1:colcon.colcon_core.package_identification:_identify(clientapp/instance/jai/src/acquire) by extension 'python_setup_py'
[0.160s] Level 1:colcon.colcon_core.package_identification:_identify(clientapp/instance/jai/src/camera) by extensions ['ignore', 'ignore_ament_install']
[0.160s] Level 1:colcon.colcon_core.package_identification:_identify(clientapp/instance/jai/src/camera) by extension 'ignore'
[0.160s] Level 1:colcon.colcon_core.package_identification:_identify(clientapp/instance/jai/src/camera) by extension 'ignore_ament_install'
[0.160s] Level 1:colcon.colcon_core.package_identification:_identify(clientapp/instance/jai/src/camera) by extensions ['colcon_pkg']
[0.160s] Level 1:colcon.colcon_core.package_identification:_identify(clientapp/instance/jai/src/camera) by extension 'colcon_pkg'
[0.160s] Level 1:colcon.colcon_core.package_identification:_identify(clientapp/instance/jai/src/camera) by extensions ['colcon_meta']
[0.160s] Level 1:colcon.colcon_core.package_identification:_identify(clientapp/instance/jai/src/camera) by extension 'colcon_meta'
[0.160s] Level 1:colcon.colcon_core.package_identification:_identify(clientapp/instance/jai/src/camera) by extensions ['ros']
[0.160s] Level 1:colcon.colcon_core.package_identification:_identify(clientapp/instance/jai/src/camera) by extension 'ros'
[0.160s] Level 1:colcon.colcon_core.package_identification:_identify(clientapp/instance/jai/src/camera) by extensions ['cmake', 'python']
[0.160s] Level 1:colcon.colcon_core.package_identification:_identify(clientapp/instance/jai/src/camera) by extension 'cmake'
[0.160s] Level 1:colcon.colcon_core.package_identification:_identify(clientapp/instance/jai/src/camera) by extension 'python'
[0.160s] Level 1:colcon.colcon_core.package_identification:_identify(clientapp/instance/jai/src/camera) by extensions ['python_setup_py']
[0.160s] Level 1:colcon.colcon_core.package_identification:_identify(clientapp/instance/jai/src/camera) by extension 'python_setup_py'
[0.160s] Level 1:colcon.colcon_core.package_identification:_identify(clientapp/instance/jai/src/device) by extensions ['ignore', 'ignore_ament_install']
[0.160s] Level 1:colcon.colcon_core.package_identification:_identify(clientapp/instance/jai/src/device) by extension 'ignore'
[0.160s] Level 1:colcon.colcon_core.package_identification:_identify(clientapp/instance/jai/src/device) by extension 'ignore_ament_install'
[0.160s] Level 1:colcon.colcon_core.package_identification:_identify(clientapp/instance/jai/src/device) by extensions ['colcon_pkg']
[0.160s] Level 1:colcon.colcon_core.package_identification:_identify(clientapp/instance/jai/src/device) by extension 'colcon_pkg'
[0.160s] Level 1:colcon.colcon_core.package_identification:_identify(clientapp/instance/jai/src/device) by extensions ['colcon_meta']
[0.160s] Level 1:colcon.colcon_core.package_identification:_identify(clientapp/instance/jai/src/device) by extension 'colcon_meta'
[0.160s] Level 1:colcon.colcon_core.package_identification:_identify(clientapp/instance/jai/src/device) by extensions ['ros']
[0.160s] Level 1:colcon.colcon_core.package_identification:_identify(clientapp/instance/jai/src/device) by extension 'ros'
[0.160s] Level 1:colcon.colcon_core.package_identification:_identify(clientapp/instance/jai/src/device) by extensions ['cmake', 'python']
[0.160s] Level 1:colcon.colcon_core.package_identification:_identify(clientapp/instance/jai/src/device) by extension 'cmake'
[0.160s] Level 1:colcon.colcon_core.package_identification:_identify(clientapp/instance/jai/src/device) by extension 'python'
[0.160s] Level 1:colcon.colcon_core.package_identification:_identify(clientapp/instance/jai/src/device) by extensions ['python_setup_py']
[0.160s] Level 1:colcon.colcon_core.package_identification:_identify(clientapp/instance/jai/src/device) by extension 'python_setup_py'
[0.160s] Level 1:colcon.colcon_core.package_identification:_identify(clientapp/instance/jai/src/logger) by extensions ['ignore', 'ignore_ament_install']
[0.160s] Level 1:colcon.colcon_core.package_identification:_identify(clientapp/instance/jai/src/logger) by extension 'ignore'
[0.160s] Level 1:colcon.colcon_core.package_identification:_identify(clientapp/instance/jai/src/logger) by extension 'ignore_ament_install'
[0.160s] Level 1:colcon.colcon_core.package_identification:_identify(clientapp/instance/jai/src/logger) by extensions ['colcon_pkg']
[0.160s] Level 1:colcon.colcon_core.package_identification:_identify(clientapp/instance/jai/src/logger) by extension 'colcon_pkg'
[0.160s] Level 1:colcon.colcon_core.package_identification:_identify(clientapp/instance/jai/src/logger) by extensions ['colcon_meta']
[0.160s] Level 1:colcon.colcon_core.package_identification:_identify(clientapp/instance/jai/src/logger) by extension 'colcon_meta'
[0.161s] Level 1:colcon.colcon_core.package_identification:_identify(clientapp/instance/jai/src/logger) by extensions ['ros']
[0.161s] Level 1:colcon.colcon_core.package_identification:_identify(clientapp/instance/jai/src/logger) by extension 'ros'
[0.161s] Level 1:colcon.colcon_core.package_identification:_identify(clientapp/instance/jai/src/logger) by extensions ['cmake', 'python']
[0.161s] Level 1:colcon.colcon_core.package_identification:_identify(clientapp/instance/jai/src/logger) by extension 'cmake'
[0.161s] Level 1:colcon.colcon_core.package_identification:_identify(clientapp/instance/jai/src/logger) by extension 'python'
[0.161s] Level 1:colcon.colcon_core.package_identification:_identify(clientapp/instance/jai/src/logger) by extensions ['python_setup_py']
[0.161s] Level 1:colcon.colcon_core.package_identification:_identify(clientapp/instance/jai/src/logger) by extension 'python_setup_py'
[0.161s] Level 1:colcon.colcon_core.package_identification:_identify(clientapp/instance/jai/src/stream) by extensions ['ignore', 'ignore_ament_install']
[0.161s] Level 1:colcon.colcon_core.package_identification:_identify(clientapp/instance/jai/src/stream) by extension 'ignore'
[0.161s] Level 1:colcon.colcon_core.package_identification:_identify(clientapp/instance/jai/src/stream) by extension 'ignore_ament_install'
[0.161s] Level 1:colcon.colcon_core.package_identification:_identify(clientapp/instance/jai/src/stream) by extensions ['colcon_pkg']
[0.161s] Level 1:colcon.colcon_core.package_identification:_identify(clientapp/instance/jai/src/stream) by extension 'colcon_pkg'
[0.161s] Level 1:colcon.colcon_core.package_identification:_identify(clientapp/instance/jai/src/stream) by extensions ['colcon_meta']
[0.161s] Level 1:colcon.colcon_core.package_identification:_identify(clientapp/instance/jai/src/stream) by extension 'colcon_meta'
[0.161s] Level 1:colcon.colcon_core.package_identification:_identify(clientapp/instance/jai/src/stream) by extensions ['ros']
[0.161s] Level 1:colcon.colcon_core.package_identification:_identify(clientapp/instance/jai/src/stream) by extension 'ros'
[0.161s] Level 1:colcon.colcon_core.package_identification:_identify(clientapp/instance/jai/src/stream) by extensions ['cmake', 'python']
[0.161s] Level 1:colcon.colcon_core.package_identification:_identify(clientapp/instance/jai/src/stream) by extension 'cmake'
[0.161s] Level 1:colcon.colcon_core.package_identification:_identify(clientapp/instance/jai/src/stream) by extension 'python'
[0.161s] Level 1:colcon.colcon_core.package_identification:_identify(clientapp/instance/jai/src/stream) by extensions ['python_setup_py']
[0.161s] Level 1:colcon.colcon_core.package_identification:_identify(clientapp/instance/jai/src/stream) by extension 'python_setup_py'
[0.161s] Level 1:colcon.colcon_core.package_identification:_identify(clientapp/instance/jai_bridge) by extensions ['ignore', 'ignore_ament_install']
[0.161s] Level 1:colcon.colcon_core.package_identification:_identify(clientapp/instance/jai_bridge) by extension 'ignore'
[0.161s] Level 1:colcon.colcon_core.package_identification:_identify(clientapp/instance/jai_bridge) by extension 'ignore_ament_install'
[0.161s] Level 1:colcon.colcon_core.package_identification:_identify(clientapp/instance/jai_bridge) by extensions ['colcon_pkg']
[0.161s] Level 1:colcon.colcon_core.package_identification:_identify(clientapp/instance/jai_bridge) by extension 'colcon_pkg'
[0.161s] Level 1:colcon.colcon_core.package_identification:_identify(clientapp/instance/jai_bridge) by extensions ['colcon_meta']
[0.161s] Level 1:colcon.colcon_core.package_identification:_identify(clientapp/instance/jai_bridge) by extension 'colcon_meta'
[0.161s] Level 1:colcon.colcon_core.package_identification:_identify(clientapp/instance/jai_bridge) by extensions ['ros']
[0.161s] Level 1:colcon.colcon_core.package_identification:_identify(clientapp/instance/jai_bridge) by extension 'ros'
[0.161s] Level 1:colcon.colcon_core.package_identification:_identify(clientapp/instance/jai_bridge) by extensions ['cmake', 'python']
[0.161s] Level 1:colcon.colcon_core.package_identification:_identify(clientapp/instance/jai_bridge) by extension 'cmake'
[0.161s] Level 1:colcon.colcon_core.package_identification:_identify(clientapp/instance/jai_bridge) by extension 'python'
[0.161s] Level 1:colcon.colcon_core.package_identification:_identify(clientapp/instance/jai_bridge) by extensions ['python_setup_py']
[0.161s] Level 1:colcon.colcon_core.package_identification:_identify(clientapp/instance/jai_bridge) by extension 'python_setup_py'
[0.161s] Level 1:colcon.colcon_core.package_identification:_identify(clientapp/instance/jai_bridge/modules) by extensions ['ignore', 'ignore_ament_install']
[0.161s] Level 1:colcon.colcon_core.package_identification:_identify(clientapp/instance/jai_bridge/modules) by extension 'ignore'
[0.161s] Level 1:colcon.colcon_core.package_identification:_identify(clientapp/instance/jai_bridge/modules) by extension 'ignore_ament_install'
[0.161s] Level 1:colcon.colcon_core.package_identification:_identify(clientapp/instance/jai_bridge/modules) by extensions ['colcon_pkg']
[0.161s] Level 1:colcon.colcon_core.package_identification:_identify(clientapp/instance/jai_bridge/modules) by extension 'colcon_pkg'
[0.161s] Level 1:colcon.colcon_core.package_identification:_identify(clientapp/instance/jai_bridge/modules) by extensions ['colcon_meta']
[0.161s] Level 1:colcon.colcon_core.package_identification:_identify(clientapp/instance/jai_bridge/modules) by extension 'colcon_meta'
[0.161s] Level 1:colcon.colcon_core.package_identification:_identify(clientapp/instance/jai_bridge/modules) by extensions ['ros']
[0.161s] Level 1:colcon.colcon_core.package_identification:_identify(clientapp/instance/jai_bridge/modules) by extension 'ros'
[0.161s] Level 1:colcon.colcon_core.package_identification:_identify(clientapp/instance/jai_bridge/modules) by extensions ['cmake', 'python']
[0.161s] Level 1:colcon.colcon_core.package_identification:_identify(clientapp/instance/jai_bridge/modules) by extension 'cmake'
[0.161s] Level 1:colcon.colcon_core.package_identification:_identify(clientapp/instance/jai_bridge/modules) by extension 'python'
[0.161s] Level 1:colcon.colcon_core.package_identification:_identify(clientapp/instance/jai_bridge/modules) by extensions ['python_setup_py']
[0.161s] Level 1:colcon.colcon_core.package_identification:_identify(clientapp/instance/jai_bridge/modules) by extension 'python_setup_py'
[0.161s] Level 1:colcon.colcon_core.package_identification:_identify(clientapp/instance/laptop) by extensions ['ignore', 'ignore_ament_install']
[0.162s] Level 1:colcon.colcon_core.package_identification:_identify(clientapp/instance/laptop) by extension 'ignore'
[0.162s] Level 1:colcon.colcon_core.package_identification:_identify(clientapp/instance/laptop) by extension 'ignore_ament_install'
[0.162s] Level 1:colcon.colcon_core.package_identification:_identify(clientapp/instance/laptop) by extensions ['colcon_pkg']
[0.162s] Level 1:colcon.colcon_core.package_identification:_identify(clientapp/instance/laptop) by extension 'colcon_pkg'
[0.162s] Level 1:colcon.colcon_core.package_identification:_identify(clientapp/instance/laptop) by extensions ['colcon_meta']
[0.162s] Level 1:colcon.colcon_core.package_identification:_identify(clientapp/instance/laptop) by extension 'colcon_meta'
[0.162s] Level 1:colcon.colcon_core.package_identification:_identify(clientapp/instance/laptop) by extensions ['ros']
[0.162s] Level 1:colcon.colcon_core.package_identification:_identify(clientapp/instance/laptop) by extension 'ros'
[0.162s] Level 1:colcon.colcon_core.package_identification:_identify(clientapp/instance/laptop) by extensions ['cmake', 'python']
[0.162s] Level 1:colcon.colcon_core.package_identification:_identify(clientapp/instance/laptop) by extension 'cmake'
[0.162s] Level 1:colcon.colcon_core.package_identification:_identify(clientapp/instance/laptop) by extension 'python'
[0.162s] Level 1:colcon.colcon_core.package_identification:_identify(clientapp/instance/laptop) by extensions ['python_setup_py']
[0.162s] Level 1:colcon.colcon_core.package_identification:_identify(clientapp/instance/laptop) by extension 'python_setup_py'
[0.162s] Level 1:colcon.colcon_core.package_identification:_identify(clientapp/instance/logger) by extensions ['ignore', 'ignore_ament_install']
[0.162s] Level 1:colcon.colcon_core.package_identification:_identify(clientapp/instance/logger) by extension 'ignore'
[0.162s] Level 1:colcon.colcon_core.package_identification:_identify(clientapp/instance/logger) by extension 'ignore_ament_install'
[0.162s] Level 1:colcon.colcon_core.package_identification:_identify(clientapp/instance/logger) by extensions ['colcon_pkg']
[0.162s] Level 1:colcon.colcon_core.package_identification:_identify(clientapp/instance/logger) by extension 'colcon_pkg'
[0.162s] Level 1:colcon.colcon_core.package_identification:_identify(clientapp/instance/logger) by extensions ['colcon_meta']
[0.162s] Level 1:colcon.colcon_core.package_identification:_identify(clientapp/instance/logger) by extension 'colcon_meta'
[0.162s] Level 1:colcon.colcon_core.package_identification:_identify(clientapp/instance/logger) by extensions ['ros']
[0.162s] Level 1:colcon.colcon_core.package_identification:_identify(clientapp/instance/logger) by extension 'ros'
[0.162s] Level 1:colcon.colcon_core.package_identification:_identify(clientapp/instance/logger) by extensions ['cmake', 'python']
[0.162s] Level 1:colcon.colcon_core.package_identification:_identify(clientapp/instance/logger) by extension 'cmake'
[0.162s] Level 1:colcon.colcon_core.package_identification:_identify(clientapp/instance/logger) by extension 'python'
[0.162s] Level 1:colcon.colcon_core.package_identification:_identify(clientapp/instance/logger) by extensions ['python_setup_py']
[0.162s] Level 1:colcon.colcon_core.package_identification:_identify(clientapp/instance/logger) by extension 'python_setup_py'
[0.162s] Level 1:colcon.colcon_core.package_identification:_identify(clientapp/instance/lucid) by extensions ['ignore', 'ignore_ament_install']
[0.162s] Level 1:colcon.colcon_core.package_identification:_identify(clientapp/instance/lucid) by extension 'ignore'
[0.162s] Level 1:colcon.colcon_core.package_identification:_identify(clientapp/instance/lucid) by extension 'ignore_ament_install'
[0.162s] Level 1:colcon.colcon_core.package_identification:_identify(clientapp/instance/lucid) by extensions ['colcon_pkg']
[0.162s] Level 1:colcon.colcon_core.package_identification:_identify(clientapp/instance/lucid) by extension 'colcon_pkg'
[0.162s] Level 1:colcon.colcon_core.package_identification:_identify(clientapp/instance/lucid) by extensions ['colcon_meta']
[0.162s] Level 1:colcon.colcon_core.package_identification:_identify(clientapp/instance/lucid) by extension 'colcon_meta'
[0.162s] Level 1:colcon.colcon_core.package_identification:_identify(clientapp/instance/lucid) by extensions ['ros']
[0.162s] Level 1:colcon.colcon_core.package_identification:_identify(clientapp/instance/lucid) by extension 'ros'
[0.162s] Level 1:colcon.colcon_core.package_identification:_identify(clientapp/instance/lucid) by extensions ['cmake', 'python']
[0.162s] Level 1:colcon.colcon_core.package_identification:_identify(clientapp/instance/lucid) by extension 'cmake'
[0.162s] Level 1:colcon.colcon_core.package_identification:_identify(clientapp/instance/lucid) by extension 'python'
[0.162s] Level 1:colcon.colcon_core.package_identification:_identify(clientapp/instance/lucid) by extensions ['python_setup_py']
[0.162s] Level 1:colcon.colcon_core.package_identification:_identify(clientapp/instance/lucid) by extension 'python_setup_py'
[0.162s] Level 1:colcon.colcon_core.package_identification:_identify(clientapp/instance/lucid/sensors) by extensions ['ignore', 'ignore_ament_install']
[0.162s] Level 1:colcon.colcon_core.package_identification:_identify(clientapp/instance/lucid/sensors) by extension 'ignore'
[0.162s] Level 1:colcon.colcon_core.package_identification:_identify(clientapp/instance/lucid/sensors) by extension 'ignore_ament_install'
[0.162s] Level 1:colcon.colcon_core.package_identification:_identify(clientapp/instance/lucid/sensors) by extensions ['colcon_pkg']
[0.162s] Level 1:colcon.colcon_core.package_identification:_identify(clientapp/instance/lucid/sensors) by extension 'colcon_pkg'
[0.162s] Level 1:colcon.colcon_core.package_identification:_identify(clientapp/instance/lucid/sensors) by extensions ['colcon_meta']
[0.162s] Level 1:colcon.colcon_core.package_identification:_identify(clientapp/instance/lucid/sensors) by extension 'colcon_meta'
[0.162s] Level 1:colcon.colcon_core.package_identification:_identify(clientapp/instance/lucid/sensors) by extensions ['ros']
[0.162s] Level 1:colcon.colcon_core.package_identification:_identify(clientapp/instance/lucid/sensors) by extension 'ros'
[0.162s] Level 1:colcon.colcon_core.package_identification:_identify(clientapp/instance/lucid/sensors) by extensions ['cmake', 'python']
[0.162s] Level 1:colcon.colcon_core.package_identification:_identify(clientapp/instance/lucid/sensors) by extension 'cmake'
[0.162s] Level 1:colcon.colcon_core.package_identification:_identify(clientapp/instance/lucid/sensors) by extension 'python'
[0.162s] Level 1:colcon.colcon_core.package_identification:_identify(clientapp/instance/lucid/sensors) by extensions ['python_setup_py']
[0.163s] Level 1:colcon.colcon_core.package_identification:_identify(clientapp/instance/lucid/sensors) by extension 'python_setup_py'
[0.163s] Level 1:colcon.colcon_core.package_identification:_identify(clientapp/instance/lucid/sensors/cameras) by extensions ['ignore', 'ignore_ament_install']
[0.163s] Level 1:colcon.colcon_core.package_identification:_identify(clientapp/instance/lucid/sensors/cameras) by extension 'ignore'
[0.163s] Level 1:colcon.colcon_core.package_identification:_identify(clientapp/instance/lucid/sensors/cameras) by extension 'ignore_ament_install'
[0.163s] Level 1:colcon.colcon_core.package_identification:_identify(clientapp/instance/lucid/sensors/cameras) by extensions ['colcon_pkg']
[0.163s] Level 1:colcon.colcon_core.package_identification:_identify(clientapp/instance/lucid/sensors/cameras) by extension 'colcon_pkg'
[0.163s] Level 1:colcon.colcon_core.package_identification:_identify(clientapp/instance/lucid/sensors/cameras) by extensions ['colcon_meta']
[0.163s] Level 1:colcon.colcon_core.package_identification:_identify(clientapp/instance/lucid/sensors/cameras) by extension 'colcon_meta'
[0.163s] Level 1:colcon.colcon_core.package_identification:_identify(clientapp/instance/lucid/sensors/cameras) by extensions ['ros']
[0.163s] Level 1:colcon.colcon_core.package_identification:_identify(clientapp/instance/lucid/sensors/cameras) by extension 'ros'
[0.163s] Level 1:colcon.colcon_core.package_identification:_identify(clientapp/instance/lucid/sensors/cameras) by extensions ['cmake', 'python']
[0.163s] Level 1:colcon.colcon_core.package_identification:_identify(clientapp/instance/lucid/sensors/cameras) by extension 'cmake'
[0.163s] Level 1:colcon.colcon_core.package_identification:_identify(clientapp/instance/lucid/sensors/cameras) by extension 'python'
[0.163s] Level 1:colcon.colcon_core.package_identification:_identify(clientapp/instance/lucid/sensors/cameras) by extensions ['python_setup_py']
[0.163s] Level 1:colcon.colcon_core.package_identification:_identify(clientapp/instance/lucid/sensors/cameras) by extension 'python_setup_py'
[0.163s] Level 1:colcon.colcon_core.package_identification:_identify(clientapp/instance/lucid/sensors/lidar) by extensions ['ignore', 'ignore_ament_install']
[0.163s] Level 1:colcon.colcon_core.package_identification:_identify(clientapp/instance/lucid/sensors/lidar) by extension 'ignore'
[0.163s] Level 1:colcon.colcon_core.package_identification:_identify(clientapp/instance/lucid/sensors/lidar) by extension 'ignore_ament_install'
[0.163s] Level 1:colcon.colcon_core.package_identification:_identify(clientapp/instance/lucid/sensors/lidar) by extensions ['colcon_pkg']
[0.163s] Level 1:colcon.colcon_core.package_identification:_identify(clientapp/instance/lucid/sensors/lidar) by extension 'colcon_pkg'
[0.163s] Level 1:colcon.colcon_core.package_identification:_identify(clientapp/instance/lucid/sensors/lidar) by extensions ['colcon_meta']
[0.163s] Level 1:colcon.colcon_core.package_identification:_identify(clientapp/instance/lucid/sensors/lidar) by extension 'colcon_meta'
[0.163s] Level 1:colcon.colcon_core.package_identification:_identify(clientapp/instance/lucid/sensors/lidar) by extensions ['ros']
[0.163s] Level 1:colcon.colcon_core.package_identification:_identify(clientapp/instance/lucid/sensors/lidar) by extension 'ros'
[0.163s] Level 1:colcon.colcon_core.package_identification:_identify(clientapp/instance/lucid/sensors/lidar) by extensions ['cmake', 'python']
[0.163s] Level 1:colcon.colcon_core.package_identification:_identify(clientapp/instance/lucid/sensors/lidar) by extension 'cmake'
[0.163s] Level 1:colcon.colcon_core.package_identification:_identify(clientapp/instance/lucid/sensors/lidar) by extension 'python'
[0.163s] Level 1:colcon.colcon_core.package_identification:_identify(clientapp/instance/lucid/sensors/lidar) by extensions ['python_setup_py']
[0.163s] Level 1:colcon.colcon_core.package_identification:_identify(clientapp/instance/lucid/sensors/lidar) by extension 'python_setup_py'
[0.163s] Level 1:colcon.colcon_core.package_identification:_identify(clientapp/instance/ouster_lidar) by extensions ['ignore', 'ignore_ament_install']
[0.163s] Level 1:colcon.colcon_core.package_identification:_identify(clientapp/instance/ouster_lidar) by extension 'ignore'
[0.163s] Level 1:colcon.colcon_core.package_identification:_identify(clientapp/instance/ouster_lidar) by extension 'ignore_ament_install'
[0.163s] Level 1:colcon.colcon_core.package_identification:_identify(clientapp/instance/ouster_lidar) by extensions ['colcon_pkg']
[0.163s] Level 1:colcon.colcon_core.package_identification:_identify(clientapp/instance/ouster_lidar) by extension 'colcon_pkg'
[0.163s] Level 1:colcon.colcon_core.package_identification:_identify(clientapp/instance/ouster_lidar) by extensions ['colcon_meta']
[0.163s] Level 1:colcon.colcon_core.package_identification:_identify(clientapp/instance/ouster_lidar) by extension 'colcon_meta'
[0.163s] Level 1:colcon.colcon_core.package_identification:_identify(clientapp/instance/ouster_lidar) by extensions ['ros']
[0.163s] Level 1:colcon.colcon_core.package_identification:_identify(clientapp/instance/ouster_lidar) by extension 'ros'
[0.163s] Level 1:colcon.colcon_core.package_identification:_identify(clientapp/instance/ouster_lidar) by extensions ['cmake', 'python']
[0.163s] Level 1:colcon.colcon_core.package_identification:_identify(clientapp/instance/ouster_lidar) by extension 'cmake'
[0.163s] Level 1:colcon.colcon_core.package_identification:_identify(clientapp/instance/ouster_lidar) by extension 'python'
[0.163s] Level 1:colcon.colcon_core.package_identification:_identify(clientapp/instance/ouster_lidar) by extensions ['python_setup_py']
[0.163s] Level 1:colcon.colcon_core.package_identification:_identify(clientapp/instance/ouster_lidar) by extension 'python_setup_py'
[0.163s] Level 1:colcon.colcon_core.package_identification:_identify(clientapp/instance/ranger) by extensions ['ignore', 'ignore_ament_install']
[0.163s] Level 1:colcon.colcon_core.package_identification:_identify(clientapp/instance/ranger) by extension 'ignore'
[0.163s] Level 1:colcon.colcon_core.package_identification:_identify(clientapp/instance/ranger) by extension 'ignore_ament_install'
[0.163s] Level 1:colcon.colcon_core.package_identification:_identify(clientapp/instance/ranger) by extensions ['colcon_pkg']
[0.163s] Level 1:colcon.colcon_core.package_identification:_identify(clientapp/instance/ranger) by extension 'colcon_pkg'
[0.163s] Level 1:colcon.colcon_core.package_identification:_identify(clientapp/instance/ranger) by extensions ['colcon_meta']
[0.163s] Level 1:colcon.colcon_core.package_identification:_identify(clientapp/instance/ranger) by extension 'colcon_meta'
[0.163s] Level 1:colcon.colcon_core.package_identification:_identify(clientapp/instance/ranger) by extensions ['ros']
[0.163s] Level 1:colcon.colcon_core.package_identification:_identify(clientapp/instance/ranger) by extension 'ros'
[0.164s] Level 1:colcon.colcon_core.package_identification:_identify(clientapp/instance/ranger) by extensions ['cmake', 'python']
[0.164s] Level 1:colcon.colcon_core.package_identification:_identify(clientapp/instance/ranger) by extension 'cmake'
[0.164s] Level 1:colcon.colcon_core.package_identification:_identify(clientapp/instance/ranger) by extension 'python'
[0.164s] Level 1:colcon.colcon_core.package_identification:_identify(clientapp/instance/ranger) by extensions ['python_setup_py']
[0.164s] Level 1:colcon.colcon_core.package_identification:_identify(clientapp/instance/ranger) by extension 'python_setup_py'
[0.164s] Level 1:colcon.colcon_core.package_identification:_identify(clientapp/instance/slam) by extensions ['ignore', 'ignore_ament_install']
[0.164s] Level 1:colcon.colcon_core.package_identification:_identify(clientapp/instance/slam) by extension 'ignore'
[0.164s] Level 1:colcon.colcon_core.package_identification:_identify(clientapp/instance/slam) by extension 'ignore_ament_install'
[0.164s] Level 1:colcon.colcon_core.package_identification:_identify(clientapp/instance/slam) by extensions ['colcon_pkg']
[0.164s] Level 1:colcon.colcon_core.package_identification:_identify(clientapp/instance/slam) by extension 'colcon_pkg'
[0.164s] Level 1:colcon.colcon_core.package_identification:_identify(clientapp/instance/slam) by extensions ['colcon_meta']
[0.164s] Level 1:colcon.colcon_core.package_identification:_identify(clientapp/instance/slam) by extension 'colcon_meta'
[0.164s] Level 1:colcon.colcon_core.package_identification:_identify(clientapp/instance/slam) by extensions ['ros']
[0.164s] Level 1:colcon.colcon_core.package_identification:_identify(clientapp/instance/slam) by extension 'ros'
[0.164s] Level 1:colcon.colcon_core.package_identification:_identify(clientapp/instance/slam) by extensions ['cmake', 'python']
[0.164s] Level 1:colcon.colcon_core.package_identification:_identify(clientapp/instance/slam) by extension 'cmake'
[0.164s] Level 1:colcon.colcon_core.package_identification:_identify(clientapp/instance/slam) by extension 'python'
[0.164s] Level 1:colcon.colcon_core.package_identification:_identify(clientapp/instance/slam) by extensions ['python_setup_py']
[0.164s] Level 1:colcon.colcon_core.package_identification:_identify(clientapp/instance/slam) by extension 'python_setup_py'
[0.164s] Level 1:colcon.colcon_core.package_identification:_identify(clientapp/nginx) by extensions ['ignore', 'ignore_ament_install']
[0.164s] Level 1:colcon.colcon_core.package_identification:_identify(clientapp/nginx) by extension 'ignore'
[0.164s] Level 1:colcon.colcon_core.package_identification:_identify(clientapp/nginx) by extension 'ignore_ament_install'
[0.164s] Level 1:colcon.colcon_core.package_identification:_identify(clientapp/nginx) by extensions ['colcon_pkg']
[0.164s] Level 1:colcon.colcon_core.package_identification:_identify(clientapp/nginx) by extension 'colcon_pkg'
[0.164s] Level 1:colcon.colcon_core.package_identification:_identify(clientapp/nginx) by extensions ['colcon_meta']
[0.164s] Level 1:colcon.colcon_core.package_identification:_identify(clientapp/nginx) by extension 'colcon_meta'
[0.164s] Level 1:colcon.colcon_core.package_identification:_identify(clientapp/nginx) by extensions ['ros']
[0.164s] Level 1:colcon.colcon_core.package_identification:_identify(clientapp/nginx) by extension 'ros'
[0.164s] Level 1:colcon.colcon_core.package_identification:_identify(clientapp/nginx) by extensions ['cmake', 'python']
[0.164s] Level 1:colcon.colcon_core.package_identification:_identify(clientapp/nginx) by extension 'cmake'
[0.164s] Level 1:colcon.colcon_core.package_identification:_identify(clientapp/nginx) by extension 'python'
[0.164s] Level 1:colcon.colcon_core.package_identification:_identify(clientapp/nginx) by extensions ['python_setup_py']
[0.164s] Level 1:colcon.colcon_core.package_identification:_identify(clientapp/nginx) by extension 'python_setup_py'
[0.164s] Level 1:colcon.colcon_core.package_identification:_identify(clientapp/nodes) by extensions ['ignore', 'ignore_ament_install']
[0.164s] Level 1:colcon.colcon_core.package_identification:_identify(clientapp/nodes) by extension 'ignore'
[0.164s] Level 1:colcon.colcon_core.package_identification:_identify(clientapp/nodes) by extension 'ignore_ament_install'
[0.164s] Level 1:colcon.colcon_core.package_identification:_identify(clientapp/nodes) by extensions ['colcon_pkg']
[0.164s] Level 1:colcon.colcon_core.package_identification:_identify(clientapp/nodes) by extension 'colcon_pkg'
[0.164s] Level 1:colcon.colcon_core.package_identification:_identify(clientapp/nodes) by extensions ['colcon_meta']
[0.164s] Level 1:colcon.colcon_core.package_identification:_identify(clientapp/nodes) by extension 'colcon_meta'
[0.164s] Level 1:colcon.colcon_core.package_identification:_identify(clientapp/nodes) by extensions ['ros']
[0.164s] Level 1:colcon.colcon_core.package_identification:_identify(clientapp/nodes) by extension 'ros'
[0.164s] Level 1:colcon.colcon_core.package_identification:_identify(clientapp/nodes) by extensions ['cmake', 'python']
[0.164s] Level 1:colcon.colcon_core.package_identification:_identify(clientapp/nodes) by extension 'cmake'
[0.164s] Level 1:colcon.colcon_core.package_identification:_identify(clientapp/nodes) by extension 'python'
[0.164s] Level 1:colcon.colcon_core.package_identification:_identify(clientapp/nodes) by extensions ['python_setup_py']
[0.164s] Level 1:colcon.colcon_core.package_identification:_identify(clientapp/nodes) by extension 'python_setup_py'
[0.164s] Level 1:colcon.colcon_core.package_identification:_identify(clientapp/public) by extensions ['ignore', 'ignore_ament_install']
[0.164s] Level 1:colcon.colcon_core.package_identification:_identify(clientapp/public) by extension 'ignore'
[0.164s] Level 1:colcon.colcon_core.package_identification:_identify(clientapp/public) by extension 'ignore_ament_install'
[0.164s] Level 1:colcon.colcon_core.package_identification:_identify(clientapp/public) by extensions ['colcon_pkg']
[0.164s] Level 1:colcon.colcon_core.package_identification:_identify(clientapp/public) by extension 'colcon_pkg'
[0.164s] Level 1:colcon.colcon_core.package_identification:_identify(clientapp/public) by extensions ['colcon_meta']
[0.164s] Level 1:colcon.colcon_core.package_identification:_identify(clientapp/public) by extension 'colcon_meta'
[0.165s] Level 1:colcon.colcon_core.package_identification:_identify(clientapp/public) by extensions ['ros']
[0.165s] Level 1:colcon.colcon_core.package_identification:_identify(clientapp/public) by extension 'ros'
[0.165s] Level 1:colcon.colcon_core.package_identification:_identify(clientapp/public) by extensions ['cmake', 'python']
[0.165s] Level 1:colcon.colcon_core.package_identification:_identify(clientapp/public) by extension 'cmake'
[0.165s] Level 1:colcon.colcon_core.package_identification:_identify(clientapp/public) by extension 'python'
[0.165s] Level 1:colcon.colcon_core.package_identification:_identify(clientapp/public) by extensions ['python_setup_py']
[0.165s] Level 1:colcon.colcon_core.package_identification:_identify(clientapp/public) by extension 'python_setup_py'
[0.165s] Level 1:colcon.colcon_core.package_identification:_identify(clientapp/share) by extensions ['ignore', 'ignore_ament_install']
[0.165s] Level 1:colcon.colcon_core.package_identification:_identify(clientapp/share) by extension 'ignore'
[0.165s] Level 1:colcon.colcon_core.package_identification:_identify(clientapp/share) by extension 'ignore_ament_install'
[0.165s] Level 1:colcon.colcon_core.package_identification:_identify(clientapp/share) by extensions ['colcon_pkg']
[0.165s] Level 1:colcon.colcon_core.package_identification:_identify(clientapp/share) by extension 'colcon_pkg'
[0.165s] Level 1:colcon.colcon_core.package_identification:_identify(clientapp/share) by extensions ['colcon_meta']
[0.165s] Level 1:colcon.colcon_core.package_identification:_identify(clientapp/share) by extension 'colcon_meta'
[0.165s] Level 1:colcon.colcon_core.package_identification:_identify(clientapp/share) by extensions ['ros']
[0.165s] Level 1:colcon.colcon_core.package_identification:_identify(clientapp/share) by extension 'ros'
[0.165s] Level 1:colcon.colcon_core.package_identification:_identify(clientapp/share) by extensions ['cmake', 'python']
[0.165s] Level 1:colcon.colcon_core.package_identification:_identify(clientapp/share) by extension 'cmake'
[0.165s] Level 1:colcon.colcon_core.package_identification:_identify(clientapp/share) by extension 'python'
[0.165s] Level 1:colcon.colcon_core.package_identification:_identify(clientapp/share) by extensions ['python_setup_py']
[0.165s] Level 1:colcon.colcon_core.package_identification:_identify(clientapp/share) by extension 'python_setup_py'
[0.165s] Level 1:colcon.colcon_core.package_identification:_identify(downstream) by extensions ['ignore', 'ignore_ament_install']
[0.165s] Level 1:colcon.colcon_core.package_identification:_identify(downstream) by extension 'ignore'
[0.165s] Level 1:colcon.colcon_core.package_identification:_identify(downstream) by extension 'ignore_ament_install'
[0.165s] Level 1:colcon.colcon_core.package_identification:_identify(downstream) by extensions ['colcon_pkg']
[0.165s] Level 1:colcon.colcon_core.package_identification:_identify(downstream) by extension 'colcon_pkg'
[0.165s] Level 1:colcon.colcon_core.package_identification:_identify(downstream) by extensions ['colcon_meta']
[0.165s] Level 1:colcon.colcon_core.package_identification:_identify(downstream) by extension 'colcon_meta'
[0.165s] Level 1:colcon.colcon_core.package_identification:_identify(downstream) by extensions ['ros']
[0.165s] Level 1:colcon.colcon_core.package_identification:_identify(downstream) by extension 'ros'
[0.165s] Level 1:colcon.colcon_core.package_identification:_identify(downstream) by extensions ['cmake', 'python']
[0.165s] Level 1:colcon.colcon_core.package_identification:_identify(downstream) by extension 'cmake'
[0.165s] Level 1:colcon.colcon_core.package_identification:_identify(downstream) by extension 'python'
[0.165s] Level 1:colcon.colcon_core.package_identification:_identify(downstream) by extensions ['python_setup_py']
[0.165s] Level 1:colcon.colcon_core.package_identification:_identify(downstream) by extension 'python_setup_py'
[0.165s] Level 1:colcon.colcon_core.package_identification:_identify(install) by extensions ['ignore', 'ignore_ament_install']
[0.165s] Level 1:colcon.colcon_core.package_identification:_identify(install) by extension 'ignore'
[0.165s] Level 1:colcon.colcon_core.package_identification:_identify(install) ignored
[0.165s] Level 1:colcon.colcon_core.package_identification:_identify(log) by extensions ['ignore', 'ignore_ament_install']
[0.165s] Level 1:colcon.colcon_core.package_identification:_identify(log) by extension 'ignore'
[0.165s] Level 1:colcon.colcon_core.package_identification:_identify(log) ignored
[0.165s] Level 1:colcon.colcon_core.package_identification:_identify(piper_ws) by extensions ['ignore', 'ignore_ament_install']
[0.165s] Level 1:colcon.colcon_core.package_identification:_identify(piper_ws) by extension 'ignore'
[0.165s] Level 1:colcon.colcon_core.package_identification:_identify(piper_ws) by extension 'ignore_ament_install'
[0.165s] Level 1:colcon.colcon_core.package_identification:_identify(piper_ws) by extensions ['colcon_pkg']
[0.165s] Level 1:colcon.colcon_core.package_identification:_identify(piper_ws) by extension 'colcon_pkg'
[0.165s] Level 1:colcon.colcon_core.package_identification:_identify(piper_ws) by extensions ['colcon_meta']
[0.165s] Level 1:colcon.colcon_core.package_identification:_identify(piper_ws) by extension 'colcon_meta'
[0.165s] Level 1:colcon.colcon_core.package_identification:_identify(piper_ws) by extensions ['ros']
[0.165s] Level 1:colcon.colcon_core.package_identification:_identify(piper_ws) by extension 'ros'
[0.165s] Level 1:colcon.colcon_core.package_identification:_identify(piper_ws) by extensions ['cmake', 'python']
[0.165s] Level 1:colcon.colcon_core.package_identification:_identify(piper_ws) by extension 'cmake'
[0.166s] Level 1:colcon.colcon_core.package_identification:_identify(piper_ws) by extension 'python'
[0.166s] Level 1:colcon.colcon_core.package_identification:_identify(piper_ws) by extensions ['python_setup_py']
[0.166s] Level 1:colcon.colcon_core.package_identification:_identify(piper_ws) by extension 'python_setup_py'
[0.166s] Level 1:colcon.colcon_core.package_identification:_identify(piper_ws/build) by extensions ['ignore', 'ignore_ament_install']
[0.166s] Level 1:colcon.colcon_core.package_identification:_identify(piper_ws/build) by extension 'ignore'
[0.166s] Level 1:colcon.colcon_core.package_identification:_identify(piper_ws/build) ignored
[0.166s] Level 1:colcon.colcon_core.package_identification:_identify(piper_ws/install) by extensions ['ignore', 'ignore_ament_install']
[0.166s] Level 1:colcon.colcon_core.package_identification:_identify(piper_ws/install) by extension 'ignore'
[0.166s] Level 1:colcon.colcon_core.package_identification:_identify(piper_ws/install) ignored
[0.166s] Level 1:colcon.colcon_core.package_identification:_identify(piper_ws/log) by extensions ['ignore', 'ignore_ament_install']
[0.166s] Level 1:colcon.colcon_core.package_identification:_identify(piper_ws/log) by extension 'ignore'
[0.166s] Level 1:colcon.colcon_core.package_identification:_identify(piper_ws/log) ignored
[0.166s] Level 1:colcon.colcon_core.package_identification:_identify(piper_ws/src) by extensions ['ignore', 'ignore_ament_install']
[0.166s] Level 1:colcon.colcon_core.package_identification:_identify(piper_ws/src) by extension 'ignore'
[0.166s] Level 1:colcon.colcon_core.package_identification:_identify(piper_ws/src) by extension 'ignore_ament_install'
[0.166s] Level 1:colcon.colcon_core.package_identification:_identify(piper_ws/src) by extensions ['colcon_pkg']
[0.166s] Level 1:colcon.colcon_core.package_identification:_identify(piper_ws/src) by extension 'colcon_pkg'
[0.166s] Level 1:colcon.colcon_core.package_identification:_identify(piper_ws/src) by extensions ['colcon_meta']
[0.166s] Level 1:colcon.colcon_core.package_identification:_identify(piper_ws/src) by extension 'colcon_meta'
[0.166s] Level 1:colcon.colcon_core.package_identification:_identify(piper_ws/src) by extensions ['ros']
[0.166s] Level 1:colcon.colcon_core.package_identification:_identify(piper_ws/src) by extension 'ros'
[0.166s] Level 1:colcon.colcon_core.package_identification:_identify(piper_ws/src) by extensions ['cmake', 'python']
[0.166s] Level 1:colcon.colcon_core.package_identification:_identify(piper_ws/src) by extension 'cmake'
[0.166s] Level 1:colcon.colcon_core.package_identification:_identify(piper_ws/src) by extension 'python'
[0.166s] Level 1:colcon.colcon_core.package_identification:_identify(piper_ws/src) by extensions ['python_setup_py']
[0.166s] Level 1:colcon.colcon_core.package_identification:_identify(piper_ws/src) by extension 'python_setup_py'
[0.166s] Level 1:colcon.colcon_core.package_identification:_identify(piper_ws/src/Piper_ros) by extensions ['ignore', 'ignore_ament_install']
[0.166s] Level 1:colcon.colcon_core.package_identification:_identify(piper_ws/src/Piper_ros) by extension 'ignore'
[0.166s] Level 1:colcon.colcon_core.package_identification:_identify(piper_ws/src/Piper_ros) by extension 'ignore_ament_install'
[0.166s] Level 1:colcon.colcon_core.package_identification:_identify(piper_ws/src/Piper_ros) by extensions ['colcon_pkg']
[0.166s] Level 1:colcon.colcon_core.package_identification:_identify(piper_ws/src/Piper_ros) by extension 'colcon_pkg'
[0.166s] Level 1:colcon.colcon_core.package_identification:_identify(piper_ws/src/Piper_ros) by extensions ['colcon_meta']
[0.166s] Level 1:colcon.colcon_core.package_identification:_identify(piper_ws/src/Piper_ros) by extension 'colcon_meta'
[0.166s] Level 1:colcon.colcon_core.package_identification:_identify(piper_ws/src/Piper_ros) by extensions ['ros']
[0.166s] Level 1:colcon.colcon_core.package_identification:_identify(piper_ws/src/Piper_ros) by extension 'ros'
[0.166s] Level 1:colcon.colcon_core.package_identification:_identify(piper_ws/src/Piper_ros) by extensions ['cmake', 'python']
[0.166s] Level 1:colcon.colcon_core.package_identification:_identify(piper_ws/src/Piper_ros) by extension 'cmake'
[0.166s] Level 1:colcon.colcon_core.package_identification:_identify(piper_ws/src/Piper_ros) by extension 'python'
[0.166s] Level 1:colcon.colcon_core.package_identification:_identify(piper_ws/src/Piper_ros) by extensions ['python_setup_py']
[0.166s] Level 1:colcon.colcon_core.package_identification:_identify(piper_ws/src/Piper_ros) by extension 'python_setup_py'
[0.166s] Level 1:colcon.colcon_core.package_identification:_identify(piper_ws/src/Piper_ros/asserts) by extensions ['ignore', 'ignore_ament_install']
[0.166s] Level 1:colcon.colcon_core.package_identification:_identify(piper_ws/src/Piper_ros/asserts) by extension 'ignore'
[0.166s] Level 1:colcon.colcon_core.package_identification:_identify(piper_ws/src/Piper_ros/asserts) by extension 'ignore_ament_install'
[0.166s] Level 1:colcon.colcon_core.package_identification:_identify(piper_ws/src/Piper_ros/asserts) by extensions ['colcon_pkg']
[0.166s] Level 1:colcon.colcon_core.package_identification:_identify(piper_ws/src/Piper_ros/asserts) by extension 'colcon_pkg'
[0.166s] Level 1:colcon.colcon_core.package_identification:_identify(piper_ws/src/Piper_ros/asserts) by extensions ['colcon_meta']
[0.166s] Level 1:colcon.colcon_core.package_identification:_identify(piper_ws/src/Piper_ros/asserts) by extension 'colcon_meta'
[0.166s] Level 1:colcon.colcon_core.package_identification:_identify(piper_ws/src/Piper_ros/asserts) by extensions ['ros']
[0.166s] Level 1:colcon.colcon_core.package_identification:_identify(piper_ws/src/Piper_ros/asserts) by extension 'ros'
[0.167s] Level 1:colcon.colcon_core.package_identification:_identify(piper_ws/src/Piper_ros/asserts) by extensions ['cmake', 'python']
[0.167s] Level 1:colcon.colcon_core.package_identification:_identify(piper_ws/src/Piper_ros/asserts) by extension 'cmake'
[0.167s] Level 1:colcon.colcon_core.package_identification:_identify(piper_ws/src/Piper_ros/asserts) by extension 'python'
[0.167s] Level 1:colcon.colcon_core.package_identification:_identify(piper_ws/src/Piper_ros/asserts) by extensions ['python_setup_py']
[0.167s] Level 1:colcon.colcon_core.package_identification:_identify(piper_ws/src/Piper_ros/asserts) by extension 'python_setup_py'
[0.167s] Level 1:colcon.colcon_core.package_identification:_identify(piper_ws/src/Piper_ros/asserts/pictures) by extensions ['ignore', 'ignore_ament_install']
[0.167s] Level 1:colcon.colcon_core.package_identification:_identify(piper_ws/src/Piper_ros/asserts/pictures) by extension 'ignore'
[0.167s] Level 1:colcon.colcon_core.package_identification:_identify(piper_ws/src/Piper_ros/asserts/pictures) by extension 'ignore_ament_install'
[0.167s] Level 1:colcon.colcon_core.package_identification:_identify(piper_ws/src/Piper_ros/asserts/pictures) by extensions ['colcon_pkg']
[0.167s] Level 1:colcon.colcon_core.package_identification:_identify(piper_ws/src/Piper_ros/asserts/pictures) by extension 'colcon_pkg'
[0.167s] Level 1:colcon.colcon_core.package_identification:_identify(piper_ws/src/Piper_ros/asserts/pictures) by extensions ['colcon_meta']
[0.167s] Level 1:colcon.colcon_core.package_identification:_identify(piper_ws/src/Piper_ros/asserts/pictures) by extension 'colcon_meta'
[0.167s] Level 1:colcon.colcon_core.package_identification:_identify(piper_ws/src/Piper_ros/asserts/pictures) by extensions ['ros']
[0.167s] Level 1:colcon.colcon_core.package_identification:_identify(piper_ws/src/Piper_ros/asserts/pictures) by extension 'ros'
[0.167s] Level 1:colcon.colcon_core.package_identification:_identify(piper_ws/src/Piper_ros/asserts/pictures) by extensions ['cmake', 'python']
[0.167s] Level 1:colcon.colcon_core.package_identification:_identify(piper_ws/src/Piper_ros/asserts/pictures) by extension 'cmake'
[0.167s] Level 1:colcon.colcon_core.package_identification:_identify(piper_ws/src/Piper_ros/asserts/pictures) by extension 'python'
[0.167s] Level 1:colcon.colcon_core.package_identification:_identify(piper_ws/src/Piper_ros/asserts/pictures) by extensions ['python_setup_py']
[0.167s] Level 1:colcon.colcon_core.package_identification:_identify(piper_ws/src/Piper_ros/asserts/pictures) by extension 'python_setup_py'
[0.167s] Level 1:colcon.colcon_core.package_identification:_identify(piper_ws/src/Piper_ros/src) by extensions ['ignore', 'ignore_ament_install']
[0.167s] Level 1:colcon.colcon_core.package_identification:_identify(piper_ws/src/Piper_ros/src) by extension 'ignore'
[0.167s] Level 1:colcon.colcon_core.package_identification:_identify(piper_ws/src/Piper_ros/src) by extension 'ignore_ament_install'
[0.167s] Level 1:colcon.colcon_core.package_identification:_identify(piper_ws/src/Piper_ros/src) by extensions ['colcon_pkg']
[0.167s] Level 1:colcon.colcon_core.package_identification:_identify(piper_ws/src/Piper_ros/src) by extension 'colcon_pkg'
[0.167s] Level 1:colcon.colcon_core.package_identification:_identify(piper_ws/src/Piper_ros/src) by extensions ['colcon_meta']
[0.167s] Level 1:colcon.colcon_core.package_identification:_identify(piper_ws/src/Piper_ros/src) by extension 'colcon_meta'
[0.167s] Level 1:colcon.colcon_core.package_identification:_identify(piper_ws/src/Piper_ros/src) by extensions ['ros']
[0.167s] Level 1:colcon.colcon_core.package_identification:_identify(piper_ws/src/Piper_ros/src) by extension 'ros'
[0.167s] Level 1:colcon.colcon_core.package_identification:_identify(piper_ws/src/Piper_ros/src) by extensions ['cmake', 'python']
[0.167s] Level 1:colcon.colcon_core.package_identification:_identify(piper_ws/src/Piper_ros/src) by extension 'cmake'
[0.167s] Level 1:colcon.colcon_core.package_identification:_identify(piper_ws/src/Piper_ros/src) by extension 'python'
[0.167s] Level 1:colcon.colcon_core.package_identification:_identify(piper_ws/src/Piper_ros/src) by extensions ['python_setup_py']
[0.167s] Level 1:colcon.colcon_core.package_identification:_identify(piper_ws/src/Piper_ros/src) by extension 'python_setup_py'
[0.167s] Level 1:colcon.colcon_core.package_identification:_identify(piper_ws/src/Piper_ros/src/flask_ui) by extensions ['ignore', 'ignore_ament_install']
[0.167s] Level 1:colcon.colcon_core.package_identification:_identify(piper_ws/src/Piper_ros/src/flask_ui) by extension 'ignore'
[0.167s] Level 1:colcon.colcon_core.package_identification:_identify(piper_ws/src/Piper_ros/src/flask_ui) by extension 'ignore_ament_install'
[0.167s] Level 1:colcon.colcon_core.package_identification:_identify(piper_ws/src/Piper_ros/src/flask_ui) by extensions ['colcon_pkg']
[0.167s] Level 1:colcon.colcon_core.package_identification:_identify(piper_ws/src/Piper_ros/src/flask_ui) by extension 'colcon_pkg'
[0.167s] Level 1:colcon.colcon_core.package_identification:_identify(piper_ws/src/Piper_ros/src/flask_ui) by extensions ['colcon_meta']
[0.167s] Level 1:colcon.colcon_core.package_identification:_identify(piper_ws/src/Piper_ros/src/flask_ui) by extension 'colcon_meta'
[0.167s] Level 1:colcon.colcon_core.package_identification:_identify(piper_ws/src/Piper_ros/src/flask_ui) by extensions ['ros']
[0.167s] Level 1:colcon.colcon_core.package_identification:_identify(piper_ws/src/Piper_ros/src/flask_ui) by extension 'ros'
[0.168s] DEBUG:colcon.colcon_core.package_identification:Package 'piper_ws/src/Piper_ros/src/flask_ui' with type 'ros.ament_cmake' and name 'flask_ui'
[0.168s] Level 1:colcon.colcon_core.package_identification:_identify(piper_ws/src/Piper_ros/src/piper) by extensions ['ignore', 'ignore_ament_install']
[0.168s] Level 1:colcon.colcon_core.package_identification:_identify(piper_ws/src/Piper_ros/src/piper) by extension 'ignore'
[0.168s] Level 1:colcon.colcon_core.package_identification:_identify(piper_ws/src/Piper_ros/src/piper) by extension 'ignore_ament_install'
[0.168s] Level 1:colcon.colcon_core.package_identification:_identify(piper_ws/src/Piper_ros/src/piper) by extensions ['colcon_pkg']
[0.168s] Level 1:colcon.colcon_core.package_identification:_identify(piper_ws/src/Piper_ros/src/piper) by extension 'colcon_pkg'
[0.168s] Level 1:colcon.colcon_core.package_identification:_identify(piper_ws/src/Piper_ros/src/piper) by extensions ['colcon_meta']
[0.168s] Level 1:colcon.colcon_core.package_identification:_identify(piper_ws/src/Piper_ros/src/piper) by extension 'colcon_meta'
[0.168s] Level 1:colcon.colcon_core.package_identification:_identify(piper_ws/src/Piper_ros/src/piper) by extensions ['ros']
[0.168s] Level 1:colcon.colcon_core.package_identification:_identify(piper_ws/src/Piper_ros/src/piper) by extension 'ros'
[0.168s] DEBUG:colcon.colcon_core.package_identification:Package 'piper_ws/src/Piper_ros/src/piper' with type 'ros.ament_python' and name 'piper'
[0.168s] Level 1:colcon.colcon_core.package_identification:_identify(piper_ws/src/Piper_ros/src/piper_description) by extensions ['ignore', 'ignore_ament_install']
[0.168s] Level 1:colcon.colcon_core.package_identification:_identify(piper_ws/src/Piper_ros/src/piper_description) by extension 'ignore'
[0.168s] Level 1:colcon.colcon_core.package_identification:_identify(piper_ws/src/Piper_ros/src/piper_description) by extension 'ignore_ament_install'
[0.168s] Level 1:colcon.colcon_core.package_identification:_identify(piper_ws/src/Piper_ros/src/piper_description) by extensions ['colcon_pkg']
[0.168s] Level 1:colcon.colcon_core.package_identification:_identify(piper_ws/src/Piper_ros/src/piper_description) by extension 'colcon_pkg'
[0.168s] Level 1:colcon.colcon_core.package_identification:_identify(piper_ws/src/Piper_ros/src/piper_description) by extensions ['colcon_meta']
[0.168s] Level 1:colcon.colcon_core.package_identification:_identify(piper_ws/src/Piper_ros/src/piper_description) by extension 'colcon_meta'
[0.168s] Level 1:colcon.colcon_core.package_identification:_identify(piper_ws/src/Piper_ros/src/piper_description) by extensions ['ros']
[0.168s] Level 1:colcon.colcon_core.package_identification:_identify(piper_ws/src/Piper_ros/src/piper_description) by extension 'ros'
[0.169s] DEBUG:colcon.colcon_core.package_identification:Package 'piper_ws/src/Piper_ros/src/piper_description' with type 'ros.ament_cmake' and name 'piper_description'
[0.169s] Level 1:colcon.colcon_core.package_identification:_identify(piper_ws/src/Piper_ros/src/piper_humble) by extensions ['ignore', 'ignore_ament_install']
[0.169s] Level 1:colcon.colcon_core.package_identification:_identify(piper_ws/src/Piper_ros/src/piper_humble) by extension 'ignore'
[0.169s] Level 1:colcon.colcon_core.package_identification:_identify(piper_ws/src/Piper_ros/src/piper_humble) by extension 'ignore_ament_install'
[0.169s] Level 1:colcon.colcon_core.package_identification:_identify(piper_ws/src/Piper_ros/src/piper_humble) by extensions ['colcon_pkg']
[0.169s] Level 1:colcon.colcon_core.package_identification:_identify(piper_ws/src/Piper_ros/src/piper_humble) by extension 'colcon_pkg'
[0.169s] Level 1:colcon.colcon_core.package_identification:_identify(piper_ws/src/Piper_ros/src/piper_humble) by extensions ['colcon_meta']
[0.169s] Level 1:colcon.colcon_core.package_identification:_identify(piper_ws/src/Piper_ros/src/piper_humble) by extension 'colcon_meta'
[0.169s] Level 1:colcon.colcon_core.package_identification:_identify(piper_ws/src/Piper_ros/src/piper_humble) by extensions ['ros']
[0.169s] Level 1:colcon.colcon_core.package_identification:_identify(piper_ws/src/Piper_ros/src/piper_humble) by extension 'ros'
[0.169s] DEBUG:colcon.colcon_core.package_identification:Package 'piper_ws/src/Piper_ros/src/piper_humble' with type 'ros.ament_cmake' and name 'piper_humble'
[0.169s] Level 1:colcon.colcon_core.package_identification:_identify(piper_ws/src/Piper_ros/src/piper_moveit) by extensions ['ignore', 'ignore_ament_install']
[0.169s] Level 1:colcon.colcon_core.package_identification:_identify(piper_ws/src/Piper_ros/src/piper_moveit) by extension 'ignore'
[0.169s] Level 1:colcon.colcon_core.package_identification:_identify(piper_ws/src/Piper_ros/src/piper_moveit) by extension 'ignore_ament_install'
[0.169s] Level 1:colcon.colcon_core.package_identification:_identify(piper_ws/src/Piper_ros/src/piper_moveit) by extensions ['colcon_pkg']
[0.169s] Level 1:colcon.colcon_core.package_identification:_identify(piper_ws/src/Piper_ros/src/piper_moveit) by extension 'colcon_pkg'
[0.169s] Level 1:colcon.colcon_core.package_identification:_identify(piper_ws/src/Piper_ros/src/piper_moveit) by extensions ['colcon_meta']
[0.169s] Level 1:colcon.colcon_core.package_identification:_identify(piper_ws/src/Piper_ros/src/piper_moveit) by extension 'colcon_meta'
[0.169s] Level 1:colcon.colcon_core.package_identification:_identify(piper_ws/src/Piper_ros/src/piper_moveit) by extensions ['ros']
[0.169s] Level 1:colcon.colcon_core.package_identification:_identify(piper_ws/src/Piper_ros/src/piper_moveit) by extension 'ros'
[0.169s] Level 1:colcon.colcon_core.package_identification:_identify(piper_ws/src/Piper_ros/src/piper_moveit) by extensions ['cmake', 'python']
[0.169s] Level 1:colcon.colcon_core.package_identification:_identify(piper_ws/src/Piper_ros/src/piper_moveit) by extension 'cmake'
[0.169s] Level 1:colcon.colcon_core.package_identification:_identify(piper_ws/src/Piper_ros/src/piper_moveit) by extension 'python'
[0.169s] Level 1:colcon.colcon_core.package_identification:_identify(piper_ws/src/Piper_ros/src/piper_moveit) by extensions ['python_setup_py']
[0.169s] Level 1:colcon.colcon_core.package_identification:_identify(piper_ws/src/Piper_ros/src/piper_moveit) by extension 'python_setup_py'
[0.169s] Level 1:colcon.colcon_core.package_identification:_identify(piper_ws/src/Piper_ros/src/piper_moveit/piper_no_gripper_moveit) by extensions ['ignore', 'ignore_ament_install']
[0.169s] Level 1:colcon.colcon_core.package_identification:_identify(piper_ws/src/Piper_ros/src/piper_moveit/piper_no_gripper_moveit) by extension 'ignore'
[0.169s] Level 1:colcon.colcon_core.package_identification:_identify(piper_ws/src/Piper_ros/src/piper_moveit/piper_no_gripper_moveit) by extension 'ignore_ament_install'
[0.169s] Level 1:colcon.colcon_core.package_identification:_identify(piper_ws/src/Piper_ros/src/piper_moveit/piper_no_gripper_moveit) by extensions ['colcon_pkg']
[0.170s] Level 1:colcon.colcon_core.package_identification:_identify(piper_ws/src/Piper_ros/src/piper_moveit/piper_no_gripper_moveit) by extension 'colcon_pkg'
[0.170s] Level 1:colcon.colcon_core.package_identification:_identify(piper_ws/src/Piper_ros/src/piper_moveit/piper_no_gripper_moveit) by extensions ['colcon_meta']
[0.170s] Level 1:colcon.colcon_core.package_identification:_identify(piper_ws/src/Piper_ros/src/piper_moveit/piper_no_gripper_moveit) by extension 'colcon_meta'
[0.170s] Level 1:colcon.colcon_core.package_identification:_identify(piper_ws/src/Piper_ros/src/piper_moveit/piper_no_gripper_moveit) by extensions ['ros']
[0.170s] Level 1:colcon.colcon_core.package_identification:_identify(piper_ws/src/Piper_ros/src/piper_moveit/piper_no_gripper_moveit) by extension 'ros'
[0.170s] DEBUG:colcon.colcon_core.package_identification:Package 'piper_ws/src/Piper_ros/src/piper_moveit/piper_no_gripper_moveit' with type 'ros.ament_cmake' and name 'piper_no_gripper_moveit'
[0.170s] Level 1:colcon.colcon_core.package_identification:_identify(piper_ws/src/Piper_ros/src/piper_moveit/piper_with_gripper_moveit) by extensions ['ignore', 'ignore_ament_install']
[0.170s] Level 1:colcon.colcon_core.package_identification:_identify(piper_ws/src/Piper_ros/src/piper_moveit/piper_with_gripper_moveit) by extension 'ignore'
[0.170s] Level 1:colcon.colcon_core.package_identification:_identify(piper_ws/src/Piper_ros/src/piper_moveit/piper_with_gripper_moveit) by extension 'ignore_ament_install'
[0.170s] Level 1:colcon.colcon_core.package_identification:_identify(piper_ws/src/Piper_ros/src/piper_moveit/piper_with_gripper_moveit) by extensions ['colcon_pkg']
[0.170s] Level 1:colcon.colcon_core.package_identification:_identify(piper_ws/src/Piper_ros/src/piper_moveit/piper_with_gripper_moveit) by extension 'colcon_pkg'
[0.170s] Level 1:colcon.colcon_core.package_identification:_identify(piper_ws/src/Piper_ros/src/piper_moveit/piper_with_gripper_moveit) by extensions ['colcon_meta']
[0.170s] Level 1:colcon.colcon_core.package_identification:_identify(piper_ws/src/Piper_ros/src/piper_moveit/piper_with_gripper_moveit) by extension 'colcon_meta'
[0.170s] Level 1:colcon.colcon_core.package_identification:_identify(piper_ws/src/Piper_ros/src/piper_moveit/piper_with_gripper_moveit) by extensions ['ros']
[0.170s] Level 1:colcon.colcon_core.package_identification:_identify(piper_ws/src/Piper_ros/src/piper_moveit/piper_with_gripper_moveit) by extension 'ros'
[0.171s] DEBUG:colcon.colcon_core.package_identification:Package 'piper_ws/src/Piper_ros/src/piper_moveit/piper_with_gripper_moveit' with type 'ros.ament_cmake' and name 'piper_with_gripper_moveit'
[0.171s] Level 1:colcon.colcon_core.package_identification:_identify(piper_ws/src/Piper_ros/src/piper_msgs) by extensions ['ignore', 'ignore_ament_install']
[0.171s] Level 1:colcon.colcon_core.package_identification:_identify(piper_ws/src/Piper_ros/src/piper_msgs) by extension 'ignore'
[0.171s] Level 1:colcon.colcon_core.package_identification:_identify(piper_ws/src/Piper_ros/src/piper_msgs) by extension 'ignore_ament_install'
[0.171s] Level 1:colcon.colcon_core.package_identification:_identify(piper_ws/src/Piper_ros/src/piper_msgs) by extensions ['colcon_pkg']
[0.171s] Level 1:colcon.colcon_core.package_identification:_identify(piper_ws/src/Piper_ros/src/piper_msgs) by extension 'colcon_pkg'
[0.171s] Level 1:colcon.colcon_core.package_identification:_identify(piper_ws/src/Piper_ros/src/piper_msgs) by extensions ['colcon_meta']
[0.171s] Level 1:colcon.colcon_core.package_identification:_identify(piper_ws/src/Piper_ros/src/piper_msgs) by extension 'colcon_meta'
[0.171s] Level 1:colcon.colcon_core.package_identification:_identify(piper_ws/src/Piper_ros/src/piper_msgs) by extensions ['ros']
[0.171s] Level 1:colcon.colcon_core.package_identification:_identify(piper_ws/src/Piper_ros/src/piper_msgs) by extension 'ros'
[0.171s] DEBUG:colcon.colcon_core.package_identification:Package 'piper_ws/src/Piper_ros/src/piper_msgs' with type 'ros.ament_cmake' and name 'piper_msgs'
[0.171s] Level 1:colcon.colcon_core.package_identification:_identify(piper_ws/src/Piper_ros/src/piper_sim) by extensions ['ignore', 'ignore_ament_install']
[0.171s] Level 1:colcon.colcon_core.package_identification:_identify(piper_ws/src/Piper_ros/src/piper_sim) by extension 'ignore'
[0.171s] Level 1:colcon.colcon_core.package_identification:_identify(piper_ws/src/Piper_ros/src/piper_sim) by extension 'ignore_ament_install'
[0.171s] Level 1:colcon.colcon_core.package_identification:_identify(piper_ws/src/Piper_ros/src/piper_sim) by extensions ['colcon_pkg']
[0.171s] Level 1:colcon.colcon_core.package_identification:_identify(piper_ws/src/Piper_ros/src/piper_sim) by extension 'colcon_pkg'
[0.171s] Level 1:colcon.colcon_core.package_identification:_identify(piper_ws/src/Piper_ros/src/piper_sim) by extensions ['colcon_meta']
[0.171s] Level 1:colcon.colcon_core.package_identification:_identify(piper_ws/src/Piper_ros/src/piper_sim) by extension 'colcon_meta'
[0.171s] Level 1:colcon.colcon_core.package_identification:_identify(piper_ws/src/Piper_ros/src/piper_sim) by extensions ['ros']
[0.171s] Level 1:colcon.colcon_core.package_identification:_identify(piper_ws/src/Piper_ros/src/piper_sim) by extension 'ros'
[0.171s] Level 1:colcon.colcon_core.package_identification:_identify(piper_ws/src/Piper_ros/src/piper_sim) by extensions ['cmake', 'python']
[0.171s] Level 1:colcon.colcon_core.package_identification:_identify(piper_ws/src/Piper_ros/src/piper_sim) by extension 'cmake'
[0.171s] Level 1:colcon.colcon_core.package_identification:_identify(piper_ws/src/Piper_ros/src/piper_sim) by extension 'python'
[0.171s] Level 1:colcon.colcon_core.package_identification:_identify(piper_ws/src/Piper_ros/src/piper_sim) by extensions ['python_setup_py']
[0.171s] Level 1:colcon.colcon_core.package_identification:_identify(piper_ws/src/Piper_ros/src/piper_sim) by extension 'python_setup_py'
[0.172s] Level 1:colcon.colcon_core.package_identification:_identify(piper_ws/src/Piper_ros/src/piper_sim/piper_gazebo) by extensions ['ignore', 'ignore_ament_install']
[0.172s] Level 1:colcon.colcon_core.package_identification:_identify(piper_ws/src/Piper_ros/src/piper_sim/piper_gazebo) by extension 'ignore'
[0.172s] Level 1:colcon.colcon_core.package_identification:_identify(piper_ws/src/Piper_ros/src/piper_sim/piper_gazebo) by extension 'ignore_ament_install'
[0.172s] Level 1:colcon.colcon_core.package_identification:_identify(piper_ws/src/Piper_ros/src/piper_sim/piper_gazebo) by extensions ['colcon_pkg']
[0.172s] Level 1:colcon.colcon_core.package_identification:_identify(piper_ws/src/Piper_ros/src/piper_sim/piper_gazebo) by extension 'colcon_pkg'
[0.172s] Level 1:colcon.colcon_core.package_identification:_identify(piper_ws/src/Piper_ros/src/piper_sim/piper_gazebo) by extensions ['colcon_meta']
[0.172s] Level 1:colcon.colcon_core.package_identification:_identify(piper_ws/src/Piper_ros/src/piper_sim/piper_gazebo) by extension 'colcon_meta'
[0.172s] Level 1:colcon.colcon_core.package_identification:_identify(piper_ws/src/Piper_ros/src/piper_sim/piper_gazebo) by extensions ['ros']
[0.172s] Level 1:colcon.colcon_core.package_identification:_identify(piper_ws/src/Piper_ros/src/piper_sim/piper_gazebo) by extension 'ros'
[0.172s] DEBUG:colcon.colcon_core.package_identification:Package 'piper_ws/src/Piper_ros/src/piper_sim/piper_gazebo' with type 'ros.ament_cmake' and name 'piper_gazebo'
[0.172s] Level 1:colcon.colcon_core.package_identification:_identify(piper_ws/src/Piper_ros/src/piper_sim/piper_mujoco) by extensions ['ignore', 'ignore_ament_install']
[0.172s] Level 1:colcon.colcon_core.package_identification:_identify(piper_ws/src/Piper_ros/src/piper_sim/piper_mujoco) by extension 'ignore'
[0.172s] Level 1:colcon.colcon_core.package_identification:_identify(piper_ws/src/Piper_ros/src/piper_sim/piper_mujoco) by extension 'ignore_ament_install'
[0.172s] Level 1:colcon.colcon_core.package_identification:_identify(piper_ws/src/Piper_ros/src/piper_sim/piper_mujoco) by extensions ['colcon_pkg']
[0.172s] Level 1:colcon.colcon_core.package_identification:_identify(piper_ws/src/Piper_ros/src/piper_sim/piper_mujoco) by extension 'colcon_pkg'
[0.172s] Level 1:colcon.colcon_core.package_identification:_identify(piper_ws/src/Piper_ros/src/piper_sim/piper_mujoco) by extensions ['colcon_meta']
[0.172s] Level 1:colcon.colcon_core.package_identification:_identify(piper_ws/src/Piper_ros/src/piper_sim/piper_mujoco) by extension 'colcon_meta'
[0.172s] Level 1:colcon.colcon_core.package_identification:_identify(piper_ws/src/Piper_ros/src/piper_sim/piper_mujoco) by extensions ['ros']
[0.172s] Level 1:colcon.colcon_core.package_identification:_identify(piper_ws/src/Piper_ros/src/piper_sim/piper_mujoco) by extension 'ros'
[0.172s] DEBUG:colcon.colcon_core.package_identification:Package 'piper_ws/src/Piper_ros/src/piper_sim/piper_mujoco' with type 'ros.ament_cmake' and name 'piper_mujoco'
[0.172s] Level 1:colcon.colcon_core.package_identification:_identify(public) by extensions ['ignore', 'ignore_ament_install']
[0.172s] Level 1:colcon.colcon_core.package_identification:_identify(public) by extension 'ignore'
[0.172s] Level 1:colcon.colcon_core.package_identification:_identify(public) by extension 'ignore_ament_install'
[0.173s] Level 1:colcon.colcon_core.package_identification:_identify(public) by extensions ['colcon_pkg']
[0.173s] Level 1:colcon.colcon_core.package_identification:_identify(public) by extension 'colcon_pkg'
[0.173s] Level 1:colcon.colcon_core.package_identification:_identify(public) by extensions ['colcon_meta']
[0.173s] Level 1:colcon.colcon_core.package_identification:_identify(public) by extension 'colcon_meta'
[0.173s] Level 1:colcon.colcon_core.package_identification:_identify(public) by extensions ['ros']
[0.173s] Level 1:colcon.colcon_core.package_identification:_identify(public) by extension 'ros'
[0.173s] Level 1:colcon.colcon_core.package_identification:_identify(public) by extensions ['cmake', 'python']
[0.173s] Level 1:colcon.colcon_core.package_identification:_identify(public) by extension 'cmake'
[0.173s] Level 1:colcon.colcon_core.package_identification:_identify(public) by extension 'python'
[0.173s] Level 1:colcon.colcon_core.package_identification:_identify(public) by extensions ['python_setup_py']
[0.173s] Level 1:colcon.colcon_core.package_identification:_identify(public) by extension 'python_setup_py'
[0.173s] Level 1:colcon.colcon_core.package_identification:_identify(public/proto) by extensions ['ignore', 'ignore_ament_install']
[0.173s] Level 1:colcon.colcon_core.package_identification:_identify(public/proto) by extension 'ignore'
[0.173s] Level 1:colcon.colcon_core.package_identification:_identify(public/proto) by extension 'ignore_ament_install'
[0.173s] Level 1:colcon.colcon_core.package_identification:_identify(public/proto) by extensions ['colcon_pkg']
[0.173s] Level 1:colcon.colcon_core.package_identification:_identify(public/proto) by extension 'colcon_pkg'
[0.173s] Level 1:colcon.colcon_core.package_identification:_identify(public/proto) by extensions ['colcon_meta']
[0.173s] Level 1:colcon.colcon_core.package_identification:_identify(public/proto) by extension 'colcon_meta'
[0.173s] Level 1:colcon.colcon_core.package_identification:_identify(public/proto) by extensions ['ros']
[0.173s] Level 1:colcon.colcon_core.package_identification:_identify(public/proto) by extension 'ros'
[0.173s] Level 1:colcon.colcon_core.package_identification:_identify(public/proto) by extensions ['cmake', 'python']
[0.173s] Level 1:colcon.colcon_core.package_identification:_identify(public/proto) by extension 'cmake'
[0.173s] Level 1:colcon.colcon_core.package_identification:_identify(public/proto) by extension 'python'
[0.173s] Level 1:colcon.colcon_core.package_identification:_identify(public/proto) by extensions ['python_setup_py']
[0.173s] Level 1:colcon.colcon_core.package_identification:_identify(public/proto) by extension 'python_setup_py'
[0.173s] Level 1:colcon.colcon_core.package_identification:_identify(public/proto/cpp) by extensions ['ignore', 'ignore_ament_install']
[0.173s] Level 1:colcon.colcon_core.package_identification:_identify(public/proto/cpp) by extension 'ignore'
[0.173s] Level 1:colcon.colcon_core.package_identification:_identify(public/proto/cpp) by extension 'ignore_ament_install'
[0.173s] Level 1:colcon.colcon_core.package_identification:_identify(public/proto/cpp) by extensions ['colcon_pkg']
[0.173s] Level 1:colcon.colcon_core.package_identification:_identify(public/proto/cpp) by extension 'colcon_pkg'
[0.173s] Level 1:colcon.colcon_core.package_identification:_identify(public/proto/cpp) by extensions ['colcon_meta']
[0.173s] Level 1:colcon.colcon_core.package_identification:_identify(public/proto/cpp) by extension 'colcon_meta'
[0.173s] Level 1:colcon.colcon_core.package_identification:_identify(public/proto/cpp) by extensions ['ros']
[0.173s] Level 1:colcon.colcon_core.package_identification:_identify(public/proto/cpp) by extension 'ros'
[0.173s] Level 1:colcon.colcon_core.package_identification:_identify(public/proto/cpp) by extensions ['cmake', 'python']
[0.173s] Level 1:colcon.colcon_core.package_identification:_identify(public/proto/cpp) by extension 'cmake'
[0.173s] Level 1:colcon.colcon_core.package_identification:_identify(public/proto/cpp) by extension 'python'
[0.173s] Level 1:colcon.colcon_core.package_identification:_identify(public/proto/cpp) by extensions ['python_setup_py']
[0.173s] Level 1:colcon.colcon_core.package_identification:_identify(public/proto/cpp) by extension 'python_setup_py'
[0.173s] Level 1:colcon.colcon_core.package_identification:_identify(reactapp) by extensions ['ignore', 'ignore_ament_install']
[0.173s] Level 1:colcon.colcon_core.package_identification:_identify(reactapp) by extension 'ignore'
[0.173s] Level 1:colcon.colcon_core.package_identification:_identify(reactapp) by extension 'ignore_ament_install'
[0.173s] Level 1:colcon.colcon_core.package_identification:_identify(reactapp) by extensions ['colcon_pkg']
[0.173s] Level 1:colcon.colcon_core.package_identification:_identify(reactapp) by extension 'colcon_pkg'
[0.173s] Level 1:colcon.colcon_core.package_identification:_identify(reactapp) by extensions ['colcon_meta']
[0.173s] Level 1:colcon.colcon_core.package_identification:_identify(reactapp) by extension 'colcon_meta'
[0.173s] Level 1:colcon.colcon_core.package_identification:_identify(reactapp) by extensions ['ros']
[0.173s] Level 1:colcon.colcon_core.package_identification:_identify(reactapp) by extension 'ros'
[0.173s] Level 1:colcon.colcon_core.package_identification:_identify(reactapp) by extensions ['cmake', 'python']
[0.173s] Level 1:colcon.colcon_core.package_identification:_identify(reactapp) by extension 'cmake'
[0.173s] Level 1:colcon.colcon_core.package_identification:_identify(reactapp) by extension 'python'
[0.173s] Level 1:colcon.colcon_core.package_identification:_identify(reactapp) by extensions ['python_setup_py']
[0.173s] Level 1:colcon.colcon_core.package_identification:_identify(reactapp) by extension 'python_setup_py'
[0.173s] Level 1:colcon.colcon_core.package_identification:_identify(reactapp/public) by extensions ['ignore', 'ignore_ament_install']
[0.174s] Level 1:colcon.colcon_core.package_identification:_identify(reactapp/public) by extension 'ignore'
[0.174s] Level 1:colcon.colcon_core.package_identification:_identify(reactapp/public) by extension 'ignore_ament_install'
[0.174s] Level 1:colcon.colcon_core.package_identification:_identify(reactapp/public) by extensions ['colcon_pkg']
[0.174s] Level 1:colcon.colcon_core.package_identification:_identify(reactapp/public) by extension 'colcon_pkg'
[0.174s] Level 1:colcon.colcon_core.package_identification:_identify(reactapp/public) by extensions ['colcon_meta']
[0.174s] Level 1:colcon.colcon_core.package_identification:_identify(reactapp/public) by extension 'colcon_meta'
[0.174s] Level 1:colcon.colcon_core.package_identification:_identify(reactapp/public) by extensions ['ros']
[0.174s] Level 1:colcon.colcon_core.package_identification:_identify(reactapp/public) by extension 'ros'
[0.174s] Level 1:colcon.colcon_core.package_identification:_identify(reactapp/public) by extensions ['cmake', 'python']
[0.174s] Level 1:colcon.colcon_core.package_identification:_identify(reactapp/public) by extension 'cmake'
[0.174s] Level 1:colcon.colcon_core.package_identification:_identify(reactapp/public) by extension 'python'
[0.174s] Level 1:colcon.colcon_core.package_identification:_identify(reactapp/public) by extensions ['python_setup_py']
[0.174s] Level 1:colcon.colcon_core.package_identification:_identify(reactapp/public) by extension 'python_setup_py'
[0.174s] Level 1:colcon.colcon_core.package_identification:_identify(reactapp/src) by extensions ['ignore', 'ignore_ament_install']
[0.174s] Level 1:colcon.colcon_core.package_identification:_identify(reactapp/src) by extension 'ignore'
[0.174s] Level 1:colcon.colcon_core.package_identification:_identify(reactapp/src) by extension 'ignore_ament_install'
[0.174s] Level 1:colcon.colcon_core.package_identification:_identify(reactapp/src) by extensions ['colcon_pkg']
[0.174s] Level 1:colcon.colcon_core.package_identification:_identify(reactapp/src) by extension 'colcon_pkg'
[0.174s] Level 1:colcon.colcon_core.package_identification:_identify(reactapp/src) by extensions ['colcon_meta']
[0.174s] Level 1:colcon.colcon_core.package_identification:_identify(reactapp/src) by extension 'colcon_meta'
[0.174s] Level 1:colcon.colcon_core.package_identification:_identify(reactapp/src) by extensions ['ros']
[0.174s] Level 1:colcon.colcon_core.package_identification:_identify(reactapp/src) by extension 'ros'
[0.174s] Level 1:colcon.colcon_core.package_identification:_identify(reactapp/src) by extensions ['cmake', 'python']
[0.174s] Level 1:colcon.colcon_core.package_identification:_identify(reactapp/src) by extension 'cmake'
[0.174s] Level 1:colcon.colcon_core.package_identification:_identify(reactapp/src) by extension 'python'
[0.174s] Level 1:colcon.colcon_core.package_identification:_identify(reactapp/src) by extensions ['python_setup_py']
[0.174s] Level 1:colcon.colcon_core.package_identification:_identify(reactapp/src) by extension 'python_setup_py'
[0.174s] Level 1:colcon.colcon_core.package_identification:_identify(reactapp/src/connect) by extensions ['ignore', 'ignore_ament_install']
[0.174s] Level 1:colcon.colcon_core.package_identification:_identify(reactapp/src/connect) by extension 'ignore'
[0.174s] Level 1:colcon.colcon_core.package_identification:_identify(reactapp/src/connect) by extension 'ignore_ament_install'
[0.174s] Level 1:colcon.colcon_core.package_identification:_identify(reactapp/src/connect) by extensions ['colcon_pkg']
[0.174s] Level 1:colcon.colcon_core.package_identification:_identify(reactapp/src/connect) by extension 'colcon_pkg'
[0.174s] Level 1:colcon.colcon_core.package_identification:_identify(reactapp/src/connect) by extensions ['colcon_meta']
[0.174s] Level 1:colcon.colcon_core.package_identification:_identify(reactapp/src/connect) by extension 'colcon_meta'
[0.174s] Level 1:colcon.colcon_core.package_identification:_identify(reactapp/src/connect) by extensions ['ros']
[0.174s] Level 1:colcon.colcon_core.package_identification:_identify(reactapp/src/connect) by extension 'ros'
[0.174s] Level 1:colcon.colcon_core.package_identification:_identify(reactapp/src/connect) by extensions ['cmake', 'python']
[0.174s] Level 1:colcon.colcon_core.package_identification:_identify(reactapp/src/connect) by extension 'cmake'
[0.174s] Level 1:colcon.colcon_core.package_identification:_identify(reactapp/src/connect) by extension 'python'
[0.174s] Level 1:colcon.colcon_core.package_identification:_identify(reactapp/src/connect) by extensions ['python_setup_py']
[0.174s] Level 1:colcon.colcon_core.package_identification:_identify(reactapp/src/connect) by extension 'python_setup_py'
[0.174s] Level 1:colcon.colcon_core.package_identification:_identify(reactapp/src/connect/http) by extensions ['ignore', 'ignore_ament_install']
[0.174s] Level 1:colcon.colcon_core.package_identification:_identify(reactapp/src/connect/http) by extension 'ignore'
[0.174s] Level 1:colcon.colcon_core.package_identification:_identify(reactapp/src/connect/http) by extension 'ignore_ament_install'
[0.174s] Level 1:colcon.colcon_core.package_identification:_identify(reactapp/src/connect/http) by extensions ['colcon_pkg']
[0.174s] Level 1:colcon.colcon_core.package_identification:_identify(reactapp/src/connect/http) by extension 'colcon_pkg'
[0.174s] Level 1:colcon.colcon_core.package_identification:_identify(reactapp/src/connect/http) by extensions ['colcon_meta']
[0.174s] Level 1:colcon.colcon_core.package_identification:_identify(reactapp/src/connect/http) by extension 'colcon_meta'
[0.174s] Level 1:colcon.colcon_core.package_identification:_identify(reactapp/src/connect/http) by extensions ['ros']
[0.174s] Level 1:colcon.colcon_core.package_identification:_identify(reactapp/src/connect/http) by extension 'ros'
[0.174s] Level 1:colcon.colcon_core.package_identification:_identify(reactapp/src/connect/http) by extensions ['cmake', 'python']
[0.174s] Level 1:colcon.colcon_core.package_identification:_identify(reactapp/src/connect/http) by extension 'cmake'
[0.174s] Level 1:colcon.colcon_core.package_identification:_identify(reactapp/src/connect/http) by extension 'python'
[0.174s] Level 1:colcon.colcon_core.package_identification:_identify(reactapp/src/connect/http) by extensions ['python_setup_py']
[0.174s] Level 1:colcon.colcon_core.package_identification:_identify(reactapp/src/connect/http) by extension 'python_setup_py'
[0.175s] Level 1:colcon.colcon_core.package_identification:_identify(reactapp/src/connect/socket) by extensions ['ignore', 'ignore_ament_install']
[0.175s] Level 1:colcon.colcon_core.package_identification:_identify(reactapp/src/connect/socket) by extension 'ignore'
[0.175s] Level 1:colcon.colcon_core.package_identification:_identify(reactapp/src/connect/socket) by extension 'ignore_ament_install'
[0.175s] Level 1:colcon.colcon_core.package_identification:_identify(reactapp/src/connect/socket) by extensions ['colcon_pkg']
[0.175s] Level 1:colcon.colcon_core.package_identification:_identify(reactapp/src/connect/socket) by extension 'colcon_pkg'
[0.175s] Level 1:colcon.colcon_core.package_identification:_identify(reactapp/src/connect/socket) by extensions ['colcon_meta']
[0.175s] Level 1:colcon.colcon_core.package_identification:_identify(reactapp/src/connect/socket) by extension 'colcon_meta'
[0.175s] Level 1:colcon.colcon_core.package_identification:_identify(reactapp/src/connect/socket) by extensions ['ros']
[0.175s] Level 1:colcon.colcon_core.package_identification:_identify(reactapp/src/connect/socket) by extension 'ros'
[0.175s] Level 1:colcon.colcon_core.package_identification:_identify(reactapp/src/connect/socket) by extensions ['cmake', 'python']
[0.175s] Level 1:colcon.colcon_core.package_identification:_identify(reactapp/src/connect/socket) by extension 'cmake'
[0.175s] Level 1:colcon.colcon_core.package_identification:_identify(reactapp/src/connect/socket) by extension 'python'
[0.175s] Level 1:colcon.colcon_core.package_identification:_identify(reactapp/src/connect/socket) by extensions ['python_setup_py']
[0.175s] Level 1:colcon.colcon_core.package_identification:_identify(reactapp/src/connect/socket) by extension 'python_setup_py'
[0.175s] Level 1:colcon.colcon_core.package_identification:_identify(reactapp/src/data) by extensions ['ignore', 'ignore_ament_install']
[0.175s] Level 1:colcon.colcon_core.package_identification:_identify(reactapp/src/data) by extension 'ignore'
[0.175s] Level 1:colcon.colcon_core.package_identification:_identify(reactapp/src/data) by extension 'ignore_ament_install'
[0.175s] Level 1:colcon.colcon_core.package_identification:_identify(reactapp/src/data) by extensions ['colcon_pkg']
[0.175s] Level 1:colcon.colcon_core.package_identification:_identify(reactapp/src/data) by extension 'colcon_pkg'
[0.175s] Level 1:colcon.colcon_core.package_identification:_identify(reactapp/src/data) by extensions ['colcon_meta']
[0.175s] Level 1:colcon.colcon_core.package_identification:_identify(reactapp/src/data) by extension 'colcon_meta'
[0.175s] Level 1:colcon.colcon_core.package_identification:_identify(reactapp/src/data) by extensions ['ros']
[0.175s] Level 1:colcon.colcon_core.package_identification:_identify(reactapp/src/data) by extension 'ros'
[0.175s] Level 1:colcon.colcon_core.package_identification:_identify(reactapp/src/data) by extensions ['cmake', 'python']
[0.175s] Level 1:colcon.colcon_core.package_identification:_identify(reactapp/src/data) by extension 'cmake'
[0.175s] Level 1:colcon.colcon_core.package_identification:_identify(reactapp/src/data) by extension 'python'
[0.175s] Level 1:colcon.colcon_core.package_identification:_identify(reactapp/src/data) by extensions ['python_setup_py']
[0.175s] Level 1:colcon.colcon_core.package_identification:_identify(reactapp/src/data) by extension 'python_setup_py'
[0.175s] Level 1:colcon.colcon_core.package_identification:_identify(reactapp/src/design) by extensions ['ignore', 'ignore_ament_install']
[0.175s] Level 1:colcon.colcon_core.package_identification:_identify(reactapp/src/design) by extension 'ignore'
[0.175s] Level 1:colcon.colcon_core.package_identification:_identify(reactapp/src/design) by extension 'ignore_ament_install'
[0.175s] Level 1:colcon.colcon_core.package_identification:_identify(reactapp/src/design) by extensions ['colcon_pkg']
[0.175s] Level 1:colcon.colcon_core.package_identification:_identify(reactapp/src/design) by extension 'colcon_pkg'
[0.175s] Level 1:colcon.colcon_core.package_identification:_identify(reactapp/src/design) by extensions ['colcon_meta']
[0.175s] Level 1:colcon.colcon_core.package_identification:_identify(reactapp/src/design) by extension 'colcon_meta'
[0.175s] Level 1:colcon.colcon_core.package_identification:_identify(reactapp/src/design) by extensions ['ros']
[0.175s] Level 1:colcon.colcon_core.package_identification:_identify(reactapp/src/design) by extension 'ros'
[0.175s] Level 1:colcon.colcon_core.package_identification:_identify(reactapp/src/design) by extensions ['cmake', 'python']
[0.175s] Level 1:colcon.colcon_core.package_identification:_identify(reactapp/src/design) by extension 'cmake'
[0.175s] Level 1:colcon.colcon_core.package_identification:_identify(reactapp/src/design) by extension 'python'
[0.175s] Level 1:colcon.colcon_core.package_identification:_identify(reactapp/src/design) by extensions ['python_setup_py']
[0.175s] Level 1:colcon.colcon_core.package_identification:_identify(reactapp/src/design) by extension 'python_setup_py'
[0.175s] Level 1:colcon.colcon_core.package_identification:_identify(reactapp/src/design/button) by extensions ['ignore', 'ignore_ament_install']
[0.175s] Level 1:colcon.colcon_core.package_identification:_identify(reactapp/src/design/button) by extension 'ignore'
[0.175s] Level 1:colcon.colcon_core.package_identification:_identify(reactapp/src/design/button) by extension 'ignore_ament_install'
[0.175s] Level 1:colcon.colcon_core.package_identification:_identify(reactapp/src/design/button) by extensions ['colcon_pkg']
[0.175s] Level 1:colcon.colcon_core.package_identification:_identify(reactapp/src/design/button) by extension 'colcon_pkg'
[0.175s] Level 1:colcon.colcon_core.package_identification:_identify(reactapp/src/design/button) by extensions ['colcon_meta']
[0.175s] Level 1:colcon.colcon_core.package_identification:_identify(reactapp/src/design/button) by extension 'colcon_meta'
[0.175s] Level 1:colcon.colcon_core.package_identification:_identify(reactapp/src/design/button) by extensions ['ros']
[0.175s] Level 1:colcon.colcon_core.package_identification:_identify(reactapp/src/design/button) by extension 'ros'
[0.175s] Level 1:colcon.colcon_core.package_identification:_identify(reactapp/src/design/button) by extensions ['cmake', 'python']
[0.175s] Level 1:colcon.colcon_core.package_identification:_identify(reactapp/src/design/button) by extension 'cmake'
[0.175s] Level 1:colcon.colcon_core.package_identification:_identify(reactapp/src/design/button) by extension 'python'
[0.176s] Level 1:colcon.colcon_core.package_identification:_identify(reactapp/src/design/button) by extensions ['python_setup_py']
[0.176s] Level 1:colcon.colcon_core.package_identification:_identify(reactapp/src/design/button) by extension 'python_setup_py'
[0.176s] Level 1:colcon.colcon_core.package_identification:_identify(reactapp/src/design/other) by extensions ['ignore', 'ignore_ament_install']
[0.176s] Level 1:colcon.colcon_core.package_identification:_identify(reactapp/src/design/other) by extension 'ignore'
[0.176s] Level 1:colcon.colcon_core.package_identification:_identify(reactapp/src/design/other) by extension 'ignore_ament_install'
[0.176s] Level 1:colcon.colcon_core.package_identification:_identify(reactapp/src/design/other) by extensions ['colcon_pkg']
[0.176s] Level 1:colcon.colcon_core.package_identification:_identify(reactapp/src/design/other) by extension 'colcon_pkg'
[0.176s] Level 1:colcon.colcon_core.package_identification:_identify(reactapp/src/design/other) by extensions ['colcon_meta']
[0.176s] Level 1:colcon.colcon_core.package_identification:_identify(reactapp/src/design/other) by extension 'colcon_meta'
[0.176s] Level 1:colcon.colcon_core.package_identification:_identify(reactapp/src/design/other) by extensions ['ros']
[0.176s] Level 1:colcon.colcon_core.package_identification:_identify(reactapp/src/design/other) by extension 'ros'
[0.176s] Level 1:colcon.colcon_core.package_identification:_identify(reactapp/src/design/other) by extensions ['cmake', 'python']
[0.176s] Level 1:colcon.colcon_core.package_identification:_identify(reactapp/src/design/other) by extension 'cmake'
[0.176s] Level 1:colcon.colcon_core.package_identification:_identify(reactapp/src/design/other) by extension 'python'
[0.176s] Level 1:colcon.colcon_core.package_identification:_identify(reactapp/src/design/other) by extensions ['python_setup_py']
[0.176s] Level 1:colcon.colcon_core.package_identification:_identify(reactapp/src/design/other) by extension 'python_setup_py'
[0.176s] Level 1:colcon.colcon_core.package_identification:_identify(reactapp/src/design/text) by extensions ['ignore', 'ignore_ament_install']
[0.176s] Level 1:colcon.colcon_core.package_identification:_identify(reactapp/src/design/text) by extension 'ignore'
[0.176s] Level 1:colcon.colcon_core.package_identification:_identify(reactapp/src/design/text) by extension 'ignore_ament_install'
[0.176s] Level 1:colcon.colcon_core.package_identification:_identify(reactapp/src/design/text) by extensions ['colcon_pkg']
[0.176s] Level 1:colcon.colcon_core.package_identification:_identify(reactapp/src/design/text) by extension 'colcon_pkg'
[0.176s] Level 1:colcon.colcon_core.package_identification:_identify(reactapp/src/design/text) by extensions ['colcon_meta']
[0.176s] Level 1:colcon.colcon_core.package_identification:_identify(reactapp/src/design/text) by extension 'colcon_meta'
[0.176s] Level 1:colcon.colcon_core.package_identification:_identify(reactapp/src/design/text) by extensions ['ros']
[0.176s] Level 1:colcon.colcon_core.package_identification:_identify(reactapp/src/design/text) by extension 'ros'
[0.176s] Level 1:colcon.colcon_core.package_identification:_identify(reactapp/src/design/text) by extensions ['cmake', 'python']
[0.176s] Level 1:colcon.colcon_core.package_identification:_identify(reactapp/src/design/text) by extension 'cmake'
[0.176s] Level 1:colcon.colcon_core.package_identification:_identify(reactapp/src/design/text) by extension 'python'
[0.176s] Level 1:colcon.colcon_core.package_identification:_identify(reactapp/src/design/text) by extensions ['python_setup_py']
[0.176s] Level 1:colcon.colcon_core.package_identification:_identify(reactapp/src/design/text) by extension 'python_setup_py'
[0.176s] Level 1:colcon.colcon_core.package_identification:_identify(reactapp/src/page) by extensions ['ignore', 'ignore_ament_install']
[0.176s] Level 1:colcon.colcon_core.package_identification:_identify(reactapp/src/page) by extension 'ignore'
[0.176s] Level 1:colcon.colcon_core.package_identification:_identify(reactapp/src/page) by extension 'ignore_ament_install'
[0.176s] Level 1:colcon.colcon_core.package_identification:_identify(reactapp/src/page) by extensions ['colcon_pkg']
[0.176s] Level 1:colcon.colcon_core.package_identification:_identify(reactapp/src/page) by extension 'colcon_pkg'
[0.176s] Level 1:colcon.colcon_core.package_identification:_identify(reactapp/src/page) by extensions ['colcon_meta']
[0.176s] Level 1:colcon.colcon_core.package_identification:_identify(reactapp/src/page) by extension 'colcon_meta'
[0.176s] Level 1:colcon.colcon_core.package_identification:_identify(reactapp/src/page) by extensions ['ros']
[0.176s] Level 1:colcon.colcon_core.package_identification:_identify(reactapp/src/page) by extension 'ros'
[0.176s] Level 1:colcon.colcon_core.package_identification:_identify(reactapp/src/page) by extensions ['cmake', 'python']
[0.176s] Level 1:colcon.colcon_core.package_identification:_identify(reactapp/src/page) by extension 'cmake'
[0.176s] Level 1:colcon.colcon_core.package_identification:_identify(reactapp/src/page) by extension 'python'
[0.176s] Level 1:colcon.colcon_core.package_identification:_identify(reactapp/src/page) by extensions ['python_setup_py']
[0.176s] Level 1:colcon.colcon_core.package_identification:_identify(reactapp/src/page) by extension 'python_setup_py'
[0.176s] Level 1:colcon.colcon_core.package_identification:_identify(reactapp/src/page/appbar) by extensions ['ignore', 'ignore_ament_install']
[0.176s] Level 1:colcon.colcon_core.package_identification:_identify(reactapp/src/page/appbar) by extension 'ignore'
[0.176s] Level 1:colcon.colcon_core.package_identification:_identify(reactapp/src/page/appbar) by extension 'ignore_ament_install'
[0.176s] Level 1:colcon.colcon_core.package_identification:_identify(reactapp/src/page/appbar) by extensions ['colcon_pkg']
[0.176s] Level 1:colcon.colcon_core.package_identification:_identify(reactapp/src/page/appbar) by extension 'colcon_pkg'
[0.176s] Level 1:colcon.colcon_core.package_identification:_identify(reactapp/src/page/appbar) by extensions ['colcon_meta']
[0.176s] Level 1:colcon.colcon_core.package_identification:_identify(reactapp/src/page/appbar) by extension 'colcon_meta'
[0.176s] Level 1:colcon.colcon_core.package_identification:_identify(reactapp/src/page/appbar) by extensions ['ros']
[0.176s] Level 1:colcon.colcon_core.package_identification:_identify(reactapp/src/page/appbar) by extension 'ros'
[0.177s] Level 1:colcon.colcon_core.package_identification:_identify(reactapp/src/page/appbar) by extensions ['cmake', 'python']
[0.177s] Level 1:colcon.colcon_core.package_identification:_identify(reactapp/src/page/appbar) by extension 'cmake'
[0.177s] Level 1:colcon.colcon_core.package_identification:_identify(reactapp/src/page/appbar) by extension 'python'
[0.177s] Level 1:colcon.colcon_core.package_identification:_identify(reactapp/src/page/appbar) by extensions ['python_setup_py']
[0.177s] Level 1:colcon.colcon_core.package_identification:_identify(reactapp/src/page/appbar) by extension 'python_setup_py'
[0.177s] Level 1:colcon.colcon_core.package_identification:_identify(reactapp/src/page/appbar/battery) by extensions ['ignore', 'ignore_ament_install']
[0.177s] Level 1:colcon.colcon_core.package_identification:_identify(reactapp/src/page/appbar/battery) by extension 'ignore'
[0.177s] Level 1:colcon.colcon_core.package_identification:_identify(reactapp/src/page/appbar/battery) by extension 'ignore_ament_install'
[0.177s] Level 1:colcon.colcon_core.package_identification:_identify(reactapp/src/page/appbar/battery) by extensions ['colcon_pkg']
[0.177s] Level 1:colcon.colcon_core.package_identification:_identify(reactapp/src/page/appbar/battery) by extension 'colcon_pkg'
[0.177s] Level 1:colcon.colcon_core.package_identification:_identify(reactapp/src/page/appbar/battery) by extensions ['colcon_meta']
[0.177s] Level 1:colcon.colcon_core.package_identification:_identify(reactapp/src/page/appbar/battery) by extension 'colcon_meta'
[0.177s] Level 1:colcon.colcon_core.package_identification:_identify(reactapp/src/page/appbar/battery) by extensions ['ros']
[0.177s] Level 1:colcon.colcon_core.package_identification:_identify(reactapp/src/page/appbar/battery) by extension 'ros'
[0.177s] Level 1:colcon.colcon_core.package_identification:_identify(reactapp/src/page/appbar/battery) by extensions ['cmake', 'python']
[0.177s] Level 1:colcon.colcon_core.package_identification:_identify(reactapp/src/page/appbar/battery) by extension 'cmake'
[0.177s] Level 1:colcon.colcon_core.package_identification:_identify(reactapp/src/page/appbar/battery) by extension 'python'
[0.177s] Level 1:colcon.colcon_core.package_identification:_identify(reactapp/src/page/appbar/battery) by extensions ['python_setup_py']
[0.177s] Level 1:colcon.colcon_core.package_identification:_identify(reactapp/src/page/appbar/battery) by extension 'python_setup_py'
[0.177s] Level 1:colcon.colcon_core.package_identification:_identify(reactapp/src/page/appbar/robotmonitor) by extensions ['ignore', 'ignore_ament_install']
[0.177s] Level 1:colcon.colcon_core.package_identification:_identify(reactapp/src/page/appbar/robotmonitor) by extension 'ignore'
[0.177s] Level 1:colcon.colcon_core.package_identification:_identify(reactapp/src/page/appbar/robotmonitor) by extension 'ignore_ament_install'
[0.177s] Level 1:colcon.colcon_core.package_identification:_identify(reactapp/src/page/appbar/robotmonitor) by extensions ['colcon_pkg']
[0.177s] Level 1:colcon.colcon_core.package_identification:_identify(reactapp/src/page/appbar/robotmonitor) by extension 'colcon_pkg'
[0.177s] Level 1:colcon.colcon_core.package_identification:_identify(reactapp/src/page/appbar/robotmonitor) by extensions ['colcon_meta']
[0.177s] Level 1:colcon.colcon_core.package_identification:_identify(reactapp/src/page/appbar/robotmonitor) by extension 'colcon_meta'
[0.177s] Level 1:colcon.colcon_core.package_identification:_identify(reactapp/src/page/appbar/robotmonitor) by extensions ['ros']
[0.177s] Level 1:colcon.colcon_core.package_identification:_identify(reactapp/src/page/appbar/robotmonitor) by extension 'ros'
[0.177s] Level 1:colcon.colcon_core.package_identification:_identify(reactapp/src/page/appbar/robotmonitor) by extensions ['cmake', 'python']
[0.177s] Level 1:colcon.colcon_core.package_identification:_identify(reactapp/src/page/appbar/robotmonitor) by extension 'cmake'
[0.177s] Level 1:colcon.colcon_core.package_identification:_identify(reactapp/src/page/appbar/robotmonitor) by extension 'python'
[0.177s] Level 1:colcon.colcon_core.package_identification:_identify(reactapp/src/page/appbar/robotmonitor) by extensions ['python_setup_py']
[0.177s] Level 1:colcon.colcon_core.package_identification:_identify(reactapp/src/page/appbar/robotmonitor) by extension 'python_setup_py'
[0.177s] Level 1:colcon.colcon_core.package_identification:_identify(reactapp/src/page/capture) by extensions ['ignore', 'ignore_ament_install']
[0.177s] Level 1:colcon.colcon_core.package_identification:_identify(reactapp/src/page/capture) by extension 'ignore'
[0.177s] Level 1:colcon.colcon_core.package_identification:_identify(reactapp/src/page/capture) by extension 'ignore_ament_install'
[0.177s] Level 1:colcon.colcon_core.package_identification:_identify(reactapp/src/page/capture) by extensions ['colcon_pkg']
[0.177s] Level 1:colcon.colcon_core.package_identification:_identify(reactapp/src/page/capture) by extension 'colcon_pkg'
[0.177s] Level 1:colcon.colcon_core.package_identification:_identify(reactapp/src/page/capture) by extensions ['colcon_meta']
[0.177s] Level 1:colcon.colcon_core.package_identification:_identify(reactapp/src/page/capture) by extension 'colcon_meta'
[0.177s] Level 1:colcon.colcon_core.package_identification:_identify(reactapp/src/page/capture) by extensions ['ros']
[0.177s] Level 1:colcon.colcon_core.package_identification:_identify(reactapp/src/page/capture) by extension 'ros'
[0.177s] Level 1:colcon.colcon_core.package_identification:_identify(reactapp/src/page/capture) by extensions ['cmake', 'python']
[0.177s] Level 1:colcon.colcon_core.package_identification:_identify(reactapp/src/page/capture) by extension 'cmake'
[0.177s] Level 1:colcon.colcon_core.package_identification:_identify(reactapp/src/page/capture) by extension 'python'
[0.177s] Level 1:colcon.colcon_core.package_identification:_identify(reactapp/src/page/capture) by extensions ['python_setup_py']
[0.177s] Level 1:colcon.colcon_core.package_identification:_identify(reactapp/src/page/capture) by extension 'python_setup_py'
[0.177s] Level 1:colcon.colcon_core.package_identification:_identify(reactapp/src/page/diagnotics) by extensions ['ignore', 'ignore_ament_install']
[0.177s] Level 1:colcon.colcon_core.package_identification:_identify(reactapp/src/page/diagnotics) by extension 'ignore'
[0.177s] Level 1:colcon.colcon_core.package_identification:_identify(reactapp/src/page/diagnotics) by extension 'ignore_ament_install'
[0.177s] Level 1:colcon.colcon_core.package_identification:_identify(reactapp/src/page/diagnotics) by extensions ['colcon_pkg']
[0.177s] Level 1:colcon.colcon_core.package_identification:_identify(reactapp/src/page/diagnotics) by extension 'colcon_pkg'
[0.177s] Level 1:colcon.colcon_core.package_identification:_identify(reactapp/src/page/diagnotics) by extensions ['colcon_meta']
[0.177s] Level 1:colcon.colcon_core.package_identification:_identify(reactapp/src/page/diagnotics) by extension 'colcon_meta'
[0.177s] Level 1:colcon.colcon_core.package_identification:_identify(reactapp/src/page/diagnotics) by extensions ['ros']
[0.177s] Level 1:colcon.colcon_core.package_identification:_identify(reactapp/src/page/diagnotics) by extension 'ros'
[0.178s] Level 1:colcon.colcon_core.package_identification:_identify(reactapp/src/page/diagnotics) by extensions ['cmake', 'python']
[0.178s] Level 1:colcon.colcon_core.package_identification:_identify(reactapp/src/page/diagnotics) by extension 'cmake'
[0.178s] Level 1:colcon.colcon_core.package_identification:_identify(reactapp/src/page/diagnotics) by extension 'python'
[0.178s] Level 1:colcon.colcon_core.package_identification:_identify(reactapp/src/page/diagnotics) by extensions ['python_setup_py']
[0.178s] Level 1:colcon.colcon_core.package_identification:_identify(reactapp/src/page/diagnotics) by extension 'python_setup_py'
[0.178s] Level 1:colcon.colcon_core.package_identification:_identify(reactapp/src/page/jaibridge) by extensions ['ignore', 'ignore_ament_install']
[0.178s] Level 1:colcon.colcon_core.package_identification:_identify(reactapp/src/page/jaibridge) by extension 'ignore'
[0.178s] Level 1:colcon.colcon_core.package_identification:_identify(reactapp/src/page/jaibridge) by extension 'ignore_ament_install'
[0.178s] Level 1:colcon.colcon_core.package_identification:_identify(reactapp/src/page/jaibridge) by extensions ['colcon_pkg']
[0.178s] Level 1:colcon.colcon_core.package_identification:_identify(reactapp/src/page/jaibridge) by extension 'colcon_pkg'
[0.178s] Level 1:colcon.colcon_core.package_identification:_identify(reactapp/src/page/jaibridge) by extensions ['colcon_meta']
[0.178s] Level 1:colcon.colcon_core.package_identification:_identify(reactapp/src/page/jaibridge) by extension 'colcon_meta'
[0.178s] Level 1:colcon.colcon_core.package_identification:_identify(reactapp/src/page/jaibridge) by extensions ['ros']
[0.178s] Level 1:colcon.colcon_core.package_identification:_identify(reactapp/src/page/jaibridge) by extension 'ros'
[0.178s] Level 1:colcon.colcon_core.package_identification:_identify(reactapp/src/page/jaibridge) by extensions ['cmake', 'python']
[0.178s] Level 1:colcon.colcon_core.package_identification:_identify(reactapp/src/page/jaibridge) by extension 'cmake'
[0.178s] Level 1:colcon.colcon_core.package_identification:_identify(reactapp/src/page/jaibridge) by extension 'python'
[0.178s] Level 1:colcon.colcon_core.package_identification:_identify(reactapp/src/page/jaibridge) by extensions ['python_setup_py']
[0.178s] Level 1:colcon.colcon_core.package_identification:_identify(reactapp/src/page/jaibridge) by extension 'python_setup_py'
[0.178s] Level 1:colcon.colcon_core.package_identification:_identify(reactapp/src/page/launch) by extensions ['ignore', 'ignore_ament_install']
[0.178s] Level 1:colcon.colcon_core.package_identification:_identify(reactapp/src/page/launch) by extension 'ignore'
[0.178s] Level 1:colcon.colcon_core.package_identification:_identify(reactapp/src/page/launch) by extension 'ignore_ament_install'
[0.178s] Level 1:colcon.colcon_core.package_identification:_identify(reactapp/src/page/launch) by extensions ['colcon_pkg']
[0.178s] Level 1:colcon.colcon_core.package_identification:_identify(reactapp/src/page/launch) by extension 'colcon_pkg'
[0.178s] Level 1:colcon.colcon_core.package_identification:_identify(reactapp/src/page/launch) by extensions ['colcon_meta']
[0.178s] Level 1:colcon.colcon_core.package_identification:_identify(reactapp/src/page/launch) by extension 'colcon_meta'
[0.178s] Level 1:colcon.colcon_core.package_identification:_identify(reactapp/src/page/launch) by extensions ['ros']
[0.178s] Level 1:colcon.colcon_core.package_identification:_identify(reactapp/src/page/launch) by extension 'ros'
[0.178s] Level 1:colcon.colcon_core.package_identification:_identify(reactapp/src/page/launch) by extensions ['cmake', 'python']
[0.178s] Level 1:colcon.colcon_core.package_identification:_identify(reactapp/src/page/launch) by extension 'cmake'
[0.178s] Level 1:colcon.colcon_core.package_identification:_identify(reactapp/src/page/launch) by extension 'python'
[0.178s] Level 1:colcon.colcon_core.package_identification:_identify(reactapp/src/page/launch) by extensions ['python_setup_py']
[0.178s] Level 1:colcon.colcon_core.package_identification:_identify(reactapp/src/page/launch) by extension 'python_setup_py'
[0.178s] Level 1:colcon.colcon_core.package_identification:_identify(reactapp/src/page/lidar) by extensions ['ignore', 'ignore_ament_install']
[0.178s] Level 1:colcon.colcon_core.package_identification:_identify(reactapp/src/page/lidar) by extension 'ignore'
[0.178s] Level 1:colcon.colcon_core.package_identification:_identify(reactapp/src/page/lidar) by extension 'ignore_ament_install'
[0.178s] Level 1:colcon.colcon_core.package_identification:_identify(reactapp/src/page/lidar) by extensions ['colcon_pkg']
[0.178s] Level 1:colcon.colcon_core.package_identification:_identify(reactapp/src/page/lidar) by extension 'colcon_pkg'
[0.178s] Level 1:colcon.colcon_core.package_identification:_identify(reactapp/src/page/lidar) by extensions ['colcon_meta']
[0.178s] Level 1:colcon.colcon_core.package_identification:_identify(reactapp/src/page/lidar) by extension 'colcon_meta'
[0.178s] Level 1:colcon.colcon_core.package_identification:_identify(reactapp/src/page/lidar) by extensions ['ros']
[0.178s] Level 1:colcon.colcon_core.package_identification:_identify(reactapp/src/page/lidar) by extension 'ros'
[0.178s] Level 1:colcon.colcon_core.package_identification:_identify(reactapp/src/page/lidar) by extensions ['cmake', 'python']
[0.178s] Level 1:colcon.colcon_core.package_identification:_identify(reactapp/src/page/lidar) by extension 'cmake'
[0.178s] Level 1:colcon.colcon_core.package_identification:_identify(reactapp/src/page/lidar) by extension 'python'
[0.178s] Level 1:colcon.colcon_core.package_identification:_identify(reactapp/src/page/lidar) by extensions ['python_setup_py']
[0.178s] Level 1:colcon.colcon_core.package_identification:_identify(reactapp/src/page/lidar) by extension 'python_setup_py'
[0.178s] Level 1:colcon.colcon_core.package_identification:_identify(reactapp/src/page/lucid) by extensions ['ignore', 'ignore_ament_install']
[0.178s] Level 1:colcon.colcon_core.package_identification:_identify(reactapp/src/page/lucid) by extension 'ignore'
[0.178s] Level 1:colcon.colcon_core.package_identification:_identify(reactapp/src/page/lucid) by extension 'ignore_ament_install'
[0.178s] Level 1:colcon.colcon_core.package_identification:_identify(reactapp/src/page/lucid) by extensions ['colcon_pkg']
[0.178s] Level 1:colcon.colcon_core.package_identification:_identify(reactapp/src/page/lucid) by extension 'colcon_pkg'
[0.178s] Level 1:colcon.colcon_core.package_identification:_identify(reactapp/src/page/lucid) by extensions ['colcon_meta']
[0.178s] Level 1:colcon.colcon_core.package_identification:_identify(reactapp/src/page/lucid) by extension 'colcon_meta'
[0.179s] Level 1:colcon.colcon_core.package_identification:_identify(reactapp/src/page/lucid) by extensions ['ros']
[0.179s] Level 1:colcon.colcon_core.package_identification:_identify(reactapp/src/page/lucid) by extension 'ros'
[0.179s] Level 1:colcon.colcon_core.package_identification:_identify(reactapp/src/page/lucid) by extensions ['cmake', 'python']
[0.179s] Level 1:colcon.colcon_core.package_identification:_identify(reactapp/src/page/lucid) by extension 'cmake'
[0.179s] Level 1:colcon.colcon_core.package_identification:_identify(reactapp/src/page/lucid) by extension 'python'
[0.179s] Level 1:colcon.colcon_core.package_identification:_identify(reactapp/src/page/lucid) by extensions ['python_setup_py']
[0.179s] Level 1:colcon.colcon_core.package_identification:_identify(reactapp/src/page/lucid) by extension 'python_setup_py'
[0.179s] Level 1:colcon.colcon_core.package_identification:_identify(reactapp/src/page/nodes) by extensions ['ignore', 'ignore_ament_install']
[0.179s] Level 1:colcon.colcon_core.package_identification:_identify(reactapp/src/page/nodes) by extension 'ignore'
[0.179s] Level 1:colcon.colcon_core.package_identification:_identify(reactapp/src/page/nodes) by extension 'ignore_ament_install'
[0.179s] Level 1:colcon.colcon_core.package_identification:_identify(reactapp/src/page/nodes) by extensions ['colcon_pkg']
[0.179s] Level 1:colcon.colcon_core.package_identification:_identify(reactapp/src/page/nodes) by extension 'colcon_pkg'
[0.179s] Level 1:colcon.colcon_core.package_identification:_identify(reactapp/src/page/nodes) by extensions ['colcon_meta']
[0.179s] Level 1:colcon.colcon_core.package_identification:_identify(reactapp/src/page/nodes) by extension 'colcon_meta'
[0.179s] Level 1:colcon.colcon_core.package_identification:_identify(reactapp/src/page/nodes) by extensions ['ros']
[0.179s] Level 1:colcon.colcon_core.package_identification:_identify(reactapp/src/page/nodes) by extension 'ros'
[0.179s] Level 1:colcon.colcon_core.package_identification:_identify(reactapp/src/page/nodes) by extensions ['cmake', 'python']
[0.179s] Level 1:colcon.colcon_core.package_identification:_identify(reactapp/src/page/nodes) by extension 'cmake'
[0.179s] Level 1:colcon.colcon_core.package_identification:_identify(reactapp/src/page/nodes) by extension 'python'
[0.179s] Level 1:colcon.colcon_core.package_identification:_identify(reactapp/src/page/nodes) by extensions ['python_setup_py']
[0.179s] Level 1:colcon.colcon_core.package_identification:_identify(reactapp/src/page/nodes) by extension 'python_setup_py'
[0.179s] Level 1:colcon.colcon_core.package_identification:_identify(reactapp/src/page/polarization) by extensions ['ignore', 'ignore_ament_install']
[0.179s] Level 1:colcon.colcon_core.package_identification:_identify(reactapp/src/page/polarization) by extension 'ignore'
[0.179s] Level 1:colcon.colcon_core.package_identification:_identify(reactapp/src/page/polarization) by extension 'ignore_ament_install'
[0.179s] Level 1:colcon.colcon_core.package_identification:_identify(reactapp/src/page/polarization) by extensions ['colcon_pkg']
[0.179s] Level 1:colcon.colcon_core.package_identification:_identify(reactapp/src/page/polarization) by extension 'colcon_pkg'
[0.179s] Level 1:colcon.colcon_core.package_identification:_identify(reactapp/src/page/polarization) by extensions ['colcon_meta']
[0.179s] Level 1:colcon.colcon_core.package_identification:_identify(reactapp/src/page/polarization) by extension 'colcon_meta'
[0.179s] Level 1:colcon.colcon_core.package_identification:_identify(reactapp/src/page/polarization) by extensions ['ros']
[0.179s] Level 1:colcon.colcon_core.package_identification:_identify(reactapp/src/page/polarization) by extension 'ros'
[0.179s] Level 1:colcon.colcon_core.package_identification:_identify(reactapp/src/page/polarization) by extensions ['cmake', 'python']
[0.179s] Level 1:colcon.colcon_core.package_identification:_identify(reactapp/src/page/polarization) by extension 'cmake'
[0.179s] Level 1:colcon.colcon_core.package_identification:_identify(reactapp/src/page/polarization) by extension 'python'
[0.179s] Level 1:colcon.colcon_core.package_identification:_identify(reactapp/src/page/polarization) by extensions ['python_setup_py']
[0.179s] Level 1:colcon.colcon_core.package_identification:_identify(reactapp/src/page/polarization) by extension 'python_setup_py'
[0.179s] Level 1:colcon.colcon_core.package_identification:_identify(reactapp/src/page/sensors) by extensions ['ignore', 'ignore_ament_install']
[0.179s] Level 1:colcon.colcon_core.package_identification:_identify(reactapp/src/page/sensors) by extension 'ignore'
[0.179s] Level 1:colcon.colcon_core.package_identification:_identify(reactapp/src/page/sensors) by extension 'ignore_ament_install'
[0.179s] Level 1:colcon.colcon_core.package_identification:_identify(reactapp/src/page/sensors) by extensions ['colcon_pkg']
[0.179s] Level 1:colcon.colcon_core.package_identification:_identify(reactapp/src/page/sensors) by extension 'colcon_pkg'
[0.179s] Level 1:colcon.colcon_core.package_identification:_identify(reactapp/src/page/sensors) by extensions ['colcon_meta']
[0.179s] Level 1:colcon.colcon_core.package_identification:_identify(reactapp/src/page/sensors) by extension 'colcon_meta'
[0.179s] Level 1:colcon.colcon_core.package_identification:_identify(reactapp/src/page/sensors) by extensions ['ros']
[0.179s] Level 1:colcon.colcon_core.package_identification:_identify(reactapp/src/page/sensors) by extension 'ros'
[0.179s] Level 1:colcon.colcon_core.package_identification:_identify(reactapp/src/page/sensors) by extensions ['cmake', 'python']
[0.179s] Level 1:colcon.colcon_core.package_identification:_identify(reactapp/src/page/sensors) by extension 'cmake'
[0.179s] Level 1:colcon.colcon_core.package_identification:_identify(reactapp/src/page/sensors) by extension 'python'
[0.179s] Level 1:colcon.colcon_core.package_identification:_identify(reactapp/src/page/sensors) by extensions ['python_setup_py']
[0.179s] Level 1:colcon.colcon_core.package_identification:_identify(reactapp/src/page/sensors) by extension 'python_setup_py'
[0.179s] Level 1:colcon.colcon_core.package_identification:_identify(reactapp/src/page/service) by extensions ['ignore', 'ignore_ament_install']
[0.179s] Level 1:colcon.colcon_core.package_identification:_identify(reactapp/src/page/service) by extension 'ignore'
[0.179s] Level 1:colcon.colcon_core.package_identification:_identify(reactapp/src/page/service) by extension 'ignore_ament_install'
[0.179s] Level 1:colcon.colcon_core.package_identification:_identify(reactapp/src/page/service) by extensions ['colcon_pkg']
[0.180s] Level 1:colcon.colcon_core.package_identification:_identify(reactapp/src/page/service) by extension 'colcon_pkg'
[0.180s] Level 1:colcon.colcon_core.package_identification:_identify(reactapp/src/page/service) by extensions ['colcon_meta']
[0.180s] Level 1:colcon.colcon_core.package_identification:_identify(reactapp/src/page/service) by extension 'colcon_meta'
[0.180s] Level 1:colcon.colcon_core.package_identification:_identify(reactapp/src/page/service) by extensions ['ros']
[0.180s] Level 1:colcon.colcon_core.package_identification:_identify(reactapp/src/page/service) by extension 'ros'
[0.180s] Level 1:colcon.colcon_core.package_identification:_identify(reactapp/src/page/service) by extensions ['cmake', 'python']
[0.180s] Level 1:colcon.colcon_core.package_identification:_identify(reactapp/src/page/service) by extension 'cmake'
[0.180s] Level 1:colcon.colcon_core.package_identification:_identify(reactapp/src/page/service) by extension 'python'
[0.180s] Level 1:colcon.colcon_core.package_identification:_identify(reactapp/src/page/service) by extensions ['python_setup_py']
[0.180s] Level 1:colcon.colcon_core.package_identification:_identify(reactapp/src/page/service) by extension 'python_setup_py'
[0.180s] Level 1:colcon.colcon_core.package_identification:_identify(reactapp/src/page/slam) by extensions ['ignore', 'ignore_ament_install']
[0.180s] Level 1:colcon.colcon_core.package_identification:_identify(reactapp/src/page/slam) by extension 'ignore'
[0.180s] Level 1:colcon.colcon_core.package_identification:_identify(reactapp/src/page/slam) by extension 'ignore_ament_install'
[0.180s] Level 1:colcon.colcon_core.package_identification:_identify(reactapp/src/page/slam) by extensions ['colcon_pkg']
[0.180s] Level 1:colcon.colcon_core.package_identification:_identify(reactapp/src/page/slam) by extension 'colcon_pkg'
[0.180s] Level 1:colcon.colcon_core.package_identification:_identify(reactapp/src/page/slam) by extensions ['colcon_meta']
[0.180s] Level 1:colcon.colcon_core.package_identification:_identify(reactapp/src/page/slam) by extension 'colcon_meta'
[0.180s] Level 1:colcon.colcon_core.package_identification:_identify(reactapp/src/page/slam) by extensions ['ros']
[0.180s] Level 1:colcon.colcon_core.package_identification:_identify(reactapp/src/page/slam) by extension 'ros'
[0.180s] Level 1:colcon.colcon_core.package_identification:_identify(reactapp/src/page/slam) by extensions ['cmake', 'python']
[0.180s] Level 1:colcon.colcon_core.package_identification:_identify(reactapp/src/page/slam) by extension 'cmake'
[0.180s] Level 1:colcon.colcon_core.package_identification:_identify(reactapp/src/page/slam) by extension 'python'
[0.180s] Level 1:colcon.colcon_core.package_identification:_identify(reactapp/src/page/slam) by extensions ['python_setup_py']
[0.180s] Level 1:colcon.colcon_core.package_identification:_identify(reactapp/src/page/slam) by extension 'python_setup_py'
[0.180s] Level 1:colcon.colcon_core.package_identification:_identify(reactapp/src/page/topic) by extensions ['ignore', 'ignore_ament_install']
[0.180s] Level 1:colcon.colcon_core.package_identification:_identify(reactapp/src/page/topic) by extension 'ignore'
[0.180s] Level 1:colcon.colcon_core.package_identification:_identify(reactapp/src/page/topic) by extension 'ignore_ament_install'
[0.180s] Level 1:colcon.colcon_core.package_identification:_identify(reactapp/src/page/topic) by extensions ['colcon_pkg']
[0.180s] Level 1:colcon.colcon_core.package_identification:_identify(reactapp/src/page/topic) by extension 'colcon_pkg'
[0.180s] Level 1:colcon.colcon_core.package_identification:_identify(reactapp/src/page/topic) by extensions ['colcon_meta']
[0.180s] Level 1:colcon.colcon_core.package_identification:_identify(reactapp/src/page/topic) by extension 'colcon_meta'
[0.180s] Level 1:colcon.colcon_core.package_identification:_identify(reactapp/src/page/topic) by extensions ['ros']
[0.180s] Level 1:colcon.colcon_core.package_identification:_identify(reactapp/src/page/topic) by extension 'ros'
[0.180s] Level 1:colcon.colcon_core.package_identification:_identify(reactapp/src/page/topic) by extensions ['cmake', 'python']
[0.180s] Level 1:colcon.colcon_core.package_identification:_identify(reactapp/src/page/topic) by extension 'cmake'
[0.180s] Level 1:colcon.colcon_core.package_identification:_identify(reactapp/src/page/topic) by extension 'python'
[0.180s] Level 1:colcon.colcon_core.package_identification:_identify(reactapp/src/page/topic) by extensions ['python_setup_py']
[0.180s] Level 1:colcon.colcon_core.package_identification:_identify(reactapp/src/page/topic) by extension 'python_setup_py'
[0.180s] Level 1:colcon.colcon_core.package_identification:_identify(reactapp/src/public) by extensions ['ignore', 'ignore_ament_install']
[0.180s] Level 1:colcon.colcon_core.package_identification:_identify(reactapp/src/public) by extension 'ignore'
[0.180s] Level 1:colcon.colcon_core.package_identification:_identify(reactapp/src/public) by extension 'ignore_ament_install'
[0.180s] Level 1:colcon.colcon_core.package_identification:_identify(reactapp/src/public) by extensions ['colcon_pkg']
[0.180s] Level 1:colcon.colcon_core.package_identification:_identify(reactapp/src/public) by extension 'colcon_pkg'
[0.180s] Level 1:colcon.colcon_core.package_identification:_identify(reactapp/src/public) by extensions ['colcon_meta']
[0.180s] Level 1:colcon.colcon_core.package_identification:_identify(reactapp/src/public) by extension 'colcon_meta'
[0.180s] Level 1:colcon.colcon_core.package_identification:_identify(reactapp/src/public) by extensions ['ros']
[0.180s] Level 1:colcon.colcon_core.package_identification:_identify(reactapp/src/public) by extension 'ros'
[0.180s] Level 1:colcon.colcon_core.package_identification:_identify(reactapp/src/public) by extensions ['cmake', 'python']
[0.180s] Level 1:colcon.colcon_core.package_identification:_identify(reactapp/src/public) by extension 'cmake'
[0.180s] Level 1:colcon.colcon_core.package_identification:_identify(reactapp/src/public) by extension 'python'
[0.180s] Level 1:colcon.colcon_core.package_identification:_identify(reactapp/src/public) by extensions ['python_setup_py']
[0.180s] Level 1:colcon.colcon_core.package_identification:_identify(reactapp/src/public) by extension 'python_setup_py'
[0.180s] Level 1:colcon.colcon_core.package_identification:_identify(reactapp/src/public/proto) by extensions ['ignore', 'ignore_ament_install']
[0.180s] Level 1:colcon.colcon_core.package_identification:_identify(reactapp/src/public/proto) by extension 'ignore'
[0.180s] Level 1:colcon.colcon_core.package_identification:_identify(reactapp/src/public/proto) by extension 'ignore_ament_install'
[0.181s] Level 1:colcon.colcon_core.package_identification:_identify(reactapp/src/public/proto) by extensions ['colcon_pkg']
[0.181s] Level 1:colcon.colcon_core.package_identification:_identify(reactapp/src/public/proto) by extension 'colcon_pkg'
[0.181s] Level 1:colcon.colcon_core.package_identification:_identify(reactapp/src/public/proto) by extensions ['colcon_meta']
[0.181s] Level 1:colcon.colcon_core.package_identification:_identify(reactapp/src/public/proto) by extension 'colcon_meta'
[0.181s] Level 1:colcon.colcon_core.package_identification:_identify(reactapp/src/public/proto) by extensions ['ros']
[0.181s] Level 1:colcon.colcon_core.package_identification:_identify(reactapp/src/public/proto) by extension 'ros'
[0.181s] Level 1:colcon.colcon_core.package_identification:_identify(reactapp/src/public/proto) by extensions ['cmake', 'python']
[0.181s] Level 1:colcon.colcon_core.package_identification:_identify(reactapp/src/public/proto) by extension 'cmake'
[0.181s] Level 1:colcon.colcon_core.package_identification:_identify(reactapp/src/public/proto) by extension 'python'
[0.181s] Level 1:colcon.colcon_core.package_identification:_identify(reactapp/src/public/proto) by extensions ['python_setup_py']
[0.181s] Level 1:colcon.colcon_core.package_identification:_identify(reactapp/src/public/proto) by extension 'python_setup_py'
[0.181s] Level 1:colcon.colcon_core.package_identification:_identify(reactapp/src/resource) by extensions ['ignore', 'ignore_ament_install']
[0.181s] Level 1:colcon.colcon_core.package_identification:_identify(reactapp/src/resource) by extension 'ignore'
[0.181s] Level 1:colcon.colcon_core.package_identification:_identify(reactapp/src/resource) by extension 'ignore_ament_install'
[0.181s] Level 1:colcon.colcon_core.package_identification:_identify(reactapp/src/resource) by extensions ['colcon_pkg']
[0.181s] Level 1:colcon.colcon_core.package_identification:_identify(reactapp/src/resource) by extension 'colcon_pkg'
[0.181s] Level 1:colcon.colcon_core.package_identification:_identify(reactapp/src/resource) by extensions ['colcon_meta']
[0.181s] Level 1:colcon.colcon_core.package_identification:_identify(reactapp/src/resource) by extension 'colcon_meta'
[0.181s] Level 1:colcon.colcon_core.package_identification:_identify(reactapp/src/resource) by extensions ['ros']
[0.181s] Level 1:colcon.colcon_core.package_identification:_identify(reactapp/src/resource) by extension 'ros'
[0.181s] Level 1:colcon.colcon_core.package_identification:_identify(reactapp/src/resource) by extensions ['cmake', 'python']
[0.181s] Level 1:colcon.colcon_core.package_identification:_identify(reactapp/src/resource) by extension 'cmake'
[0.181s] Level 1:colcon.colcon_core.package_identification:_identify(reactapp/src/resource) by extension 'python'
[0.181s] Level 1:colcon.colcon_core.package_identification:_identify(reactapp/src/resource) by extensions ['python_setup_py']
[0.181s] Level 1:colcon.colcon_core.package_identification:_identify(reactapp/src/resource) by extension 'python_setup_py'
[0.181s] Level 1:colcon.colcon_core.package_identification:_identify(reactapp/src/static) by extensions ['ignore', 'ignore_ament_install']
[0.181s] Level 1:colcon.colcon_core.package_identification:_identify(reactapp/src/static) by extension 'ignore'
[0.181s] Level 1:colcon.colcon_core.package_identification:_identify(reactapp/src/static) by extension 'ignore_ament_install'
[0.181s] Level 1:colcon.colcon_core.package_identification:_identify(reactapp/src/static) by extensions ['colcon_pkg']
[0.181s] Level 1:colcon.colcon_core.package_identification:_identify(reactapp/src/static) by extension 'colcon_pkg'
[0.181s] Level 1:colcon.colcon_core.package_identification:_identify(reactapp/src/static) by extensions ['colcon_meta']
[0.181s] Level 1:colcon.colcon_core.package_identification:_identify(reactapp/src/static) by extension 'colcon_meta'
[0.181s] Level 1:colcon.colcon_core.package_identification:_identify(reactapp/src/static) by extensions ['ros']
[0.181s] Level 1:colcon.colcon_core.package_identification:_identify(reactapp/src/static) by extension 'ros'
[0.181s] Level 1:colcon.colcon_core.package_identification:_identify(reactapp/src/static) by extensions ['cmake', 'python']
[0.181s] Level 1:colcon.colcon_core.package_identification:_identify(reactapp/src/static) by extension 'cmake'
[0.181s] Level 1:colcon.colcon_core.package_identification:_identify(reactapp/src/static) by extension 'python'
[0.181s] Level 1:colcon.colcon_core.package_identification:_identify(reactapp/src/static) by extensions ['python_setup_py']
[0.181s] Level 1:colcon.colcon_core.package_identification:_identify(reactapp/src/static) by extension 'python_setup_py'
[0.181s] Level 1:colcon.colcon_core.package_identification:_identify(reactapp/src/stores) by extensions ['ignore', 'ignore_ament_install']
[0.181s] Level 1:colcon.colcon_core.package_identification:_identify(reactapp/src/stores) by extension 'ignore'
[0.181s] Level 1:colcon.colcon_core.package_identification:_identify(reactapp/src/stores) by extension 'ignore_ament_install'
[0.181s] Level 1:colcon.colcon_core.package_identification:_identify(reactapp/src/stores) by extensions ['colcon_pkg']
[0.181s] Level 1:colcon.colcon_core.package_identification:_identify(reactapp/src/stores) by extension 'colcon_pkg'
[0.181s] Level 1:colcon.colcon_core.package_identification:_identify(reactapp/src/stores) by extensions ['colcon_meta']
[0.181s] Level 1:colcon.colcon_core.package_identification:_identify(reactapp/src/stores) by extension 'colcon_meta'
[0.181s] Level 1:colcon.colcon_core.package_identification:_identify(reactapp/src/stores) by extensions ['ros']
[0.181s] Level 1:colcon.colcon_core.package_identification:_identify(reactapp/src/stores) by extension 'ros'
[0.181s] Level 1:colcon.colcon_core.package_identification:_identify(reactapp/src/stores) by extensions ['cmake', 'python']
[0.181s] Level 1:colcon.colcon_core.package_identification:_identify(reactapp/src/stores) by extension 'cmake'
[0.181s] Level 1:colcon.colcon_core.package_identification:_identify(reactapp/src/stores) by extension 'python'
[0.181s] Level 1:colcon.colcon_core.package_identification:_identify(reactapp/src/stores) by extensions ['python_setup_py']
[0.181s] Level 1:colcon.colcon_core.package_identification:_identify(reactapp/src/stores) by extension 'python_setup_py'
[0.181s] Level 1:colcon.colcon_core.package_identification:_identify(rosapp) by extensions ['ignore', 'ignore_ament_install']
[0.181s] Level 1:colcon.colcon_core.package_identification:_identify(rosapp) by extension 'ignore'
[0.181s] Level 1:colcon.colcon_core.package_identification:_identify(rosapp) by extension 'ignore_ament_install'
[0.182s] Level 1:colcon.colcon_core.package_identification:_identify(rosapp) by extensions ['colcon_pkg']
[0.182s] Level 1:colcon.colcon_core.package_identification:_identify(rosapp) by extension 'colcon_pkg'
[0.182s] Level 1:colcon.colcon_core.package_identification:_identify(rosapp) by extensions ['colcon_meta']
[0.182s] Level 1:colcon.colcon_core.package_identification:_identify(rosapp) by extension 'colcon_meta'
[0.182s] Level 1:colcon.colcon_core.package_identification:_identify(rosapp) by extensions ['ros']
[0.182s] Level 1:colcon.colcon_core.package_identification:_identify(rosapp) by extension 'ros'
[0.182s] Level 1:colcon.colcon_core.package_identification:_identify(rosapp) by extensions ['cmake', 'python']
[0.182s] Level 1:colcon.colcon_core.package_identification:_identify(rosapp) by extension 'cmake'
[0.182s] Level 1:colcon.colcon_core.package_identification:_identify(rosapp) by extension 'python'
[0.182s] Level 1:colcon.colcon_core.package_identification:_identify(rosapp) by extensions ['python_setup_py']
[0.182s] Level 1:colcon.colcon_core.package_identification:_identify(rosapp) by extension 'python_setup_py'
[0.182s] Level 1:colcon.colcon_core.package_identification:_identify(rosapp/bash) by extensions ['ignore', 'ignore_ament_install']
[0.182s] Level 1:colcon.colcon_core.package_identification:_identify(rosapp/bash) by extension 'ignore'
[0.182s] Level 1:colcon.colcon_core.package_identification:_identify(rosapp/bash) by extension 'ignore_ament_install'
[0.182s] Level 1:colcon.colcon_core.package_identification:_identify(rosapp/bash) by extensions ['colcon_pkg']
[0.182s] Level 1:colcon.colcon_core.package_identification:_identify(rosapp/bash) by extension 'colcon_pkg'
[0.182s] Level 1:colcon.colcon_core.package_identification:_identify(rosapp/bash) by extensions ['colcon_meta']
[0.182s] Level 1:colcon.colcon_core.package_identification:_identify(rosapp/bash) by extension 'colcon_meta'
[0.182s] Level 1:colcon.colcon_core.package_identification:_identify(rosapp/bash) by extensions ['ros']
[0.182s] Level 1:colcon.colcon_core.package_identification:_identify(rosapp/bash) by extension 'ros'
[0.182s] Level 1:colcon.colcon_core.package_identification:_identify(rosapp/bash) by extensions ['cmake', 'python']
[0.182s] Level 1:colcon.colcon_core.package_identification:_identify(rosapp/bash) by extension 'cmake'
[0.182s] Level 1:colcon.colcon_core.package_identification:_identify(rosapp/bash) by extension 'python'
[0.182s] Level 1:colcon.colcon_core.package_identification:_identify(rosapp/bash) by extensions ['python_setup_py']
[0.182s] Level 1:colcon.colcon_core.package_identification:_identify(rosapp/bash) by extension 'python_setup_py'
[0.182s] Level 1:colcon.colcon_core.package_identification:_identify(rosapp/camera_function) by extensions ['ignore', 'ignore_ament_install']
[0.182s] Level 1:colcon.colcon_core.package_identification:_identify(rosapp/camera_function) by extension 'ignore'
[0.182s] Level 1:colcon.colcon_core.package_identification:_identify(rosapp/camera_function) by extension 'ignore_ament_install'
[0.182s] Level 1:colcon.colcon_core.package_identification:_identify(rosapp/camera_function) by extensions ['colcon_pkg']
[0.182s] Level 1:colcon.colcon_core.package_identification:_identify(rosapp/camera_function) by extension 'colcon_pkg'
[0.182s] Level 1:colcon.colcon_core.package_identification:_identify(rosapp/camera_function) by extensions ['colcon_meta']
[0.182s] Level 1:colcon.colcon_core.package_identification:_identify(rosapp/camera_function) by extension 'colcon_meta'
[0.182s] Level 1:colcon.colcon_core.package_identification:_identify(rosapp/camera_function) by extensions ['ros']
[0.182s] Level 1:colcon.colcon_core.package_identification:_identify(rosapp/camera_function) by extension 'ros'
[0.182s] Level 1:colcon.colcon_core.package_identification:_identify(rosapp/camera_function) by extensions ['cmake', 'python']
[0.182s] Level 1:colcon.colcon_core.package_identification:_identify(rosapp/camera_function) by extension 'cmake'
[0.182s] Level 1:colcon.colcon_core.package_identification:_identify(rosapp/camera_function) by extension 'python'
[0.182s] Level 1:colcon.colcon_core.package_identification:_identify(rosapp/camera_function) by extensions ['python_setup_py']
[0.182s] Level 1:colcon.colcon_core.package_identification:_identify(rosapp/camera_function) by extension 'python_setup_py'
[0.182s] Level 1:colcon.colcon_core.package_identification:_identify(rosapp/share) by extensions ['ignore', 'ignore_ament_install']
[0.182s] Level 1:colcon.colcon_core.package_identification:_identify(rosapp/share) by extension 'ignore'
[0.182s] Level 1:colcon.colcon_core.package_identification:_identify(rosapp/share) by extension 'ignore_ament_install'
[0.182s] Level 1:colcon.colcon_core.package_identification:_identify(rosapp/share) by extensions ['colcon_pkg']
[0.182s] Level 1:colcon.colcon_core.package_identification:_identify(rosapp/share) by extension 'colcon_pkg'
[0.182s] Level 1:colcon.colcon_core.package_identification:_identify(rosapp/share) by extensions ['colcon_meta']
[0.182s] Level 1:colcon.colcon_core.package_identification:_identify(rosapp/share) by extension 'colcon_meta'
[0.182s] Level 1:colcon.colcon_core.package_identification:_identify(rosapp/share) by extensions ['ros']
[0.182s] Level 1:colcon.colcon_core.package_identification:_identify(rosapp/share) by extension 'ros'
[0.182s] Level 1:colcon.colcon_core.package_identification:_identify(rosapp/share) by extensions ['cmake', 'python']
[0.182s] Level 1:colcon.colcon_core.package_identification:_identify(rosapp/share) by extension 'cmake'
[0.182s] Level 1:colcon.colcon_core.package_identification:_identify(rosapp/share) by extension 'python'
[0.182s] Level 1:colcon.colcon_core.package_identification:_identify(rosapp/share) by extensions ['python_setup_py']
[0.182s] Level 1:colcon.colcon_core.package_identification:_identify(rosapp/share) by extension 'python_setup_py'
[0.182s] Level 1:colcon.colcon_core.package_discovery:discover_packages(recursive) using defaults
[0.182s] Level 1:colcon.colcon_core.package_discovery:discover_packages(ignore) discover
[0.182s] Level 1:colcon.colcon_core.package_discovery:discover_packages(ignore) using defaults
[0.182s] Level 1:colcon.colcon_core.package_discovery:discover_packages(path) discover
[0.182s] Level 1:colcon.colcon_core.package_discovery:discover_packages(path) using defaults
