[0.165s] DEBUG:colcon:Command line arguments: ['/usr/bin/colcon', 'build']
[0.165s] DEBUG:colcon:Parsed command line arguments: Namespace(log_base=None, log_level=None, verb_name='build', build_base='build', install_base='install', merge_install=False, symlink_install=False, test_result_base=None, continue_on_error=False, executor='parallel', parallel_workers=16, event_handlers=None, ignore_user_meta=False, metas=['./colcon.meta'], base_paths=['.'], packages_ignore=None, packages_ignore_regex=None, paths=None, packages_up_to=None, packages_up_to_regex=None, packages_above=None, packages_above_and_dependencies=None, packages_above_depth=None, packages_select_by_dep=None, packages_skip_by_dep=None, packages_skip_up_to=None, packages_select_build_failed=False, packages_skip_build_finished=False, packages_select_test_failures=False, packages_skip_test_passed=False, packages_select=None, packages_skip=None, packages_select_regex=None, packages_skip_regex=None, packages_start=None, packages_end=None, allow_overriding=[], cmake_args=None, cmake_target=None, cmake_target_skip_unavailable=False, cmake_clean_cache=False, cmake_clean_first=False, cmake_force_configure=False, ament_cmake_args=None, catkin_cmake_args=None, catkin_skip_building_tests=False, verb_parser=<colcon_defaults.argument_parser.defaults.DefaultArgumentsDecorator object at 0x7c7707d50be0>, verb_extension=<colcon_core.verb.build.BuildVerb object at 0x7c7707d506a0>, main=<bound method BuildVerb.main of <colcon_core.verb.build.BuildVerb object at 0x7c7707d506a0>>)
[0.323s] Level 1:colcon.colcon_core.package_discovery:discover_packages(colcon_meta) check parameters
[0.323s] Level 1:colcon.colcon_core.package_discovery:discover_packages(recursive) check parameters
[0.323s] Level 1:colcon.colcon_core.package_discovery:discover_packages(ignore) check parameters
[0.323s] Level 1:colcon.colcon_core.package_discovery:discover_packages(path) check parameters
[0.323s] Level 1:colcon.colcon_core.package_discovery:discover_packages(colcon_meta) discover
[0.323s] Level 1:colcon.colcon_core.package_discovery:discover_packages(recursive) discover
[0.323s] INFO:colcon.colcon_core.package_discovery:Crawling recursively for packages in '/home/cg-tuf/turtlebot4_flask'
[0.323s] Level 1:colcon.colcon_core.package_identification:_identify(.) by extensions ['ignore', 'ignore_ament_install']
[0.324s] Level 1:colcon.colcon_core.package_identification:_identify(.) by extension 'ignore'
[0.324s] Level 1:colcon.colcon_core.package_identification:_identify(.) by extension 'ignore_ament_install'
[0.324s] Level 1:colcon.colcon_core.package_identification:_identify(.) by extensions ['colcon_pkg']
[0.324s] Level 1:colcon.colcon_core.package_identification:_identify(.) by extension 'colcon_pkg'
[0.324s] Level 1:colcon.colcon_core.package_identification:_identify(.) by extensions ['colcon_meta']
[0.324s] Level 1:colcon.colcon_core.package_identification:_identify(.) by extension 'colcon_meta'
[0.324s] Level 1:colcon.colcon_core.package_identification:_identify(.) by extensions ['ros']
[0.324s] Level 1:colcon.colcon_core.package_identification:_identify(.) by extension 'ros'
[0.331s] Level 1:colcon.colcon_core.package_identification:_identify(.) by extensions ['cmake', 'python']
[0.331s] Level 1:colcon.colcon_core.package_identification:_identify(.) by extension 'cmake'
[0.331s] Level 1:colcon.colcon_core.package_identification:_identify(.) by extension 'python'
[0.331s] Level 1:colcon.colcon_core.package_identification:_identify(.) by extensions ['python_setup_py']
[0.331s] Level 1:colcon.colcon_core.package_identification:_identify(.) by extension 'python_setup_py'
[0.331s] Level 1:colcon.colcon_core.package_identification:_identify(build) by extensions ['ignore', 'ignore_ament_install']
[0.331s] Level 1:colcon.colcon_core.package_identification:_identify(build) by extension 'ignore'
[0.331s] Level 1:colcon.colcon_core.package_identification:_identify(build) ignored
[0.332s] Level 1:colcon.colcon_core.package_identification:_identify(clientapp) by extensions ['ignore', 'ignore_ament_install']
[0.332s] Level 1:colcon.colcon_core.package_identification:_identify(clientapp) by extension 'ignore'
[0.332s] Level 1:colcon.colcon_core.package_identification:_identify(clientapp) by extension 'ignore_ament_install'
[0.332s] Level 1:colcon.colcon_core.package_identification:_identify(clientapp) by extensions ['colcon_pkg']
[0.332s] Level 1:colcon.colcon_core.package_identification:_identify(clientapp) by extension 'colcon_pkg'
[0.332s] Level 1:colcon.colcon_core.package_identification:_identify(clientapp) by extensions ['colcon_meta']
[0.332s] Level 1:colcon.colcon_core.package_identification:_identify(clientapp) by extension 'colcon_meta'
[0.332s] Level 1:colcon.colcon_core.package_identification:_identify(clientapp) by extensions ['ros']
[0.332s] Level 1:colcon.colcon_core.package_identification:_identify(clientapp) by extension 'ros'
[0.332s] Level 1:colcon.colcon_core.package_identification:_identify(clientapp) by extensions ['cmake', 'python']
[0.332s] Level 1:colcon.colcon_core.package_identification:_identify(clientapp) by extension 'cmake'
[0.332s] Level 1:colcon.colcon_core.package_identification:_identify(clientapp) by extension 'python'
[0.332s] Level 1:colcon.colcon_core.package_identification:_identify(clientapp) by extensions ['python_setup_py']
[0.332s] Level 1:colcon.colcon_core.package_identification:_identify(clientapp) by extension 'python_setup_py'
[0.332s] Level 1:colcon.colcon_core.package_identification:_identify(clientapp/instance) by extensions ['ignore', 'ignore_ament_install']
[0.332s] Level 1:colcon.colcon_core.package_identification:_identify(clientapp/instance) by extension 'ignore'
[0.332s] Level 1:colcon.colcon_core.package_identification:_identify(clientapp/instance) by extension 'ignore_ament_install'
[0.332s] Level 1:colcon.colcon_core.package_identification:_identify(clientapp/instance) by extensions ['colcon_pkg']
[0.332s] Level 1:colcon.colcon_core.package_identification:_identify(clientapp/instance) by extension 'colcon_pkg'
[0.332s] Level 1:colcon.colcon_core.package_identification:_identify(clientapp/instance) by extensions ['colcon_meta']
[0.332s] Level 1:colcon.colcon_core.package_identification:_identify(clientapp/instance) by extension 'colcon_meta'
[0.332s] Level 1:colcon.colcon_core.package_identification:_identify(clientapp/instance) by extensions ['ros']
[0.332s] Level 1:colcon.colcon_core.package_identification:_identify(clientapp/instance) by extension 'ros'
[0.332s] Level 1:colcon.colcon_core.package_identification:_identify(clientapp/instance) by extensions ['cmake', 'python']
[0.332s] Level 1:colcon.colcon_core.package_identification:_identify(clientapp/instance) by extension 'cmake'
[0.332s] Level 1:colcon.colcon_core.package_identification:_identify(clientapp/instance) by extension 'python'
[0.332s] Level 1:colcon.colcon_core.package_identification:_identify(clientapp/instance) by extensions ['python_setup_py']
[0.332s] Level 1:colcon.colcon_core.package_identification:_identify(clientapp/instance) by extension 'python_setup_py'
[0.333s] Level 1:colcon.colcon_core.package_identification:_identify(clientapp/instance/capture) by extensions ['ignore', 'ignore_ament_install']
[0.333s] Level 1:colcon.colcon_core.package_identification:_identify(clientapp/instance/capture) by extension 'ignore'
[0.333s] Level 1:colcon.colcon_core.package_identification:_identify(clientapp/instance/capture) by extension 'ignore_ament_install'
[0.333s] Level 1:colcon.colcon_core.package_identification:_identify(clientapp/instance/capture) by extensions ['colcon_pkg']
[0.333s] Level 1:colcon.colcon_core.package_identification:_identify(clientapp/instance/capture) by extension 'colcon_pkg'
[0.333s] Level 1:colcon.colcon_core.package_identification:_identify(clientapp/instance/capture) by extensions ['colcon_meta']
[0.333s] Level 1:colcon.colcon_core.package_identification:_identify(clientapp/instance/capture) by extension 'colcon_meta'
[0.333s] Level 1:colcon.colcon_core.package_identification:_identify(clientapp/instance/capture) by extensions ['ros']
[0.333s] Level 1:colcon.colcon_core.package_identification:_identify(clientapp/instance/capture) by extension 'ros'
[0.333s] Level 1:colcon.colcon_core.package_identification:_identify(clientapp/instance/capture) by extensions ['cmake', 'python']
[0.333s] Level 1:colcon.colcon_core.package_identification:_identify(clientapp/instance/capture) by extension 'cmake'
[0.333s] Level 1:colcon.colcon_core.package_identification:_identify(clientapp/instance/capture) by extension 'python'
[0.333s] Level 1:colcon.colcon_core.package_identification:_identify(clientapp/instance/capture) by extensions ['python_setup_py']
[0.333s] Level 1:colcon.colcon_core.package_identification:_identify(clientapp/instance/capture) by extension 'python_setup_py'
[0.333s] Level 1:colcon.colcon_core.package_identification:_identify(clientapp/instance/ell14) by extensions ['ignore', 'ignore_ament_install']
[0.333s] Level 1:colcon.colcon_core.package_identification:_identify(clientapp/instance/ell14) by extension 'ignore'
[0.333s] Level 1:colcon.colcon_core.package_identification:_identify(clientapp/instance/ell14) by extension 'ignore_ament_install'
[0.333s] Level 1:colcon.colcon_core.package_identification:_identify(clientapp/instance/ell14) by extensions ['colcon_pkg']
[0.333s] Level 1:colcon.colcon_core.package_identification:_identify(clientapp/instance/ell14) by extension 'colcon_pkg'
[0.333s] Level 1:colcon.colcon_core.package_identification:_identify(clientapp/instance/ell14) by extensions ['colcon_meta']
[0.333s] Level 1:colcon.colcon_core.package_identification:_identify(clientapp/instance/ell14) by extension 'colcon_meta'
[0.333s] Level 1:colcon.colcon_core.package_identification:_identify(clientapp/instance/ell14) by extensions ['ros']
[0.333s] Level 1:colcon.colcon_core.package_identification:_identify(clientapp/instance/ell14) by extension 'ros'
[0.333s] Level 1:colcon.colcon_core.package_identification:_identify(clientapp/instance/ell14) by extensions ['cmake', 'python']
[0.333s] Level 1:colcon.colcon_core.package_identification:_identify(clientapp/instance/ell14) by extension 'cmake'
[0.333s] Level 1:colcon.colcon_core.package_identification:_identify(clientapp/instance/ell14) by extension 'python'
[0.333s] Level 1:colcon.colcon_core.package_identification:_identify(clientapp/instance/ell14) by extensions ['python_setup_py']
[0.333s] Level 1:colcon.colcon_core.package_identification:_identify(clientapp/instance/ell14) by extension 'python_setup_py'
[0.333s] Level 1:colcon.colcon_core.package_identification:_identify(clientapp/instance/jai) by extensions ['ignore', 'ignore_ament_install']
[0.333s] Level 1:colcon.colcon_core.package_identification:_identify(clientapp/instance/jai) by extension 'ignore'
[0.333s] Level 1:colcon.colcon_core.package_identification:_identify(clientapp/instance/jai) by extension 'ignore_ament_install'
[0.333s] Level 1:colcon.colcon_core.package_identification:_identify(clientapp/instance/jai) by extensions ['colcon_pkg']
[0.333s] Level 1:colcon.colcon_core.package_identification:_identify(clientapp/instance/jai) by extension 'colcon_pkg'
[0.333s] Level 1:colcon.colcon_core.package_identification:_identify(clientapp/instance/jai) by extensions ['colcon_meta']
[0.333s] Level 1:colcon.colcon_core.package_identification:_identify(clientapp/instance/jai) by extension 'colcon_meta'
[0.333s] Level 1:colcon.colcon_core.package_identification:_identify(clientapp/instance/jai) by extensions ['ros']
[0.333s] Level 1:colcon.colcon_core.package_identification:_identify(clientapp/instance/jai) by extension 'ros'
[0.333s] Level 1:colcon.colcon_core.package_identification:_identify(clientapp/instance/jai) by extensions ['cmake', 'python']
[0.333s] Level 1:colcon.colcon_core.package_identification:_identify(clientapp/instance/jai) by extension 'cmake'
[0.333s] Level 1:colcon.colcon_core.package_identification:_identify(clientapp/instance/jai) by extension 'python'
[0.334s] Level 1:colcon.colcon_core.package_identification:_identify(clientapp/instance/jai) by extensions ['python_setup_py']
[0.334s] Level 1:colcon.colcon_core.package_identification:_identify(clientapp/instance/jai) by extension 'python_setup_py'
[0.334s] Level 1:colcon.colcon_core.package_identification:_identify(clientapp/instance/jai/jai_rosbridge) by extensions ['ignore', 'ignore_ament_install']
[0.334s] Level 1:colcon.colcon_core.package_identification:_identify(clientapp/instance/jai/jai_rosbridge) by extension 'ignore'
[0.334s] Level 1:colcon.colcon_core.package_identification:_identify(clientapp/instance/jai/jai_rosbridge) by extension 'ignore_ament_install'
[0.334s] Level 1:colcon.colcon_core.package_identification:_identify(clientapp/instance/jai/jai_rosbridge) by extensions ['colcon_pkg']
[0.334s] Level 1:colcon.colcon_core.package_identification:_identify(clientapp/instance/jai/jai_rosbridge) by extension 'colcon_pkg'
[0.334s] Level 1:colcon.colcon_core.package_identification:_identify(clientapp/instance/jai/jai_rosbridge) by extensions ['colcon_meta']
[0.334s] Level 1:colcon.colcon_core.package_identification:_identify(clientapp/instance/jai/jai_rosbridge) by extension 'colcon_meta'
[0.334s] Level 1:colcon.colcon_core.package_identification:_identify(clientapp/instance/jai/jai_rosbridge) by extensions ['ros']
[0.334s] Level 1:colcon.colcon_core.package_identification:_identify(clientapp/instance/jai/jai_rosbridge) by extension 'ros'
[0.336s] DEBUG:colcon.colcon_core.package_identification:Package 'clientapp/instance/jai/jai_rosbridge' with type 'ros.ament_cmake' and name 'jai_rosbridge'
[0.336s] Level 1:colcon.colcon_core.package_identification:_identify(clientapp/instance/jai/src) by extensions ['ignore', 'ignore_ament_install']
[0.336s] Level 1:colcon.colcon_core.package_identification:_identify(clientapp/instance/jai/src) by extension 'ignore'
[0.336s] Level 1:colcon.colcon_core.package_identification:_identify(clientapp/instance/jai/src) by extension 'ignore_ament_install'
[0.336s] Level 1:colcon.colcon_core.package_identification:_identify(clientapp/instance/jai/src) by extensions ['colcon_pkg']
[0.336s] Level 1:colcon.colcon_core.package_identification:_identify(clientapp/instance/jai/src) by extension 'colcon_pkg'
[0.336s] Level 1:colcon.colcon_core.package_identification:_identify(clientapp/instance/jai/src) by extensions ['colcon_meta']
[0.336s] Level 1:colcon.colcon_core.package_identification:_identify(clientapp/instance/jai/src) by extension 'colcon_meta'
[0.336s] Level 1:colcon.colcon_core.package_identification:_identify(clientapp/instance/jai/src) by extensions ['ros']
[0.336s] Level 1:colcon.colcon_core.package_identification:_identify(clientapp/instance/jai/src) by extension 'ros'
[0.336s] Level 1:colcon.colcon_core.package_identification:_identify(clientapp/instance/jai/src) by extensions ['cmake', 'python']
[0.336s] Level 1:colcon.colcon_core.package_identification:_identify(clientapp/instance/jai/src) by extension 'cmake'
[0.336s] Level 1:colcon.colcon_core.package_identification:_identify(clientapp/instance/jai/src) by extension 'python'
[0.336s] Level 1:colcon.colcon_core.package_identification:_identify(clientapp/instance/jai/src) by extensions ['python_setup_py']
[0.336s] Level 1:colcon.colcon_core.package_identification:_identify(clientapp/instance/jai/src) by extension 'python_setup_py'
[0.336s] Level 1:colcon.colcon_core.package_identification:_identify(clientapp/instance/jai/src/acquire) by extensions ['ignore', 'ignore_ament_install']
[0.336s] Level 1:colcon.colcon_core.package_identification:_identify(clientapp/instance/jai/src/acquire) by extension 'ignore'
[0.336s] Level 1:colcon.colcon_core.package_identification:_identify(clientapp/instance/jai/src/acquire) by extension 'ignore_ament_install'
[0.337s] Level 1:colcon.colcon_core.package_identification:_identify(clientapp/instance/jai/src/acquire) by extensions ['colcon_pkg']
[0.337s] Level 1:colcon.colcon_core.package_identification:_identify(clientapp/instance/jai/src/acquire) by extension 'colcon_pkg'
[0.337s] Level 1:colcon.colcon_core.package_identification:_identify(clientapp/instance/jai/src/acquire) by extensions ['colcon_meta']
[0.337s] Level 1:colcon.colcon_core.package_identification:_identify(clientapp/instance/jai/src/acquire) by extension 'colcon_meta'
[0.337s] Level 1:colcon.colcon_core.package_identification:_identify(clientapp/instance/jai/src/acquire) by extensions ['ros']
[0.337s] Level 1:colcon.colcon_core.package_identification:_identify(clientapp/instance/jai/src/acquire) by extension 'ros'
[0.337s] Level 1:colcon.colcon_core.package_identification:_identify(clientapp/instance/jai/src/acquire) by extensions ['cmake', 'python']
[0.337s] Level 1:colcon.colcon_core.package_identification:_identify(clientapp/instance/jai/src/acquire) by extension 'cmake'
[0.337s] Level 1:colcon.colcon_core.package_identification:_identify(clientapp/instance/jai/src/acquire) by extension 'python'
[0.337s] Level 1:colcon.colcon_core.package_identification:_identify(clientapp/instance/jai/src/acquire) by extensions ['python_setup_py']
[0.337s] Level 1:colcon.colcon_core.package_identification:_identify(clientapp/instance/jai/src/acquire) by extension 'python_setup_py'
[0.337s] Level 1:colcon.colcon_core.package_identification:_identify(clientapp/instance/jai/src/camera) by extensions ['ignore', 'ignore_ament_install']
[0.337s] Level 1:colcon.colcon_core.package_identification:_identify(clientapp/instance/jai/src/camera) by extension 'ignore'
[0.337s] Level 1:colcon.colcon_core.package_identification:_identify(clientapp/instance/jai/src/camera) by extension 'ignore_ament_install'
[0.337s] Level 1:colcon.colcon_core.package_identification:_identify(clientapp/instance/jai/src/camera) by extensions ['colcon_pkg']
[0.337s] Level 1:colcon.colcon_core.package_identification:_identify(clientapp/instance/jai/src/camera) by extension 'colcon_pkg'
[0.337s] Level 1:colcon.colcon_core.package_identification:_identify(clientapp/instance/jai/src/camera) by extensions ['colcon_meta']
[0.337s] Level 1:colcon.colcon_core.package_identification:_identify(clientapp/instance/jai/src/camera) by extension 'colcon_meta'
[0.337s] Level 1:colcon.colcon_core.package_identification:_identify(clientapp/instance/jai/src/camera) by extensions ['ros']
[0.337s] Level 1:colcon.colcon_core.package_identification:_identify(clientapp/instance/jai/src/camera) by extension 'ros'
[0.337s] Level 1:colcon.colcon_core.package_identification:_identify(clientapp/instance/jai/src/camera) by extensions ['cmake', 'python']
[0.337s] Level 1:colcon.colcon_core.package_identification:_identify(clientapp/instance/jai/src/camera) by extension 'cmake'
[0.337s] Level 1:colcon.colcon_core.package_identification:_identify(clientapp/instance/jai/src/camera) by extension 'python'
[0.337s] Level 1:colcon.colcon_core.package_identification:_identify(clientapp/instance/jai/src/camera) by extensions ['python_setup_py']
[0.337s] Level 1:colcon.colcon_core.package_identification:_identify(clientapp/instance/jai/src/camera) by extension 'python_setup_py'
[0.337s] Level 1:colcon.colcon_core.package_identification:_identify(clientapp/instance/jai/src/device) by extensions ['ignore', 'ignore_ament_install']
[0.337s] Level 1:colcon.colcon_core.package_identification:_identify(clientapp/instance/jai/src/device) by extension 'ignore'
[0.337s] Level 1:colcon.colcon_core.package_identification:_identify(clientapp/instance/jai/src/device) by extension 'ignore_ament_install'
[0.337s] Level 1:colcon.colcon_core.package_identification:_identify(clientapp/instance/jai/src/device) by extensions ['colcon_pkg']
[0.337s] Level 1:colcon.colcon_core.package_identification:_identify(clientapp/instance/jai/src/device) by extension 'colcon_pkg'
[0.337s] Level 1:colcon.colcon_core.package_identification:_identify(clientapp/instance/jai/src/device) by extensions ['colcon_meta']
[0.337s] Level 1:colcon.colcon_core.package_identification:_identify(clientapp/instance/jai/src/device) by extension 'colcon_meta'
[0.337s] Level 1:colcon.colcon_core.package_identification:_identify(clientapp/instance/jai/src/device) by extensions ['ros']
[0.337s] Level 1:colcon.colcon_core.package_identification:_identify(clientapp/instance/jai/src/device) by extension 'ros'
[0.337s] Level 1:colcon.colcon_core.package_identification:_identify(clientapp/instance/jai/src/device) by extensions ['cmake', 'python']
[0.337s] Level 1:colcon.colcon_core.package_identification:_identify(clientapp/instance/jai/src/device) by extension 'cmake'
[0.337s] Level 1:colcon.colcon_core.package_identification:_identify(clientapp/instance/jai/src/device) by extension 'python'
[0.337s] Level 1:colcon.colcon_core.package_identification:_identify(clientapp/instance/jai/src/device) by extensions ['python_setup_py']
[0.337s] Level 1:colcon.colcon_core.package_identification:_identify(clientapp/instance/jai/src/device) by extension 'python_setup_py'
[0.338s] Level 1:colcon.colcon_core.package_identification:_identify(clientapp/instance/jai/src/logger) by extensions ['ignore', 'ignore_ament_install']
[0.338s] Level 1:colcon.colcon_core.package_identification:_identify(clientapp/instance/jai/src/logger) by extension 'ignore'
[0.338s] Level 1:colcon.colcon_core.package_identification:_identify(clientapp/instance/jai/src/logger) by extension 'ignore_ament_install'
[0.338s] Level 1:colcon.colcon_core.package_identification:_identify(clientapp/instance/jai/src/logger) by extensions ['colcon_pkg']
[0.338s] Level 1:colcon.colcon_core.package_identification:_identify(clientapp/instance/jai/src/logger) by extension 'colcon_pkg'
[0.338s] Level 1:colcon.colcon_core.package_identification:_identify(clientapp/instance/jai/src/logger) by extensions ['colcon_meta']
[0.338s] Level 1:colcon.colcon_core.package_identification:_identify(clientapp/instance/jai/src/logger) by extension 'colcon_meta'
[0.338s] Level 1:colcon.colcon_core.package_identification:_identify(clientapp/instance/jai/src/logger) by extensions ['ros']
[0.338s] Level 1:colcon.colcon_core.package_identification:_identify(clientapp/instance/jai/src/logger) by extension 'ros'
[0.338s] Level 1:colcon.colcon_core.package_identification:_identify(clientapp/instance/jai/src/logger) by extensions ['cmake', 'python']
[0.338s] Level 1:colcon.colcon_core.package_identification:_identify(clientapp/instance/jai/src/logger) by extension 'cmake'
[0.338s] Level 1:colcon.colcon_core.package_identification:_identify(clientapp/instance/jai/src/logger) by extension 'python'
[0.338s] Level 1:colcon.colcon_core.package_identification:_identify(clientapp/instance/jai/src/logger) by extensions ['python_setup_py']
[0.338s] Level 1:colcon.colcon_core.package_identification:_identify(clientapp/instance/jai/src/logger) by extension 'python_setup_py'
[0.338s] Level 1:colcon.colcon_core.package_identification:_identify(clientapp/instance/jai/src/stream) by extensions ['ignore', 'ignore_ament_install']
[0.338s] Level 1:colcon.colcon_core.package_identification:_identify(clientapp/instance/jai/src/stream) by extension 'ignore'
[0.338s] Level 1:colcon.colcon_core.package_identification:_identify(clientapp/instance/jai/src/stream) by extension 'ignore_ament_install'
[0.338s] Level 1:colcon.colcon_core.package_identification:_identify(clientapp/instance/jai/src/stream) by extensions ['colcon_pkg']
[0.338s] Level 1:colcon.colcon_core.package_identification:_identify(clientapp/instance/jai/src/stream) by extension 'colcon_pkg'
[0.338s] Level 1:colcon.colcon_core.package_identification:_identify(clientapp/instance/jai/src/stream) by extensions ['colcon_meta']
[0.338s] Level 1:colcon.colcon_core.package_identification:_identify(clientapp/instance/jai/src/stream) by extension 'colcon_meta'
[0.338s] Level 1:colcon.colcon_core.package_identification:_identify(clientapp/instance/jai/src/stream) by extensions ['ros']
[0.338s] Level 1:colcon.colcon_core.package_identification:_identify(clientapp/instance/jai/src/stream) by extension 'ros'
[0.338s] Level 1:colcon.colcon_core.package_identification:_identify(clientapp/instance/jai/src/stream) by extensions ['cmake', 'python']
[0.338s] Level 1:colcon.colcon_core.package_identification:_identify(clientapp/instance/jai/src/stream) by extension 'cmake'
[0.338s] Level 1:colcon.colcon_core.package_identification:_identify(clientapp/instance/jai/src/stream) by extension 'python'
[0.338s] Level 1:colcon.colcon_core.package_identification:_identify(clientapp/instance/jai/src/stream) by extensions ['python_setup_py']
[0.338s] Level 1:colcon.colcon_core.package_identification:_identify(clientapp/instance/jai/src/stream) by extension 'python_setup_py'
[0.338s] Level 1:colcon.colcon_core.package_identification:_identify(clientapp/instance/jai_bridge) by extensions ['ignore', 'ignore_ament_install']
[0.338s] Level 1:colcon.colcon_core.package_identification:_identify(clientapp/instance/jai_bridge) by extension 'ignore'
[0.338s] Level 1:colcon.colcon_core.package_identification:_identify(clientapp/instance/jai_bridge) by extension 'ignore_ament_install'
[0.338s] Level 1:colcon.colcon_core.package_identification:_identify(clientapp/instance/jai_bridge) by extensions ['colcon_pkg']
[0.338s] Level 1:colcon.colcon_core.package_identification:_identify(clientapp/instance/jai_bridge) by extension 'colcon_pkg'
[0.338s] Level 1:colcon.colcon_core.package_identification:_identify(clientapp/instance/jai_bridge) by extensions ['colcon_meta']
[0.338s] Level 1:colcon.colcon_core.package_identification:_identify(clientapp/instance/jai_bridge) by extension 'colcon_meta'
[0.338s] Level 1:colcon.colcon_core.package_identification:_identify(clientapp/instance/jai_bridge) by extensions ['ros']
[0.339s] Level 1:colcon.colcon_core.package_identification:_identify(clientapp/instance/jai_bridge) by extension 'ros'
[0.339s] Level 1:colcon.colcon_core.package_identification:_identify(clientapp/instance/jai_bridge) by extensions ['cmake', 'python']
[0.339s] Level 1:colcon.colcon_core.package_identification:_identify(clientapp/instance/jai_bridge) by extension 'cmake'
[0.339s] Level 1:colcon.colcon_core.package_identification:_identify(clientapp/instance/jai_bridge) by extension 'python'
[0.339s] Level 1:colcon.colcon_core.package_identification:_identify(clientapp/instance/jai_bridge) by extensions ['python_setup_py']
[0.339s] Level 1:colcon.colcon_core.package_identification:_identify(clientapp/instance/jai_bridge) by extension 'python_setup_py'
[0.339s] Level 1:colcon.colcon_core.package_identification:_identify(clientapp/instance/jai_bridge/modules) by extensions ['ignore', 'ignore_ament_install']
[0.339s] Level 1:colcon.colcon_core.package_identification:_identify(clientapp/instance/jai_bridge/modules) by extension 'ignore'
[0.339s] Level 1:colcon.colcon_core.package_identification:_identify(clientapp/instance/jai_bridge/modules) by extension 'ignore_ament_install'
[0.339s] Level 1:colcon.colcon_core.package_identification:_identify(clientapp/instance/jai_bridge/modules) by extensions ['colcon_pkg']
[0.339s] Level 1:colcon.colcon_core.package_identification:_identify(clientapp/instance/jai_bridge/modules) by extension 'colcon_pkg'
[0.339s] Level 1:colcon.colcon_core.package_identification:_identify(clientapp/instance/jai_bridge/modules) by extensions ['colcon_meta']
[0.339s] Level 1:colcon.colcon_core.package_identification:_identify(clientapp/instance/jai_bridge/modules) by extension 'colcon_meta'
[0.339s] Level 1:colcon.colcon_core.package_identification:_identify(clientapp/instance/jai_bridge/modules) by extensions ['ros']
[0.339s] Level 1:colcon.colcon_core.package_identification:_identify(clientapp/instance/jai_bridge/modules) by extension 'ros'
[0.339s] Level 1:colcon.colcon_core.package_identification:_identify(clientapp/instance/jai_bridge/modules) by extensions ['cmake', 'python']
[0.339s] Level 1:colcon.colcon_core.package_identification:_identify(clientapp/instance/jai_bridge/modules) by extension 'cmake'
[0.339s] Level 1:colcon.colcon_core.package_identification:_identify(clientapp/instance/jai_bridge/modules) by extension 'python'
[0.339s] Level 1:colcon.colcon_core.package_identification:_identify(clientapp/instance/jai_bridge/modules) by extensions ['python_setup_py']
[0.339s] Level 1:colcon.colcon_core.package_identification:_identify(clientapp/instance/jai_bridge/modules) by extension 'python_setup_py'
[0.339s] Level 1:colcon.colcon_core.package_identification:_identify(clientapp/instance/laptop) by extensions ['ignore', 'ignore_ament_install']
[0.339s] Level 1:colcon.colcon_core.package_identification:_identify(clientapp/instance/laptop) by extension 'ignore'
[0.339s] Level 1:colcon.colcon_core.package_identification:_identify(clientapp/instance/laptop) by extension 'ignore_ament_install'
[0.339s] Level 1:colcon.colcon_core.package_identification:_identify(clientapp/instance/laptop) by extensions ['colcon_pkg']
[0.339s] Level 1:colcon.colcon_core.package_identification:_identify(clientapp/instance/laptop) by extension 'colcon_pkg'
[0.339s] Level 1:colcon.colcon_core.package_identification:_identify(clientapp/instance/laptop) by extensions ['colcon_meta']
[0.339s] Level 1:colcon.colcon_core.package_identification:_identify(clientapp/instance/laptop) by extension 'colcon_meta'
[0.339s] Level 1:colcon.colcon_core.package_identification:_identify(clientapp/instance/laptop) by extensions ['ros']
[0.339s] Level 1:colcon.colcon_core.package_identification:_identify(clientapp/instance/laptop) by extension 'ros'
[0.339s] Level 1:colcon.colcon_core.package_identification:_identify(clientapp/instance/laptop) by extensions ['cmake', 'python']
[0.339s] Level 1:colcon.colcon_core.package_identification:_identify(clientapp/instance/laptop) by extension 'cmake'
[0.339s] Level 1:colcon.colcon_core.package_identification:_identify(clientapp/instance/laptop) by extension 'python'
[0.339s] Level 1:colcon.colcon_core.package_identification:_identify(clientapp/instance/laptop) by extensions ['python_setup_py']
[0.339s] Level 1:colcon.colcon_core.package_identification:_identify(clientapp/instance/laptop) by extension 'python_setup_py'
[0.340s] Level 1:colcon.colcon_core.package_identification:_identify(clientapp/instance/logger) by extensions ['ignore', 'ignore_ament_install']
[0.340s] Level 1:colcon.colcon_core.package_identification:_identify(clientapp/instance/logger) by extension 'ignore'
[0.340s] Level 1:colcon.colcon_core.package_identification:_identify(clientapp/instance/logger) by extension 'ignore_ament_install'
[0.340s] Level 1:colcon.colcon_core.package_identification:_identify(clientapp/instance/logger) by extensions ['colcon_pkg']
[0.340s] Level 1:colcon.colcon_core.package_identification:_identify(clientapp/instance/logger) by extension 'colcon_pkg'
[0.340s] Level 1:colcon.colcon_core.package_identification:_identify(clientapp/instance/logger) by extensions ['colcon_meta']
[0.340s] Level 1:colcon.colcon_core.package_identification:_identify(clientapp/instance/logger) by extension 'colcon_meta'
[0.340s] Level 1:colcon.colcon_core.package_identification:_identify(clientapp/instance/logger) by extensions ['ros']
[0.340s] Level 1:colcon.colcon_core.package_identification:_identify(clientapp/instance/logger) by extension 'ros'
[0.340s] Level 1:colcon.colcon_core.package_identification:_identify(clientapp/instance/logger) by extensions ['cmake', 'python']
[0.340s] Level 1:colcon.colcon_core.package_identification:_identify(clientapp/instance/logger) by extension 'cmake'
[0.340s] Level 1:colcon.colcon_core.package_identification:_identify(clientapp/instance/logger) by extension 'python'
[0.340s] Level 1:colcon.colcon_core.package_identification:_identify(clientapp/instance/logger) by extensions ['python_setup_py']
[0.340s] Level 1:colcon.colcon_core.package_identification:_identify(clientapp/instance/logger) by extension 'python_setup_py'
[0.340s] Level 1:colcon.colcon_core.package_identification:_identify(clientapp/instance/lucid) by extensions ['ignore', 'ignore_ament_install']
[0.340s] Level 1:colcon.colcon_core.package_identification:_identify(clientapp/instance/lucid) by extension 'ignore'
[0.340s] Level 1:colcon.colcon_core.package_identification:_identify(clientapp/instance/lucid) by extension 'ignore_ament_install'
[0.340s] Level 1:colcon.colcon_core.package_identification:_identify(clientapp/instance/lucid) by extensions ['colcon_pkg']
[0.340s] Level 1:colcon.colcon_core.package_identification:_identify(clientapp/instance/lucid) by extension 'colcon_pkg'
[0.340s] Level 1:colcon.colcon_core.package_identification:_identify(clientapp/instance/lucid) by extensions ['colcon_meta']
[0.340s] Level 1:colcon.colcon_core.package_identification:_identify(clientapp/instance/lucid) by extension 'colcon_meta'
[0.340s] Level 1:colcon.colcon_core.package_identification:_identify(clientapp/instance/lucid) by extensions ['ros']
[0.340s] Level 1:colcon.colcon_core.package_identification:_identify(clientapp/instance/lucid) by extension 'ros'
[0.340s] Level 1:colcon.colcon_core.package_identification:_identify(clientapp/instance/lucid) by extensions ['cmake', 'python']
[0.340s] Level 1:colcon.colcon_core.package_identification:_identify(clientapp/instance/lucid) by extension 'cmake'
[0.340s] Level 1:colcon.colcon_core.package_identification:_identify(clientapp/instance/lucid) by extension 'python'
[0.340s] Level 1:colcon.colcon_core.package_identification:_identify(clientapp/instance/lucid) by extensions ['python_setup_py']
[0.340s] Level 1:colcon.colcon_core.package_identification:_identify(clientapp/instance/lucid) by extension 'python_setup_py'
[0.340s] Level 1:colcon.colcon_core.package_identification:_identify(clientapp/instance/lucid/sensors) by extensions ['ignore', 'ignore_ament_install']
[0.340s] Level 1:colcon.colcon_core.package_identification:_identify(clientapp/instance/lucid/sensors) by extension 'ignore'
[0.340s] Level 1:colcon.colcon_core.package_identification:_identify(clientapp/instance/lucid/sensors) by extension 'ignore_ament_install'
[0.340s] Level 1:colcon.colcon_core.package_identification:_identify(clientapp/instance/lucid/sensors) by extensions ['colcon_pkg']
[0.340s] Level 1:colcon.colcon_core.package_identification:_identify(clientapp/instance/lucid/sensors) by extension 'colcon_pkg'
[0.340s] Level 1:colcon.colcon_core.package_identification:_identify(clientapp/instance/lucid/sensors) by extensions ['colcon_meta']
[0.340s] Level 1:colcon.colcon_core.package_identification:_identify(clientapp/instance/lucid/sensors) by extension 'colcon_meta'
[0.340s] Level 1:colcon.colcon_core.package_identification:_identify(clientapp/instance/lucid/sensors) by extensions ['ros']
[0.340s] Level 1:colcon.colcon_core.package_identification:_identify(clientapp/instance/lucid/sensors) by extension 'ros'
[0.340s] Level 1:colcon.colcon_core.package_identification:_identify(clientapp/instance/lucid/sensors) by extensions ['cmake', 'python']
[0.340s] Level 1:colcon.colcon_core.package_identification:_identify(clientapp/instance/lucid/sensors) by extension 'cmake'
[0.340s] Level 1:colcon.colcon_core.package_identification:_identify(clientapp/instance/lucid/sensors) by extension 'python'
[0.340s] Level 1:colcon.colcon_core.package_identification:_identify(clientapp/instance/lucid/sensors) by extensions ['python_setup_py']
[0.340s] Level 1:colcon.colcon_core.package_identification:_identify(clientapp/instance/lucid/sensors) by extension 'python_setup_py'
[0.341s] Level 1:colcon.colcon_core.package_identification:_identify(clientapp/instance/lucid/sensors/cameras) by extensions ['ignore', 'ignore_ament_install']
[0.341s] Level 1:colcon.colcon_core.package_identification:_identify(clientapp/instance/lucid/sensors/cameras) by extension 'ignore'
[0.341s] Level 1:colcon.colcon_core.package_identification:_identify(clientapp/instance/lucid/sensors/cameras) by extension 'ignore_ament_install'
[0.341s] Level 1:colcon.colcon_core.package_identification:_identify(clientapp/instance/lucid/sensors/cameras) by extensions ['colcon_pkg']
[0.341s] Level 1:colcon.colcon_core.package_identification:_identify(clientapp/instance/lucid/sensors/cameras) by extension 'colcon_pkg'
[0.341s] Level 1:colcon.colcon_core.package_identification:_identify(clientapp/instance/lucid/sensors/cameras) by extensions ['colcon_meta']
[0.341s] Level 1:colcon.colcon_core.package_identification:_identify(clientapp/instance/lucid/sensors/cameras) by extension 'colcon_meta'
[0.341s] Level 1:colcon.colcon_core.package_identification:_identify(clientapp/instance/lucid/sensors/cameras) by extensions ['ros']
[0.341s] Level 1:colcon.colcon_core.package_identification:_identify(clientapp/instance/lucid/sensors/cameras) by extension 'ros'
[0.341s] Level 1:colcon.colcon_core.package_identification:_identify(clientapp/instance/lucid/sensors/cameras) by extensions ['cmake', 'python']
[0.341s] Level 1:colcon.colcon_core.package_identification:_identify(clientapp/instance/lucid/sensors/cameras) by extension 'cmake'
[0.341s] Level 1:colcon.colcon_core.package_identification:_identify(clientapp/instance/lucid/sensors/cameras) by extension 'python'
[0.341s] Level 1:colcon.colcon_core.package_identification:_identify(clientapp/instance/lucid/sensors/cameras) by extensions ['python_setup_py']
[0.341s] Level 1:colcon.colcon_core.package_identification:_identify(clientapp/instance/lucid/sensors/cameras) by extension 'python_setup_py'
[0.341s] Level 1:colcon.colcon_core.package_identification:_identify(clientapp/instance/lucid/sensors/lidar) by extensions ['ignore', 'ignore_ament_install']
[0.341s] Level 1:colcon.colcon_core.package_identification:_identify(clientapp/instance/lucid/sensors/lidar) by extension 'ignore'
[0.341s] Level 1:colcon.colcon_core.package_identification:_identify(clientapp/instance/lucid/sensors/lidar) by extension 'ignore_ament_install'
[0.341s] Level 1:colcon.colcon_core.package_identification:_identify(clientapp/instance/lucid/sensors/lidar) by extensions ['colcon_pkg']
[0.341s] Level 1:colcon.colcon_core.package_identification:_identify(clientapp/instance/lucid/sensors/lidar) by extension 'colcon_pkg'
[0.341s] Level 1:colcon.colcon_core.package_identification:_identify(clientapp/instance/lucid/sensors/lidar) by extensions ['colcon_meta']
[0.341s] Level 1:colcon.colcon_core.package_identification:_identify(clientapp/instance/lucid/sensors/lidar) by extension 'colcon_meta'
[0.341s] Level 1:colcon.colcon_core.package_identification:_identify(clientapp/instance/lucid/sensors/lidar) by extensions ['ros']
[0.341s] Level 1:colcon.colcon_core.package_identification:_identify(clientapp/instance/lucid/sensors/lidar) by extension 'ros'
[0.341s] Level 1:colcon.colcon_core.package_identification:_identify(clientapp/instance/lucid/sensors/lidar) by extensions ['cmake', 'python']
[0.341s] Level 1:colcon.colcon_core.package_identification:_identify(clientapp/instance/lucid/sensors/lidar) by extension 'cmake'
[0.341s] Level 1:colcon.colcon_core.package_identification:_identify(clientapp/instance/lucid/sensors/lidar) by extension 'python'
[0.341s] Level 1:colcon.colcon_core.package_identification:_identify(clientapp/instance/lucid/sensors/lidar) by extensions ['python_setup_py']
[0.341s] Level 1:colcon.colcon_core.package_identification:_identify(clientapp/instance/lucid/sensors/lidar) by extension 'python_setup_py'
[0.341s] Level 1:colcon.colcon_core.package_identification:_identify(clientapp/instance/ouster_lidar) by extensions ['ignore', 'ignore_ament_install']
[0.341s] Level 1:colcon.colcon_core.package_identification:_identify(clientapp/instance/ouster_lidar) by extension 'ignore'
[0.341s] Level 1:colcon.colcon_core.package_identification:_identify(clientapp/instance/ouster_lidar) by extension 'ignore_ament_install'
[0.341s] Level 1:colcon.colcon_core.package_identification:_identify(clientapp/instance/ouster_lidar) by extensions ['colcon_pkg']
[0.341s] Level 1:colcon.colcon_core.package_identification:_identify(clientapp/instance/ouster_lidar) by extension 'colcon_pkg'
[0.341s] Level 1:colcon.colcon_core.package_identification:_identify(clientapp/instance/ouster_lidar) by extensions ['colcon_meta']
[0.341s] Level 1:colcon.colcon_core.package_identification:_identify(clientapp/instance/ouster_lidar) by extension 'colcon_meta'
[0.341s] Level 1:colcon.colcon_core.package_identification:_identify(clientapp/instance/ouster_lidar) by extensions ['ros']
[0.341s] Level 1:colcon.colcon_core.package_identification:_identify(clientapp/instance/ouster_lidar) by extension 'ros'
[0.341s] Level 1:colcon.colcon_core.package_identification:_identify(clientapp/instance/ouster_lidar) by extensions ['cmake', 'python']
[0.341s] Level 1:colcon.colcon_core.package_identification:_identify(clientapp/instance/ouster_lidar) by extension 'cmake'
[0.341s] Level 1:colcon.colcon_core.package_identification:_identify(clientapp/instance/ouster_lidar) by extension 'python'
[0.341s] Level 1:colcon.colcon_core.package_identification:_identify(clientapp/instance/ouster_lidar) by extensions ['python_setup_py']
[0.341s] Level 1:colcon.colcon_core.package_identification:_identify(clientapp/instance/ouster_lidar) by extension 'python_setup_py'
[0.342s] Level 1:colcon.colcon_core.package_identification:_identify(clientapp/instance/ranger) by extensions ['ignore', 'ignore_ament_install']
[0.342s] Level 1:colcon.colcon_core.package_identification:_identify(clientapp/instance/ranger) by extension 'ignore'
[0.342s] Level 1:colcon.colcon_core.package_identification:_identify(clientapp/instance/ranger) by extension 'ignore_ament_install'
[0.342s] Level 1:colcon.colcon_core.package_identification:_identify(clientapp/instance/ranger) by extensions ['colcon_pkg']
[0.342s] Level 1:colcon.colcon_core.package_identification:_identify(clientapp/instance/ranger) by extension 'colcon_pkg'
[0.342s] Level 1:colcon.colcon_core.package_identification:_identify(clientapp/instance/ranger) by extensions ['colcon_meta']
[0.342s] Level 1:colcon.colcon_core.package_identification:_identify(clientapp/instance/ranger) by extension 'colcon_meta'
[0.342s] Level 1:colcon.colcon_core.package_identification:_identify(clientapp/instance/ranger) by extensions ['ros']
[0.342s] Level 1:colcon.colcon_core.package_identification:_identify(clientapp/instance/ranger) by extension 'ros'
[0.342s] Level 1:colcon.colcon_core.package_identification:_identify(clientapp/instance/ranger) by extensions ['cmake', 'python']
[0.342s] Level 1:colcon.colcon_core.package_identification:_identify(clientapp/instance/ranger) by extension 'cmake'
[0.342s] Level 1:colcon.colcon_core.package_identification:_identify(clientapp/instance/ranger) by extension 'python'
[0.342s] Level 1:colcon.colcon_core.package_identification:_identify(clientapp/instance/ranger) by extensions ['python_setup_py']
[0.342s] Level 1:colcon.colcon_core.package_identification:_identify(clientapp/instance/ranger) by extension 'python_setup_py'
[0.342s] Level 1:colcon.colcon_core.package_identification:_identify(clientapp/instance/slam) by extensions ['ignore', 'ignore_ament_install']
[0.342s] Level 1:colcon.colcon_core.package_identification:_identify(clientapp/instance/slam) by extension 'ignore'
[0.342s] Level 1:colcon.colcon_core.package_identification:_identify(clientapp/instance/slam) by extension 'ignore_ament_install'
[0.342s] Level 1:colcon.colcon_core.package_identification:_identify(clientapp/instance/slam) by extensions ['colcon_pkg']
[0.342s] Level 1:colcon.colcon_core.package_identification:_identify(clientapp/instance/slam) by extension 'colcon_pkg'
[0.342s] Level 1:colcon.colcon_core.package_identification:_identify(clientapp/instance/slam) by extensions ['colcon_meta']
[0.342s] Level 1:colcon.colcon_core.package_identification:_identify(clientapp/instance/slam) by extension 'colcon_meta'
[0.342s] Level 1:colcon.colcon_core.package_identification:_identify(clientapp/instance/slam) by extensions ['ros']
[0.342s] Level 1:colcon.colcon_core.package_identification:_identify(clientapp/instance/slam) by extension 'ros'
[0.342s] Level 1:colcon.colcon_core.package_identification:_identify(clientapp/instance/slam) by extensions ['cmake', 'python']
[0.342s] Level 1:colcon.colcon_core.package_identification:_identify(clientapp/instance/slam) by extension 'cmake'
[0.342s] Level 1:colcon.colcon_core.package_identification:_identify(clientapp/instance/slam) by extension 'python'
[0.342s] Level 1:colcon.colcon_core.package_identification:_identify(clientapp/instance/slam) by extensions ['python_setup_py']
[0.342s] Level 1:colcon.colcon_core.package_identification:_identify(clientapp/instance/slam) by extension 'python_setup_py'
[0.342s] Level 1:colcon.colcon_core.package_identification:_identify(clientapp/nginx) by extensions ['ignore', 'ignore_ament_install']
[0.342s] Level 1:colcon.colcon_core.package_identification:_identify(clientapp/nginx) by extension 'ignore'
[0.342s] Level 1:colcon.colcon_core.package_identification:_identify(clientapp/nginx) by extension 'ignore_ament_install'
[0.342s] Level 1:colcon.colcon_core.package_identification:_identify(clientapp/nginx) by extensions ['colcon_pkg']
[0.342s] Level 1:colcon.colcon_core.package_identification:_identify(clientapp/nginx) by extension 'colcon_pkg'
[0.342s] Level 1:colcon.colcon_core.package_identification:_identify(clientapp/nginx) by extensions ['colcon_meta']
[0.342s] Level 1:colcon.colcon_core.package_identification:_identify(clientapp/nginx) by extension 'colcon_meta'
[0.342s] Level 1:colcon.colcon_core.package_identification:_identify(clientapp/nginx) by extensions ['ros']
[0.343s] Level 1:colcon.colcon_core.package_identification:_identify(clientapp/nginx) by extension 'ros'
[0.343s] Level 1:colcon.colcon_core.package_identification:_identify(clientapp/nginx) by extensions ['cmake', 'python']
[0.343s] Level 1:colcon.colcon_core.package_identification:_identify(clientapp/nginx) by extension 'cmake'
[0.343s] Level 1:colcon.colcon_core.package_identification:_identify(clientapp/nginx) by extension 'python'
[0.343s] Level 1:colcon.colcon_core.package_identification:_identify(clientapp/nginx) by extensions ['python_setup_py']
[0.343s] Level 1:colcon.colcon_core.package_identification:_identify(clientapp/nginx) by extension 'python_setup_py'
[0.343s] Level 1:colcon.colcon_core.package_identification:_identify(clientapp/nodes) by extensions ['ignore', 'ignore_ament_install']
[0.343s] Level 1:colcon.colcon_core.package_identification:_identify(clientapp/nodes) by extension 'ignore'
[0.343s] Level 1:colcon.colcon_core.package_identification:_identify(clientapp/nodes) by extension 'ignore_ament_install'
[0.343s] Level 1:colcon.colcon_core.package_identification:_identify(clientapp/nodes) by extensions ['colcon_pkg']
[0.343s] Level 1:colcon.colcon_core.package_identification:_identify(clientapp/nodes) by extension 'colcon_pkg'
[0.343s] Level 1:colcon.colcon_core.package_identification:_identify(clientapp/nodes) by extensions ['colcon_meta']
[0.343s] Level 1:colcon.colcon_core.package_identification:_identify(clientapp/nodes) by extension 'colcon_meta'
[0.343s] Level 1:colcon.colcon_core.package_identification:_identify(clientapp/nodes) by extensions ['ros']
[0.343s] Level 1:colcon.colcon_core.package_identification:_identify(clientapp/nodes) by extension 'ros'
[0.343s] Level 1:colcon.colcon_core.package_identification:_identify(clientapp/nodes) by extensions ['cmake', 'python']
[0.343s] Level 1:colcon.colcon_core.package_identification:_identify(clientapp/nodes) by extension 'cmake'
[0.343s] Level 1:colcon.colcon_core.package_identification:_identify(clientapp/nodes) by extension 'python'
[0.343s] Level 1:colcon.colcon_core.package_identification:_identify(clientapp/nodes) by extensions ['python_setup_py']
[0.343s] Level 1:colcon.colcon_core.package_identification:_identify(clientapp/nodes) by extension 'python_setup_py'
[0.343s] Level 1:colcon.colcon_core.package_identification:_identify(clientapp/public) by extensions ['ignore', 'ignore_ament_install']
[0.343s] Level 1:colcon.colcon_core.package_identification:_identify(clientapp/public) by extension 'ignore'
[0.343s] Level 1:colcon.colcon_core.package_identification:_identify(clientapp/public) by extension 'ignore_ament_install'
[0.343s] Level 1:colcon.colcon_core.package_identification:_identify(clientapp/public) by extensions ['colcon_pkg']
[0.343s] Level 1:colcon.colcon_core.package_identification:_identify(clientapp/public) by extension 'colcon_pkg'
[0.343s] Level 1:colcon.colcon_core.package_identification:_identify(clientapp/public) by extensions ['colcon_meta']
[0.343s] Level 1:colcon.colcon_core.package_identification:_identify(clientapp/public) by extension 'colcon_meta'
[0.343s] Level 1:colcon.colcon_core.package_identification:_identify(clientapp/public) by extensions ['ros']
[0.343s] Level 1:colcon.colcon_core.package_identification:_identify(clientapp/public) by extension 'ros'
[0.343s] Level 1:colcon.colcon_core.package_identification:_identify(clientapp/public) by extensions ['cmake', 'python']
[0.343s] Level 1:colcon.colcon_core.package_identification:_identify(clientapp/public) by extension 'cmake'
[0.343s] Level 1:colcon.colcon_core.package_identification:_identify(clientapp/public) by extension 'python'
[0.343s] Level 1:colcon.colcon_core.package_identification:_identify(clientapp/public) by extensions ['python_setup_py']
[0.343s] Level 1:colcon.colcon_core.package_identification:_identify(clientapp/public) by extension 'python_setup_py'
[0.343s] Level 1:colcon.colcon_core.package_identification:_identify(clientapp/share) by extensions ['ignore', 'ignore_ament_install']
[0.344s] Level 1:colcon.colcon_core.package_identification:_identify(clientapp/share) by extension 'ignore'
[0.344s] Level 1:colcon.colcon_core.package_identification:_identify(clientapp/share) by extension 'ignore_ament_install'
[0.344s] Level 1:colcon.colcon_core.package_identification:_identify(clientapp/share) by extensions ['colcon_pkg']
[0.344s] Level 1:colcon.colcon_core.package_identification:_identify(clientapp/share) by extension 'colcon_pkg'
[0.344s] Level 1:colcon.colcon_core.package_identification:_identify(clientapp/share) by extensions ['colcon_meta']
[0.344s] Level 1:colcon.colcon_core.package_identification:_identify(clientapp/share) by extension 'colcon_meta'
[0.344s] Level 1:colcon.colcon_core.package_identification:_identify(clientapp/share) by extensions ['ros']
[0.344s] Level 1:colcon.colcon_core.package_identification:_identify(clientapp/share) by extension 'ros'
[0.344s] Level 1:colcon.colcon_core.package_identification:_identify(clientapp/share) by extensions ['cmake', 'python']
[0.344s] Level 1:colcon.colcon_core.package_identification:_identify(clientapp/share) by extension 'cmake'
[0.344s] Level 1:colcon.colcon_core.package_identification:_identify(clientapp/share) by extension 'python'
[0.344s] Level 1:colcon.colcon_core.package_identification:_identify(clientapp/share) by extensions ['python_setup_py']
[0.344s] Level 1:colcon.colcon_core.package_identification:_identify(clientapp/share) by extension 'python_setup_py'
[0.344s] Level 1:colcon.colcon_core.package_identification:_identify(downstream) by extensions ['ignore', 'ignore_ament_install']
[0.344s] Level 1:colcon.colcon_core.package_identification:_identify(downstream) by extension 'ignore'
[0.344s] Level 1:colcon.colcon_core.package_identification:_identify(downstream) by extension 'ignore_ament_install'
[0.344s] Level 1:colcon.colcon_core.package_identification:_identify(downstream) by extensions ['colcon_pkg']
[0.344s] Level 1:colcon.colcon_core.package_identification:_identify(downstream) by extension 'colcon_pkg'
[0.344s] Level 1:colcon.colcon_core.package_identification:_identify(downstream) by extensions ['colcon_meta']
[0.344s] Level 1:colcon.colcon_core.package_identification:_identify(downstream) by extension 'colcon_meta'
[0.344s] Level 1:colcon.colcon_core.package_identification:_identify(downstream) by extensions ['ros']
[0.344s] Level 1:colcon.colcon_core.package_identification:_identify(downstream) by extension 'ros'
[0.344s] Level 1:colcon.colcon_core.package_identification:_identify(downstream) by extensions ['cmake', 'python']
[0.344s] Level 1:colcon.colcon_core.package_identification:_identify(downstream) by extension 'cmake'
[0.344s] Level 1:colcon.colcon_core.package_identification:_identify(downstream) by extension 'python'
[0.344s] Level 1:colcon.colcon_core.package_identification:_identify(downstream) by extensions ['python_setup_py']
[0.344s] Level 1:colcon.colcon_core.package_identification:_identify(downstream) by extension 'python_setup_py'
[0.344s] Level 1:colcon.colcon_core.package_identification:_identify(install) by extensions ['ignore', 'ignore_ament_install']
[0.344s] Level 1:colcon.colcon_core.package_identification:_identify(install) by extension 'ignore'
[0.344s] Level 1:colcon.colcon_core.package_identification:_identify(install) ignored
[0.345s] Level 1:colcon.colcon_core.package_identification:_identify(log) by extensions ['ignore', 'ignore_ament_install']
[0.345s] Level 1:colcon.colcon_core.package_identification:_identify(log) by extension 'ignore'
[0.345s] Level 1:colcon.colcon_core.package_identification:_identify(log) ignored
[0.345s] Level 1:colcon.colcon_core.package_identification:_identify(piper_ws) by extensions ['ignore', 'ignore_ament_install']
[0.345s] Level 1:colcon.colcon_core.package_identification:_identify(piper_ws) by extension 'ignore'
[0.345s] Level 1:colcon.colcon_core.package_identification:_identify(piper_ws) by extension 'ignore_ament_install'
[0.345s] Level 1:colcon.colcon_core.package_identification:_identify(piper_ws) by extensions ['colcon_pkg']
[0.345s] Level 1:colcon.colcon_core.package_identification:_identify(piper_ws) by extension 'colcon_pkg'
[0.345s] Level 1:colcon.colcon_core.package_identification:_identify(piper_ws) by extensions ['colcon_meta']
[0.345s] Level 1:colcon.colcon_core.package_identification:_identify(piper_ws) by extension 'colcon_meta'
[0.345s] Level 1:colcon.colcon_core.package_identification:_identify(piper_ws) by extensions ['ros']
[0.345s] Level 1:colcon.colcon_core.package_identification:_identify(piper_ws) by extension 'ros'
[0.345s] Level 1:colcon.colcon_core.package_identification:_identify(piper_ws) by extensions ['cmake', 'python']
[0.345s] Level 1:colcon.colcon_core.package_identification:_identify(piper_ws) by extension 'cmake'
[0.345s] Level 1:colcon.colcon_core.package_identification:_identify(piper_ws) by extension 'python'
[0.345s] Level 1:colcon.colcon_core.package_identification:_identify(piper_ws) by extensions ['python_setup_py']
[0.345s] Level 1:colcon.colcon_core.package_identification:_identify(piper_ws) by extension 'python_setup_py'
[0.346s] Level 1:colcon.colcon_core.package_identification:_identify(piper_ws/build) by extensions ['ignore', 'ignore_ament_install']
[0.346s] Level 1:colcon.colcon_core.package_identification:_identify(piper_ws/build) by extension 'ignore'
[0.346s] Level 1:colcon.colcon_core.package_identification:_identify(piper_ws/build) ignored
[0.346s] Level 1:colcon.colcon_core.package_identification:_identify(piper_ws/install) by extensions ['ignore', 'ignore_ament_install']
[0.346s] Level 1:colcon.colcon_core.package_identification:_identify(piper_ws/install) by extension 'ignore'
[0.346s] Level 1:colcon.colcon_core.package_identification:_identify(piper_ws/install) ignored
[0.347s] Level 1:colcon.colcon_core.package_identification:_identify(piper_ws/log) by extensions ['ignore', 'ignore_ament_install']
[0.347s] Level 1:colcon.colcon_core.package_identification:_identify(piper_ws/log) by extension 'ignore'
[0.347s] Level 1:colcon.colcon_core.package_identification:_identify(piper_ws/log) ignored
[0.347s] Level 1:colcon.colcon_core.package_identification:_identify(piper_ws/src) by extensions ['ignore', 'ignore_ament_install']
[0.347s] Level 1:colcon.colcon_core.package_identification:_identify(piper_ws/src) by extension 'ignore'
[0.347s] Level 1:colcon.colcon_core.package_identification:_identify(piper_ws/src) by extension 'ignore_ament_install'
[0.347s] Level 1:colcon.colcon_core.package_identification:_identify(piper_ws/src) by extensions ['colcon_pkg']
[0.347s] Level 1:colcon.colcon_core.package_identification:_identify(piper_ws/src) by extension 'colcon_pkg'
[0.347s] Level 1:colcon.colcon_core.package_identification:_identify(piper_ws/src) by extensions ['colcon_meta']
[0.347s] Level 1:colcon.colcon_core.package_identification:_identify(piper_ws/src) by extension 'colcon_meta'
[0.347s] Level 1:colcon.colcon_core.package_identification:_identify(piper_ws/src) by extensions ['ros']
[0.347s] Level 1:colcon.colcon_core.package_identification:_identify(piper_ws/src) by extension 'ros'
[0.347s] Level 1:colcon.colcon_core.package_identification:_identify(piper_ws/src) by extensions ['cmake', 'python']
[0.347s] Level 1:colcon.colcon_core.package_identification:_identify(piper_ws/src) by extension 'cmake'
[0.347s] Level 1:colcon.colcon_core.package_identification:_identify(piper_ws/src) by extension 'python'
[0.347s] Level 1:colcon.colcon_core.package_identification:_identify(piper_ws/src) by extensions ['python_setup_py']
[0.347s] Level 1:colcon.colcon_core.package_identification:_identify(piper_ws/src) by extension 'python_setup_py'
[0.347s] Level 1:colcon.colcon_core.package_identification:_identify(piper_ws/src/Piper_ros) by extensions ['ignore', 'ignore_ament_install']
[0.347s] Level 1:colcon.colcon_core.package_identification:_identify(piper_ws/src/Piper_ros) by extension 'ignore'
[0.347s] Level 1:colcon.colcon_core.package_identification:_identify(piper_ws/src/Piper_ros) by extension 'ignore_ament_install'
[0.347s] Level 1:colcon.colcon_core.package_identification:_identify(piper_ws/src/Piper_ros) by extensions ['colcon_pkg']
[0.347s] Level 1:colcon.colcon_core.package_identification:_identify(piper_ws/src/Piper_ros) by extension 'colcon_pkg'
[0.347s] Level 1:colcon.colcon_core.package_identification:_identify(piper_ws/src/Piper_ros) by extensions ['colcon_meta']
[0.347s] Level 1:colcon.colcon_core.package_identification:_identify(piper_ws/src/Piper_ros) by extension 'colcon_meta'
[0.347s] Level 1:colcon.colcon_core.package_identification:_identify(piper_ws/src/Piper_ros) by extensions ['ros']
[0.347s] Level 1:colcon.colcon_core.package_identification:_identify(piper_ws/src/Piper_ros) by extension 'ros'
[0.347s] Level 1:colcon.colcon_core.package_identification:_identify(piper_ws/src/Piper_ros) by extensions ['cmake', 'python']
[0.348s] Level 1:colcon.colcon_core.package_identification:_identify(piper_ws/src/Piper_ros) by extension 'cmake'
[0.348s] Level 1:colcon.colcon_core.package_identification:_identify(piper_ws/src/Piper_ros) by extension 'python'
[0.348s] Level 1:colcon.colcon_core.package_identification:_identify(piper_ws/src/Piper_ros) by extensions ['python_setup_py']
[0.348s] Level 1:colcon.colcon_core.package_identification:_identify(piper_ws/src/Piper_ros) by extension 'python_setup_py'
[0.348s] Level 1:colcon.colcon_core.package_identification:_identify(piper_ws/src/Piper_ros/asserts) by extensions ['ignore', 'ignore_ament_install']
[0.348s] Level 1:colcon.colcon_core.package_identification:_identify(piper_ws/src/Piper_ros/asserts) by extension 'ignore'
[0.348s] Level 1:colcon.colcon_core.package_identification:_identify(piper_ws/src/Piper_ros/asserts) by extension 'ignore_ament_install'
[0.348s] Level 1:colcon.colcon_core.package_identification:_identify(piper_ws/src/Piper_ros/asserts) by extensions ['colcon_pkg']
[0.348s] Level 1:colcon.colcon_core.package_identification:_identify(piper_ws/src/Piper_ros/asserts) by extension 'colcon_pkg'
[0.348s] Level 1:colcon.colcon_core.package_identification:_identify(piper_ws/src/Piper_ros/asserts) by extensions ['colcon_meta']
[0.348s] Level 1:colcon.colcon_core.package_identification:_identify(piper_ws/src/Piper_ros/asserts) by extension 'colcon_meta'
[0.348s] Level 1:colcon.colcon_core.package_identification:_identify(piper_ws/src/Piper_ros/asserts) by extensions ['ros']
[0.348s] Level 1:colcon.colcon_core.package_identification:_identify(piper_ws/src/Piper_ros/asserts) by extension 'ros'
[0.348s] Level 1:colcon.colcon_core.package_identification:_identify(piper_ws/src/Piper_ros/asserts) by extensions ['cmake', 'python']
[0.348s] Level 1:colcon.colcon_core.package_identification:_identify(piper_ws/src/Piper_ros/asserts) by extension 'cmake'
[0.348s] Level 1:colcon.colcon_core.package_identification:_identify(piper_ws/src/Piper_ros/asserts) by extension 'python'
[0.348s] Level 1:colcon.colcon_core.package_identification:_identify(piper_ws/src/Piper_ros/asserts) by extensions ['python_setup_py']
[0.348s] Level 1:colcon.colcon_core.package_identification:_identify(piper_ws/src/Piper_ros/asserts) by extension 'python_setup_py'
[0.348s] Level 1:colcon.colcon_core.package_identification:_identify(piper_ws/src/Piper_ros/asserts/pictures) by extensions ['ignore', 'ignore_ament_install']
[0.348s] Level 1:colcon.colcon_core.package_identification:_identify(piper_ws/src/Piper_ros/asserts/pictures) by extension 'ignore'
[0.348s] Level 1:colcon.colcon_core.package_identification:_identify(piper_ws/src/Piper_ros/asserts/pictures) by extension 'ignore_ament_install'
[0.348s] Level 1:colcon.colcon_core.package_identification:_identify(piper_ws/src/Piper_ros/asserts/pictures) by extensions ['colcon_pkg']
[0.348s] Level 1:colcon.colcon_core.package_identification:_identify(piper_ws/src/Piper_ros/asserts/pictures) by extension 'colcon_pkg'
[0.348s] Level 1:colcon.colcon_core.package_identification:_identify(piper_ws/src/Piper_ros/asserts/pictures) by extensions ['colcon_meta']
[0.348s] Level 1:colcon.colcon_core.package_identification:_identify(piper_ws/src/Piper_ros/asserts/pictures) by extension 'colcon_meta'
[0.348s] Level 1:colcon.colcon_core.package_identification:_identify(piper_ws/src/Piper_ros/asserts/pictures) by extensions ['ros']
[0.348s] Level 1:colcon.colcon_core.package_identification:_identify(piper_ws/src/Piper_ros/asserts/pictures) by extension 'ros'
[0.348s] Level 1:colcon.colcon_core.package_identification:_identify(piper_ws/src/Piper_ros/asserts/pictures) by extensions ['cmake', 'python']
[0.348s] Level 1:colcon.colcon_core.package_identification:_identify(piper_ws/src/Piper_ros/asserts/pictures) by extension 'cmake'
[0.348s] Level 1:colcon.colcon_core.package_identification:_identify(piper_ws/src/Piper_ros/asserts/pictures) by extension 'python'
[0.348s] Level 1:colcon.colcon_core.package_identification:_identify(piper_ws/src/Piper_ros/asserts/pictures) by extensions ['python_setup_py']
[0.348s] Level 1:colcon.colcon_core.package_identification:_identify(piper_ws/src/Piper_ros/asserts/pictures) by extension 'python_setup_py'
[0.348s] Level 1:colcon.colcon_core.package_identification:_identify(piper_ws/src/Piper_ros/src) by extensions ['ignore', 'ignore_ament_install']
[0.348s] Level 1:colcon.colcon_core.package_identification:_identify(piper_ws/src/Piper_ros/src) by extension 'ignore'
[0.348s] Level 1:colcon.colcon_core.package_identification:_identify(piper_ws/src/Piper_ros/src) by extension 'ignore_ament_install'
[0.348s] Level 1:colcon.colcon_core.package_identification:_identify(piper_ws/src/Piper_ros/src) by extensions ['colcon_pkg']
[0.348s] Level 1:colcon.colcon_core.package_identification:_identify(piper_ws/src/Piper_ros/src) by extension 'colcon_pkg'
[0.349s] Level 1:colcon.colcon_core.package_identification:_identify(piper_ws/src/Piper_ros/src) by extensions ['colcon_meta']
[0.349s] Level 1:colcon.colcon_core.package_identification:_identify(piper_ws/src/Piper_ros/src) by extension 'colcon_meta'
[0.349s] Level 1:colcon.colcon_core.package_identification:_identify(piper_ws/src/Piper_ros/src) by extensions ['ros']
[0.349s] Level 1:colcon.colcon_core.package_identification:_identify(piper_ws/src/Piper_ros/src) by extension 'ros'
[0.349s] Level 1:colcon.colcon_core.package_identification:_identify(piper_ws/src/Piper_ros/src) by extensions ['cmake', 'python']
[0.349s] Level 1:colcon.colcon_core.package_identification:_identify(piper_ws/src/Piper_ros/src) by extension 'cmake'
[0.349s] Level 1:colcon.colcon_core.package_identification:_identify(piper_ws/src/Piper_ros/src) by extension 'python'
[0.349s] Level 1:colcon.colcon_core.package_identification:_identify(piper_ws/src/Piper_ros/src) by extensions ['python_setup_py']
[0.349s] Level 1:colcon.colcon_core.package_identification:_identify(piper_ws/src/Piper_ros/src) by extension 'python_setup_py'
[0.349s] Level 1:colcon.colcon_core.package_identification:_identify(piper_ws/src/Piper_ros/src/flask_ui) by extensions ['ignore', 'ignore_ament_install']
[0.349s] Level 1:colcon.colcon_core.package_identification:_identify(piper_ws/src/Piper_ros/src/flask_ui) by extension 'ignore'
[0.349s] Level 1:colcon.colcon_core.package_identification:_identify(piper_ws/src/Piper_ros/src/flask_ui) by extension 'ignore_ament_install'
[0.349s] Level 1:colcon.colcon_core.package_identification:_identify(piper_ws/src/Piper_ros/src/flask_ui) by extensions ['colcon_pkg']
[0.349s] Level 1:colcon.colcon_core.package_identification:_identify(piper_ws/src/Piper_ros/src/flask_ui) by extension 'colcon_pkg'
[0.349s] Level 1:colcon.colcon_core.package_identification:_identify(piper_ws/src/Piper_ros/src/flask_ui) by extensions ['colcon_meta']
[0.349s] Level 1:colcon.colcon_core.package_identification:_identify(piper_ws/src/Piper_ros/src/flask_ui) by extension 'colcon_meta'
[0.349s] Level 1:colcon.colcon_core.package_identification:_identify(piper_ws/src/Piper_ros/src/flask_ui) by extensions ['ros']
[0.349s] Level 1:colcon.colcon_core.package_identification:_identify(piper_ws/src/Piper_ros/src/flask_ui) by extension 'ros'
[0.349s] DEBUG:colcon.colcon_core.package_identification:Package 'piper_ws/src/Piper_ros/src/flask_ui' with type 'ros.ament_cmake' and name 'flask_ui'
[0.350s] Level 1:colcon.colcon_core.package_identification:_identify(piper_ws/src/Piper_ros/src/piper) by extensions ['ignore', 'ignore_ament_install']
[0.350s] Level 1:colcon.colcon_core.package_identification:_identify(piper_ws/src/Piper_ros/src/piper) by extension 'ignore'
[0.350s] Level 1:colcon.colcon_core.package_identification:_identify(piper_ws/src/Piper_ros/src/piper) by extension 'ignore_ament_install'
[0.350s] Level 1:colcon.colcon_core.package_identification:_identify(piper_ws/src/Piper_ros/src/piper) by extensions ['colcon_pkg']
[0.350s] Level 1:colcon.colcon_core.package_identification:_identify(piper_ws/src/Piper_ros/src/piper) by extension 'colcon_pkg'
[0.350s] Level 1:colcon.colcon_core.package_identification:_identify(piper_ws/src/Piper_ros/src/piper) by extensions ['colcon_meta']
[0.350s] Level 1:colcon.colcon_core.package_identification:_identify(piper_ws/src/Piper_ros/src/piper) by extension 'colcon_meta'
[0.350s] Level 1:colcon.colcon_core.package_identification:_identify(piper_ws/src/Piper_ros/src/piper) by extensions ['ros']
[0.350s] Level 1:colcon.colcon_core.package_identification:_identify(piper_ws/src/Piper_ros/src/piper) by extension 'ros'
[0.350s] DEBUG:colcon.colcon_core.package_identification:Package 'piper_ws/src/Piper_ros/src/piper' with type 'ros.ament_python' and name 'piper'
[0.350s] Level 1:colcon.colcon_core.package_identification:_identify(piper_ws/src/Piper_ros/src/piper_description) by extensions ['ignore', 'ignore_ament_install']
[0.350s] Level 1:colcon.colcon_core.package_identification:_identify(piper_ws/src/Piper_ros/src/piper_description) by extension 'ignore'
[0.350s] Level 1:colcon.colcon_core.package_identification:_identify(piper_ws/src/Piper_ros/src/piper_description) by extension 'ignore_ament_install'
[0.351s] Level 1:colcon.colcon_core.package_identification:_identify(piper_ws/src/Piper_ros/src/piper_description) by extensions ['colcon_pkg']
[0.351s] Level 1:colcon.colcon_core.package_identification:_identify(piper_ws/src/Piper_ros/src/piper_description) by extension 'colcon_pkg'
[0.351s] Level 1:colcon.colcon_core.package_identification:_identify(piper_ws/src/Piper_ros/src/piper_description) by extensions ['colcon_meta']
[0.351s] Level 1:colcon.colcon_core.package_identification:_identify(piper_ws/src/Piper_ros/src/piper_description) by extension 'colcon_meta'
[0.351s] Level 1:colcon.colcon_core.package_identification:_identify(piper_ws/src/Piper_ros/src/piper_description) by extensions ['ros']
[0.351s] Level 1:colcon.colcon_core.package_identification:_identify(piper_ws/src/Piper_ros/src/piper_description) by extension 'ros'
[0.351s] DEBUG:colcon.colcon_core.package_identification:Package 'piper_ws/src/Piper_ros/src/piper_description' with type 'ros.ament_cmake' and name 'piper_description'
[0.351s] Level 1:colcon.colcon_core.package_identification:_identify(piper_ws/src/Piper_ros/src/piper_humble) by extensions ['ignore', 'ignore_ament_install']
[0.351s] Level 1:colcon.colcon_core.package_identification:_identify(piper_ws/src/Piper_ros/src/piper_humble) by extension 'ignore'
[0.351s] Level 1:colcon.colcon_core.package_identification:_identify(piper_ws/src/Piper_ros/src/piper_humble) by extension 'ignore_ament_install'
[0.351s] Level 1:colcon.colcon_core.package_identification:_identify(piper_ws/src/Piper_ros/src/piper_humble) by extensions ['colcon_pkg']
[0.351s] Level 1:colcon.colcon_core.package_identification:_identify(piper_ws/src/Piper_ros/src/piper_humble) by extension 'colcon_pkg'
[0.351s] Level 1:colcon.colcon_core.package_identification:_identify(piper_ws/src/Piper_ros/src/piper_humble) by extensions ['colcon_meta']
[0.351s] Level 1:colcon.colcon_core.package_identification:_identify(piper_ws/src/Piper_ros/src/piper_humble) by extension 'colcon_meta'
[0.351s] Level 1:colcon.colcon_core.package_identification:_identify(piper_ws/src/Piper_ros/src/piper_humble) by extensions ['ros']
[0.351s] Level 1:colcon.colcon_core.package_identification:_identify(piper_ws/src/Piper_ros/src/piper_humble) by extension 'ros'
[0.352s] DEBUG:colcon.colcon_core.package_identification:Package 'piper_ws/src/Piper_ros/src/piper_humble' with type 'ros.ament_cmake' and name 'piper_humble'
[0.352s] Level 1:colcon.colcon_core.package_identification:_identify(piper_ws/src/Piper_ros/src/piper_moveit) by extensions ['ignore', 'ignore_ament_install']
[0.352s] Level 1:colcon.colcon_core.package_identification:_identify(piper_ws/src/Piper_ros/src/piper_moveit) by extension 'ignore'
[0.352s] Level 1:colcon.colcon_core.package_identification:_identify(piper_ws/src/Piper_ros/src/piper_moveit) by extension 'ignore_ament_install'
[0.352s] Level 1:colcon.colcon_core.package_identification:_identify(piper_ws/src/Piper_ros/src/piper_moveit) by extensions ['colcon_pkg']
[0.352s] Level 1:colcon.colcon_core.package_identification:_identify(piper_ws/src/Piper_ros/src/piper_moveit) by extension 'colcon_pkg'
[0.352s] Level 1:colcon.colcon_core.package_identification:_identify(piper_ws/src/Piper_ros/src/piper_moveit) by extensions ['colcon_meta']
[0.352s] Level 1:colcon.colcon_core.package_identification:_identify(piper_ws/src/Piper_ros/src/piper_moveit) by extension 'colcon_meta'
[0.352s] Level 1:colcon.colcon_core.package_identification:_identify(piper_ws/src/Piper_ros/src/piper_moveit) by extensions ['ros']
[0.352s] Level 1:colcon.colcon_core.package_identification:_identify(piper_ws/src/Piper_ros/src/piper_moveit) by extension 'ros'
[0.352s] Level 1:colcon.colcon_core.package_identification:_identify(piper_ws/src/Piper_ros/src/piper_moveit) by extensions ['cmake', 'python']
[0.352s] Level 1:colcon.colcon_core.package_identification:_identify(piper_ws/src/Piper_ros/src/piper_moveit) by extension 'cmake'
[0.352s] Level 1:colcon.colcon_core.package_identification:_identify(piper_ws/src/Piper_ros/src/piper_moveit) by extension 'python'
[0.352s] Level 1:colcon.colcon_core.package_identification:_identify(piper_ws/src/Piper_ros/src/piper_moveit) by extensions ['python_setup_py']
[0.352s] Level 1:colcon.colcon_core.package_identification:_identify(piper_ws/src/Piper_ros/src/piper_moveit) by extension 'python_setup_py'
[0.352s] Level 1:colcon.colcon_core.package_identification:_identify(piper_ws/src/Piper_ros/src/piper_moveit/piper_no_gripper_moveit) by extensions ['ignore', 'ignore_ament_install']
[0.352s] Level 1:colcon.colcon_core.package_identification:_identify(piper_ws/src/Piper_ros/src/piper_moveit/piper_no_gripper_moveit) by extension 'ignore'
[0.352s] Level 1:colcon.colcon_core.package_identification:_identify(piper_ws/src/Piper_ros/src/piper_moveit/piper_no_gripper_moveit) by extension 'ignore_ament_install'
[0.352s] Level 1:colcon.colcon_core.package_identification:_identify(piper_ws/src/Piper_ros/src/piper_moveit/piper_no_gripper_moveit) by extensions ['colcon_pkg']
[0.352s] Level 1:colcon.colcon_core.package_identification:_identify(piper_ws/src/Piper_ros/src/piper_moveit/piper_no_gripper_moveit) by extension 'colcon_pkg'
[0.352s] Level 1:colcon.colcon_core.package_identification:_identify(piper_ws/src/Piper_ros/src/piper_moveit/piper_no_gripper_moveit) by extensions ['colcon_meta']
[0.352s] Level 1:colcon.colcon_core.package_identification:_identify(piper_ws/src/Piper_ros/src/piper_moveit/piper_no_gripper_moveit) by extension 'colcon_meta'
[0.352s] Level 1:colcon.colcon_core.package_identification:_identify(piper_ws/src/Piper_ros/src/piper_moveit/piper_no_gripper_moveit) by extensions ['ros']
[0.352s] Level 1:colcon.colcon_core.package_identification:_identify(piper_ws/src/Piper_ros/src/piper_moveit/piper_no_gripper_moveit) by extension 'ros'
[0.353s] DEBUG:colcon.colcon_core.package_identification:Package 'piper_ws/src/Piper_ros/src/piper_moveit/piper_no_gripper_moveit' with type 'ros.ament_cmake' and name 'piper_no_gripper_moveit'
[0.353s] Level 1:colcon.colcon_core.package_identification:_identify(piper_ws/src/Piper_ros/src/piper_moveit/piper_with_gripper_moveit) by extensions ['ignore', 'ignore_ament_install']
[0.353s] Level 1:colcon.colcon_core.package_identification:_identify(piper_ws/src/Piper_ros/src/piper_moveit/piper_with_gripper_moveit) by extension 'ignore'
[0.353s] Level 1:colcon.colcon_core.package_identification:_identify(piper_ws/src/Piper_ros/src/piper_moveit/piper_with_gripper_moveit) by extension 'ignore_ament_install'
[0.353s] Level 1:colcon.colcon_core.package_identification:_identify(piper_ws/src/Piper_ros/src/piper_moveit/piper_with_gripper_moveit) by extensions ['colcon_pkg']
[0.353s] Level 1:colcon.colcon_core.package_identification:_identify(piper_ws/src/Piper_ros/src/piper_moveit/piper_with_gripper_moveit) by extension 'colcon_pkg'
[0.353s] Level 1:colcon.colcon_core.package_identification:_identify(piper_ws/src/Piper_ros/src/piper_moveit/piper_with_gripper_moveit) by extensions ['colcon_meta']
[0.353s] Level 1:colcon.colcon_core.package_identification:_identify(piper_ws/src/Piper_ros/src/piper_moveit/piper_with_gripper_moveit) by extension 'colcon_meta'
[0.353s] Level 1:colcon.colcon_core.package_identification:_identify(piper_ws/src/Piper_ros/src/piper_moveit/piper_with_gripper_moveit) by extensions ['ros']
[0.353s] Level 1:colcon.colcon_core.package_identification:_identify(piper_ws/src/Piper_ros/src/piper_moveit/piper_with_gripper_moveit) by extension 'ros'
[0.354s] DEBUG:colcon.colcon_core.package_identification:Package 'piper_ws/src/Piper_ros/src/piper_moveit/piper_with_gripper_moveit' with type 'ros.ament_cmake' and name 'piper_with_gripper_moveit'
[0.354s] Level 1:colcon.colcon_core.package_identification:_identify(piper_ws/src/Piper_ros/src/piper_msgs) by extensions ['ignore', 'ignore_ament_install']
[0.354s] Level 1:colcon.colcon_core.package_identification:_identify(piper_ws/src/Piper_ros/src/piper_msgs) by extension 'ignore'
[0.354s] Level 1:colcon.colcon_core.package_identification:_identify(piper_ws/src/Piper_ros/src/piper_msgs) by extension 'ignore_ament_install'
[0.354s] Level 1:colcon.colcon_core.package_identification:_identify(piper_ws/src/Piper_ros/src/piper_msgs) by extensions ['colcon_pkg']
[0.354s] Level 1:colcon.colcon_core.package_identification:_identify(piper_ws/src/Piper_ros/src/piper_msgs) by extension 'colcon_pkg'
[0.354s] Level 1:colcon.colcon_core.package_identification:_identify(piper_ws/src/Piper_ros/src/piper_msgs) by extensions ['colcon_meta']
[0.354s] Level 1:colcon.colcon_core.package_identification:_identify(piper_ws/src/Piper_ros/src/piper_msgs) by extension 'colcon_meta'
[0.354s] Level 1:colcon.colcon_core.package_identification:_identify(piper_ws/src/Piper_ros/src/piper_msgs) by extensions ['ros']
[0.354s] Level 1:colcon.colcon_core.package_identification:_identify(piper_ws/src/Piper_ros/src/piper_msgs) by extension 'ros'
[0.355s] DEBUG:colcon.colcon_core.package_identification:Package 'piper_ws/src/Piper_ros/src/piper_msgs' with type 'ros.ament_cmake' and name 'piper_msgs'
[0.355s] Level 1:colcon.colcon_core.package_identification:_identify(piper_ws/src/Piper_ros/src/piper_sim) by extensions ['ignore', 'ignore_ament_install']
[0.355s] Level 1:colcon.colcon_core.package_identification:_identify(piper_ws/src/Piper_ros/src/piper_sim) by extension 'ignore'
[0.355s] Level 1:colcon.colcon_core.package_identification:_identify(piper_ws/src/Piper_ros/src/piper_sim) by extension 'ignore_ament_install'
[0.355s] Level 1:colcon.colcon_core.package_identification:_identify(piper_ws/src/Piper_ros/src/piper_sim) by extensions ['colcon_pkg']
[0.355s] Level 1:colcon.colcon_core.package_identification:_identify(piper_ws/src/Piper_ros/src/piper_sim) by extension 'colcon_pkg'
[0.355s] Level 1:colcon.colcon_core.package_identification:_identify(piper_ws/src/Piper_ros/src/piper_sim) by extensions ['colcon_meta']
[0.355s] Level 1:colcon.colcon_core.package_identification:_identify(piper_ws/src/Piper_ros/src/piper_sim) by extension 'colcon_meta'
[0.355s] Level 1:colcon.colcon_core.package_identification:_identify(piper_ws/src/Piper_ros/src/piper_sim) by extensions ['ros']
[0.355s] Level 1:colcon.colcon_core.package_identification:_identify(piper_ws/src/Piper_ros/src/piper_sim) by extension 'ros'
[0.355s] Level 1:colcon.colcon_core.package_identification:_identify(piper_ws/src/Piper_ros/src/piper_sim) by extensions ['cmake', 'python']
[0.355s] Level 1:colcon.colcon_core.package_identification:_identify(piper_ws/src/Piper_ros/src/piper_sim) by extension 'cmake'
[0.355s] Level 1:colcon.colcon_core.package_identification:_identify(piper_ws/src/Piper_ros/src/piper_sim) by extension 'python'
[0.355s] Level 1:colcon.colcon_core.package_identification:_identify(piper_ws/src/Piper_ros/src/piper_sim) by extensions ['python_setup_py']
[0.355s] Level 1:colcon.colcon_core.package_identification:_identify(piper_ws/src/Piper_ros/src/piper_sim) by extension 'python_setup_py'
[0.355s] Level 1:colcon.colcon_core.package_identification:_identify(piper_ws/src/Piper_ros/src/piper_sim/piper_gazebo) by extensions ['ignore', 'ignore_ament_install']
[0.355s] Level 1:colcon.colcon_core.package_identification:_identify(piper_ws/src/Piper_ros/src/piper_sim/piper_gazebo) by extension 'ignore'
[0.355s] Level 1:colcon.colcon_core.package_identification:_identify(piper_ws/src/Piper_ros/src/piper_sim/piper_gazebo) by extension 'ignore_ament_install'
[0.355s] Level 1:colcon.colcon_core.package_identification:_identify(piper_ws/src/Piper_ros/src/piper_sim/piper_gazebo) by extensions ['colcon_pkg']
[0.355s] Level 1:colcon.colcon_core.package_identification:_identify(piper_ws/src/Piper_ros/src/piper_sim/piper_gazebo) by extension 'colcon_pkg'
[0.355s] Level 1:colcon.colcon_core.package_identification:_identify(piper_ws/src/Piper_ros/src/piper_sim/piper_gazebo) by extensions ['colcon_meta']
[0.355s] Level 1:colcon.colcon_core.package_identification:_identify(piper_ws/src/Piper_ros/src/piper_sim/piper_gazebo) by extension 'colcon_meta'
[0.355s] Level 1:colcon.colcon_core.package_identification:_identify(piper_ws/src/Piper_ros/src/piper_sim/piper_gazebo) by extensions ['ros']
[0.355s] Level 1:colcon.colcon_core.package_identification:_identify(piper_ws/src/Piper_ros/src/piper_sim/piper_gazebo) by extension 'ros'
[0.356s] DEBUG:colcon.colcon_core.package_identification:Package 'piper_ws/src/Piper_ros/src/piper_sim/piper_gazebo' with type 'ros.ament_cmake' and name 'piper_gazebo'
[0.356s] Level 1:colcon.colcon_core.package_identification:_identify(piper_ws/src/Piper_ros/src/piper_sim/piper_mujoco) by extensions ['ignore', 'ignore_ament_install']
[0.356s] Level 1:colcon.colcon_core.package_identification:_identify(piper_ws/src/Piper_ros/src/piper_sim/piper_mujoco) by extension 'ignore'
[0.356s] Level 1:colcon.colcon_core.package_identification:_identify(piper_ws/src/Piper_ros/src/piper_sim/piper_mujoco) by extension 'ignore_ament_install'
[0.356s] Level 1:colcon.colcon_core.package_identification:_identify(piper_ws/src/Piper_ros/src/piper_sim/piper_mujoco) by extensions ['colcon_pkg']
[0.356s] Level 1:colcon.colcon_core.package_identification:_identify(piper_ws/src/Piper_ros/src/piper_sim/piper_mujoco) by extension 'colcon_pkg'
[0.356s] Level 1:colcon.colcon_core.package_identification:_identify(piper_ws/src/Piper_ros/src/piper_sim/piper_mujoco) by extensions ['colcon_meta']
[0.356s] Level 1:colcon.colcon_core.package_identification:_identify(piper_ws/src/Piper_ros/src/piper_sim/piper_mujoco) by extension 'colcon_meta'
[0.356s] Level 1:colcon.colcon_core.package_identification:_identify(piper_ws/src/Piper_ros/src/piper_sim/piper_mujoco) by extensions ['ros']
[0.356s] Level 1:colcon.colcon_core.package_identification:_identify(piper_ws/src/Piper_ros/src/piper_sim/piper_mujoco) by extension 'ros'
[0.357s] DEBUG:colcon.colcon_core.package_identification:Package 'piper_ws/src/Piper_ros/src/piper_sim/piper_mujoco' with type 'ros.ament_cmake' and name 'piper_mujoco'
[0.357s] Level 1:colcon.colcon_core.package_identification:_identify(public) by extensions ['ignore', 'ignore_ament_install']
[0.357s] Level 1:colcon.colcon_core.package_identification:_identify(public) by extension 'ignore'
[0.357s] Level 1:colcon.colcon_core.package_identification:_identify(public) by extension 'ignore_ament_install'
[0.357s] Level 1:colcon.colcon_core.package_identification:_identify(public) by extensions ['colcon_pkg']
[0.357s] Level 1:colcon.colcon_core.package_identification:_identify(public) by extension 'colcon_pkg'
[0.357s] Level 1:colcon.colcon_core.package_identification:_identify(public) by extensions ['colcon_meta']
[0.357s] Level 1:colcon.colcon_core.package_identification:_identify(public) by extension 'colcon_meta'
[0.357s] Level 1:colcon.colcon_core.package_identification:_identify(public) by extensions ['ros']
[0.357s] Level 1:colcon.colcon_core.package_identification:_identify(public) by extension 'ros'
[0.357s] Level 1:colcon.colcon_core.package_identification:_identify(public) by extensions ['cmake', 'python']
[0.357s] Level 1:colcon.colcon_core.package_identification:_identify(public) by extension 'cmake'
[0.357s] Level 1:colcon.colcon_core.package_identification:_identify(public) by extension 'python'
[0.357s] Level 1:colcon.colcon_core.package_identification:_identify(public) by extensions ['python_setup_py']
[0.357s] Level 1:colcon.colcon_core.package_identification:_identify(public) by extension 'python_setup_py'
[0.357s] Level 1:colcon.colcon_core.package_identification:_identify(public/proto) by extensions ['ignore', 'ignore_ament_install']
[0.357s] Level 1:colcon.colcon_core.package_identification:_identify(public/proto) by extension 'ignore'
[0.357s] Level 1:colcon.colcon_core.package_identification:_identify(public/proto) by extension 'ignore_ament_install'
[0.357s] Level 1:colcon.colcon_core.package_identification:_identify(public/proto) by extensions ['colcon_pkg']
[0.357s] Level 1:colcon.colcon_core.package_identification:_identify(public/proto) by extension 'colcon_pkg'
[0.357s] Level 1:colcon.colcon_core.package_identification:_identify(public/proto) by extensions ['colcon_meta']
[0.357s] Level 1:colcon.colcon_core.package_identification:_identify(public/proto) by extension 'colcon_meta'
[0.357s] Level 1:colcon.colcon_core.package_identification:_identify(public/proto) by extensions ['ros']
[0.357s] Level 1:colcon.colcon_core.package_identification:_identify(public/proto) by extension 'ros'
[0.357s] Level 1:colcon.colcon_core.package_identification:_identify(public/proto) by extensions ['cmake', 'python']
[0.357s] Level 1:colcon.colcon_core.package_identification:_identify(public/proto) by extension 'cmake'
[0.357s] Level 1:colcon.colcon_core.package_identification:_identify(public/proto) by extension 'python'
[0.357s] Level 1:colcon.colcon_core.package_identification:_identify(public/proto) by extensions ['python_setup_py']
[0.357s] Level 1:colcon.colcon_core.package_identification:_identify(public/proto) by extension 'python_setup_py'
[0.358s] Level 1:colcon.colcon_core.package_identification:_identify(public/proto/cpp) by extensions ['ignore', 'ignore_ament_install']
[0.358s] Level 1:colcon.colcon_core.package_identification:_identify(public/proto/cpp) by extension 'ignore'
[0.358s] Level 1:colcon.colcon_core.package_identification:_identify(public/proto/cpp) by extension 'ignore_ament_install'
[0.358s] Level 1:colcon.colcon_core.package_identification:_identify(public/proto/cpp) by extensions ['colcon_pkg']
[0.358s] Level 1:colcon.colcon_core.package_identification:_identify(public/proto/cpp) by extension 'colcon_pkg'
[0.358s] Level 1:colcon.colcon_core.package_identification:_identify(public/proto/cpp) by extensions ['colcon_meta']
[0.358s] Level 1:colcon.colcon_core.package_identification:_identify(public/proto/cpp) by extension 'colcon_meta'
[0.358s] Level 1:colcon.colcon_core.package_identification:_identify(public/proto/cpp) by extensions ['ros']
[0.358s] Level 1:colcon.colcon_core.package_identification:_identify(public/proto/cpp) by extension 'ros'
[0.358s] Level 1:colcon.colcon_core.package_identification:_identify(public/proto/cpp) by extensions ['cmake', 'python']
[0.358s] Level 1:colcon.colcon_core.package_identification:_identify(public/proto/cpp) by extension 'cmake'
[0.358s] Level 1:colcon.colcon_core.package_identification:_identify(public/proto/cpp) by extension 'python'
[0.358s] Level 1:colcon.colcon_core.package_identification:_identify(public/proto/cpp) by extensions ['python_setup_py']
[0.358s] Level 1:colcon.colcon_core.package_identification:_identify(public/proto/cpp) by extension 'python_setup_py'
[0.358s] Level 1:colcon.colcon_core.package_identification:_identify(reactapp) by extensions ['ignore', 'ignore_ament_install']
[0.358s] Level 1:colcon.colcon_core.package_identification:_identify(reactapp) by extension 'ignore'
[0.358s] Level 1:colcon.colcon_core.package_identification:_identify(reactapp) by extension 'ignore_ament_install'
[0.358s] Level 1:colcon.colcon_core.package_identification:_identify(reactapp) by extensions ['colcon_pkg']
[0.358s] Level 1:colcon.colcon_core.package_identification:_identify(reactapp) by extension 'colcon_pkg'
[0.358s] Level 1:colcon.colcon_core.package_identification:_identify(reactapp) by extensions ['colcon_meta']
[0.358s] Level 1:colcon.colcon_core.package_identification:_identify(reactapp) by extension 'colcon_meta'
[0.358s] Level 1:colcon.colcon_core.package_identification:_identify(reactapp) by extensions ['ros']
[0.358s] Level 1:colcon.colcon_core.package_identification:_identify(reactapp) by extension 'ros'
[0.358s] Level 1:colcon.colcon_core.package_identification:_identify(reactapp) by extensions ['cmake', 'python']
[0.358s] Level 1:colcon.colcon_core.package_identification:_identify(reactapp) by extension 'cmake'
[0.358s] Level 1:colcon.colcon_core.package_identification:_identify(reactapp) by extension 'python'
[0.358s] Level 1:colcon.colcon_core.package_identification:_identify(reactapp) by extensions ['python_setup_py']
[0.358s] Level 1:colcon.colcon_core.package_identification:_identify(reactapp) by extension 'python_setup_py'
[0.359s] Level 1:colcon.colcon_core.package_identification:_identify(reactapp/public) by extensions ['ignore', 'ignore_ament_install']
[0.359s] Level 1:colcon.colcon_core.package_identification:_identify(reactapp/public) by extension 'ignore'
[0.359s] Level 1:colcon.colcon_core.package_identification:_identify(reactapp/public) by extension 'ignore_ament_install'
[0.359s] Level 1:colcon.colcon_core.package_identification:_identify(reactapp/public) by extensions ['colcon_pkg']
[0.359s] Level 1:colcon.colcon_core.package_identification:_identify(reactapp/public) by extension 'colcon_pkg'
[0.359s] Level 1:colcon.colcon_core.package_identification:_identify(reactapp/public) by extensions ['colcon_meta']
[0.359s] Level 1:colcon.colcon_core.package_identification:_identify(reactapp/public) by extension 'colcon_meta'
[0.359s] Level 1:colcon.colcon_core.package_identification:_identify(reactapp/public) by extensions ['ros']
[0.359s] Level 1:colcon.colcon_core.package_identification:_identify(reactapp/public) by extension 'ros'
[0.359s] Level 1:colcon.colcon_core.package_identification:_identify(reactapp/public) by extensions ['cmake', 'python']
[0.359s] Level 1:colcon.colcon_core.package_identification:_identify(reactapp/public) by extension 'cmake'
[0.359s] Level 1:colcon.colcon_core.package_identification:_identify(reactapp/public) by extension 'python'
[0.359s] Level 1:colcon.colcon_core.package_identification:_identify(reactapp/public) by extensions ['python_setup_py']
[0.359s] Level 1:colcon.colcon_core.package_identification:_identify(reactapp/public) by extension 'python_setup_py'
[0.359s] Level 1:colcon.colcon_core.package_identification:_identify(reactapp/src) by extensions ['ignore', 'ignore_ament_install']
[0.359s] Level 1:colcon.colcon_core.package_identification:_identify(reactapp/src) by extension 'ignore'
[0.359s] Level 1:colcon.colcon_core.package_identification:_identify(reactapp/src) by extension 'ignore_ament_install'
[0.359s] Level 1:colcon.colcon_core.package_identification:_identify(reactapp/src) by extensions ['colcon_pkg']
[0.359s] Level 1:colcon.colcon_core.package_identification:_identify(reactapp/src) by extension 'colcon_pkg'
[0.359s] Level 1:colcon.colcon_core.package_identification:_identify(reactapp/src) by extensions ['colcon_meta']
[0.359s] Level 1:colcon.colcon_core.package_identification:_identify(reactapp/src) by extension 'colcon_meta'
[0.359s] Level 1:colcon.colcon_core.package_identification:_identify(reactapp/src) by extensions ['ros']
[0.359s] Level 1:colcon.colcon_core.package_identification:_identify(reactapp/src) by extension 'ros'
[0.359s] Level 1:colcon.colcon_core.package_identification:_identify(reactapp/src) by extensions ['cmake', 'python']
[0.359s] Level 1:colcon.colcon_core.package_identification:_identify(reactapp/src) by extension 'cmake'
[0.359s] Level 1:colcon.colcon_core.package_identification:_identify(reactapp/src) by extension 'python'
[0.359s] Level 1:colcon.colcon_core.package_identification:_identify(reactapp/src) by extensions ['python_setup_py']
[0.359s] Level 1:colcon.colcon_core.package_identification:_identify(reactapp/src) by extension 'python_setup_py'
[0.359s] Level 1:colcon.colcon_core.package_identification:_identify(reactapp/src/connect) by extensions ['ignore', 'ignore_ament_install']
[0.359s] Level 1:colcon.colcon_core.package_identification:_identify(reactapp/src/connect) by extension 'ignore'
[0.359s] Level 1:colcon.colcon_core.package_identification:_identify(reactapp/src/connect) by extension 'ignore_ament_install'
[0.359s] Level 1:colcon.colcon_core.package_identification:_identify(reactapp/src/connect) by extensions ['colcon_pkg']
[0.359s] Level 1:colcon.colcon_core.package_identification:_identify(reactapp/src/connect) by extension 'colcon_pkg'
[0.359s] Level 1:colcon.colcon_core.package_identification:_identify(reactapp/src/connect) by extensions ['colcon_meta']
[0.359s] Level 1:colcon.colcon_core.package_identification:_identify(reactapp/src/connect) by extension 'colcon_meta'
[0.359s] Level 1:colcon.colcon_core.package_identification:_identify(reactapp/src/connect) by extensions ['ros']
[0.359s] Level 1:colcon.colcon_core.package_identification:_identify(reactapp/src/connect) by extension 'ros'
[0.359s] Level 1:colcon.colcon_core.package_identification:_identify(reactapp/src/connect) by extensions ['cmake', 'python']
[0.359s] Level 1:colcon.colcon_core.package_identification:_identify(reactapp/src/connect) by extension 'cmake'
[0.359s] Level 1:colcon.colcon_core.package_identification:_identify(reactapp/src/connect) by extension 'python'
[0.359s] Level 1:colcon.colcon_core.package_identification:_identify(reactapp/src/connect) by extensions ['python_setup_py']
[0.359s] Level 1:colcon.colcon_core.package_identification:_identify(reactapp/src/connect) by extension 'python_setup_py'
[0.360s] Level 1:colcon.colcon_core.package_identification:_identify(reactapp/src/connect/http) by extensions ['ignore', 'ignore_ament_install']
[0.360s] Level 1:colcon.colcon_core.package_identification:_identify(reactapp/src/connect/http) by extension 'ignore'
[0.360s] Level 1:colcon.colcon_core.package_identification:_identify(reactapp/src/connect/http) by extension 'ignore_ament_install'
[0.360s] Level 1:colcon.colcon_core.package_identification:_identify(reactapp/src/connect/http) by extensions ['colcon_pkg']
[0.360s] Level 1:colcon.colcon_core.package_identification:_identify(reactapp/src/connect/http) by extension 'colcon_pkg'
[0.360s] Level 1:colcon.colcon_core.package_identification:_identify(reactapp/src/connect/http) by extensions ['colcon_meta']
[0.360s] Level 1:colcon.colcon_core.package_identification:_identify(reactapp/src/connect/http) by extension 'colcon_meta'
[0.360s] Level 1:colcon.colcon_core.package_identification:_identify(reactapp/src/connect/http) by extensions ['ros']
[0.360s] Level 1:colcon.colcon_core.package_identification:_identify(reactapp/src/connect/http) by extension 'ros'
[0.360s] Level 1:colcon.colcon_core.package_identification:_identify(reactapp/src/connect/http) by extensions ['cmake', 'python']
[0.360s] Level 1:colcon.colcon_core.package_identification:_identify(reactapp/src/connect/http) by extension 'cmake'
[0.360s] Level 1:colcon.colcon_core.package_identification:_identify(reactapp/src/connect/http) by extension 'python'
[0.360s] Level 1:colcon.colcon_core.package_identification:_identify(reactapp/src/connect/http) by extensions ['python_setup_py']
[0.360s] Level 1:colcon.colcon_core.package_identification:_identify(reactapp/src/connect/http) by extension 'python_setup_py'
[0.360s] Level 1:colcon.colcon_core.package_identification:_identify(reactapp/src/connect/socket) by extensions ['ignore', 'ignore_ament_install']
[0.360s] Level 1:colcon.colcon_core.package_identification:_identify(reactapp/src/connect/socket) by extension 'ignore'
[0.360s] Level 1:colcon.colcon_core.package_identification:_identify(reactapp/src/connect/socket) by extension 'ignore_ament_install'
[0.360s] Level 1:colcon.colcon_core.package_identification:_identify(reactapp/src/connect/socket) by extensions ['colcon_pkg']
[0.360s] Level 1:colcon.colcon_core.package_identification:_identify(reactapp/src/connect/socket) by extension 'colcon_pkg'
[0.360s] Level 1:colcon.colcon_core.package_identification:_identify(reactapp/src/connect/socket) by extensions ['colcon_meta']
[0.360s] Level 1:colcon.colcon_core.package_identification:_identify(reactapp/src/connect/socket) by extension 'colcon_meta'
[0.360s] Level 1:colcon.colcon_core.package_identification:_identify(reactapp/src/connect/socket) by extensions ['ros']
[0.360s] Level 1:colcon.colcon_core.package_identification:_identify(reactapp/src/connect/socket) by extension 'ros'
[0.360s] Level 1:colcon.colcon_core.package_identification:_identify(reactapp/src/connect/socket) by extensions ['cmake', 'python']
[0.360s] Level 1:colcon.colcon_core.package_identification:_identify(reactapp/src/connect/socket) by extension 'cmake'
[0.360s] Level 1:colcon.colcon_core.package_identification:_identify(reactapp/src/connect/socket) by extension 'python'
[0.360s] Level 1:colcon.colcon_core.package_identification:_identify(reactapp/src/connect/socket) by extensions ['python_setup_py']
[0.360s] Level 1:colcon.colcon_core.package_identification:_identify(reactapp/src/connect/socket) by extension 'python_setup_py'
[0.360s] Level 1:colcon.colcon_core.package_identification:_identify(reactapp/src/data) by extensions ['ignore', 'ignore_ament_install']
[0.360s] Level 1:colcon.colcon_core.package_identification:_identify(reactapp/src/data) by extension 'ignore'
[0.360s] Level 1:colcon.colcon_core.package_identification:_identify(reactapp/src/data) by extension 'ignore_ament_install'
[0.361s] Level 1:colcon.colcon_core.package_identification:_identify(reactapp/src/data) by extensions ['colcon_pkg']
[0.361s] Level 1:colcon.colcon_core.package_identification:_identify(reactapp/src/data) by extension 'colcon_pkg'
[0.361s] Level 1:colcon.colcon_core.package_identification:_identify(reactapp/src/data) by extensions ['colcon_meta']
[0.361s] Level 1:colcon.colcon_core.package_identification:_identify(reactapp/src/data) by extension 'colcon_meta'
[0.361s] Level 1:colcon.colcon_core.package_identification:_identify(reactapp/src/data) by extensions ['ros']
[0.361s] Level 1:colcon.colcon_core.package_identification:_identify(reactapp/src/data) by extension 'ros'
[0.361s] Level 1:colcon.colcon_core.package_identification:_identify(reactapp/src/data) by extensions ['cmake', 'python']
[0.361s] Level 1:colcon.colcon_core.package_identification:_identify(reactapp/src/data) by extension 'cmake'
[0.361s] Level 1:colcon.colcon_core.package_identification:_identify(reactapp/src/data) by extension 'python'
[0.361s] Level 1:colcon.colcon_core.package_identification:_identify(reactapp/src/data) by extensions ['python_setup_py']
[0.361s] Level 1:colcon.colcon_core.package_identification:_identify(reactapp/src/data) by extension 'python_setup_py'
[0.361s] Level 1:colcon.colcon_core.package_identification:_identify(reactapp/src/design) by extensions ['ignore', 'ignore_ament_install']
[0.361s] Level 1:colcon.colcon_core.package_identification:_identify(reactapp/src/design) by extension 'ignore'
[0.361s] Level 1:colcon.colcon_core.package_identification:_identify(reactapp/src/design) by extension 'ignore_ament_install'
[0.361s] Level 1:colcon.colcon_core.package_identification:_identify(reactapp/src/design) by extensions ['colcon_pkg']
[0.361s] Level 1:colcon.colcon_core.package_identification:_identify(reactapp/src/design) by extension 'colcon_pkg'
[0.361s] Level 1:colcon.colcon_core.package_identification:_identify(reactapp/src/design) by extensions ['colcon_meta']
[0.361s] Level 1:colcon.colcon_core.package_identification:_identify(reactapp/src/design) by extension 'colcon_meta'
[0.361s] Level 1:colcon.colcon_core.package_identification:_identify(reactapp/src/design) by extensions ['ros']
[0.361s] Level 1:colcon.colcon_core.package_identification:_identify(reactapp/src/design) by extension 'ros'
[0.361s] Level 1:colcon.colcon_core.package_identification:_identify(reactapp/src/design) by extensions ['cmake', 'python']
[0.361s] Level 1:colcon.colcon_core.package_identification:_identify(reactapp/src/design) by extension 'cmake'
[0.361s] Level 1:colcon.colcon_core.package_identification:_identify(reactapp/src/design) by extension 'python'
[0.361s] Level 1:colcon.colcon_core.package_identification:_identify(reactapp/src/design) by extensions ['python_setup_py']
[0.361s] Level 1:colcon.colcon_core.package_identification:_identify(reactapp/src/design) by extension 'python_setup_py'
[0.361s] Level 1:colcon.colcon_core.package_identification:_identify(reactapp/src/design/button) by extensions ['ignore', 'ignore_ament_install']
[0.361s] Level 1:colcon.colcon_core.package_identification:_identify(reactapp/src/design/button) by extension 'ignore'
[0.361s] Level 1:colcon.colcon_core.package_identification:_identify(reactapp/src/design/button) by extension 'ignore_ament_install'
[0.361s] Level 1:colcon.colcon_core.package_identification:_identify(reactapp/src/design/button) by extensions ['colcon_pkg']
[0.361s] Level 1:colcon.colcon_core.package_identification:_identify(reactapp/src/design/button) by extension 'colcon_pkg'
[0.361s] Level 1:colcon.colcon_core.package_identification:_identify(reactapp/src/design/button) by extensions ['colcon_meta']
[0.361s] Level 1:colcon.colcon_core.package_identification:_identify(reactapp/src/design/button) by extension 'colcon_meta'
[0.361s] Level 1:colcon.colcon_core.package_identification:_identify(reactapp/src/design/button) by extensions ['ros']
[0.361s] Level 1:colcon.colcon_core.package_identification:_identify(reactapp/src/design/button) by extension 'ros'
[0.361s] Level 1:colcon.colcon_core.package_identification:_identify(reactapp/src/design/button) by extensions ['cmake', 'python']
[0.361s] Level 1:colcon.colcon_core.package_identification:_identify(reactapp/src/design/button) by extension 'cmake'
[0.361s] Level 1:colcon.colcon_core.package_identification:_identify(reactapp/src/design/button) by extension 'python'
[0.361s] Level 1:colcon.colcon_core.package_identification:_identify(reactapp/src/design/button) by extensions ['python_setup_py']
[0.361s] Level 1:colcon.colcon_core.package_identification:_identify(reactapp/src/design/button) by extension 'python_setup_py'
[0.361s] Level 1:colcon.colcon_core.package_identification:_identify(reactapp/src/design/other) by extensions ['ignore', 'ignore_ament_install']
[0.361s] Level 1:colcon.colcon_core.package_identification:_identify(reactapp/src/design/other) by extension 'ignore'
[0.361s] Level 1:colcon.colcon_core.package_identification:_identify(reactapp/src/design/other) by extension 'ignore_ament_install'
[0.361s] Level 1:colcon.colcon_core.package_identification:_identify(reactapp/src/design/other) by extensions ['colcon_pkg']
[0.361s] Level 1:colcon.colcon_core.package_identification:_identify(reactapp/src/design/other) by extension 'colcon_pkg'
[0.362s] Level 1:colcon.colcon_core.package_identification:_identify(reactapp/src/design/other) by extensions ['colcon_meta']
[0.362s] Level 1:colcon.colcon_core.package_identification:_identify(reactapp/src/design/other) by extension 'colcon_meta'
[0.362s] Level 1:colcon.colcon_core.package_identification:_identify(reactapp/src/design/other) by extensions ['ros']
[0.362s] Level 1:colcon.colcon_core.package_identification:_identify(reactapp/src/design/other) by extension 'ros'
[0.362s] Level 1:colcon.colcon_core.package_identification:_identify(reactapp/src/design/other) by extensions ['cmake', 'python']
[0.362s] Level 1:colcon.colcon_core.package_identification:_identify(reactapp/src/design/other) by extension 'cmake'
[0.362s] Level 1:colcon.colcon_core.package_identification:_identify(reactapp/src/design/other) by extension 'python'
[0.362s] Level 1:colcon.colcon_core.package_identification:_identify(reactapp/src/design/other) by extensions ['python_setup_py']
[0.362s] Level 1:colcon.colcon_core.package_identification:_identify(reactapp/src/design/other) by extension 'python_setup_py'
[0.362s] Level 1:colcon.colcon_core.package_identification:_identify(reactapp/src/design/text) by extensions ['ignore', 'ignore_ament_install']
[0.362s] Level 1:colcon.colcon_core.package_identification:_identify(reactapp/src/design/text) by extension 'ignore'
[0.362s] Level 1:colcon.colcon_core.package_identification:_identify(reactapp/src/design/text) by extension 'ignore_ament_install'
[0.362s] Level 1:colcon.colcon_core.package_identification:_identify(reactapp/src/design/text) by extensions ['colcon_pkg']
[0.362s] Level 1:colcon.colcon_core.package_identification:_identify(reactapp/src/design/text) by extension 'colcon_pkg'
[0.362s] Level 1:colcon.colcon_core.package_identification:_identify(reactapp/src/design/text) by extensions ['colcon_meta']
[0.362s] Level 1:colcon.colcon_core.package_identification:_identify(reactapp/src/design/text) by extension 'colcon_meta'
[0.362s] Level 1:colcon.colcon_core.package_identification:_identify(reactapp/src/design/text) by extensions ['ros']
[0.362s] Level 1:colcon.colcon_core.package_identification:_identify(reactapp/src/design/text) by extension 'ros'
[0.362s] Level 1:colcon.colcon_core.package_identification:_identify(reactapp/src/design/text) by extensions ['cmake', 'python']
[0.362s] Level 1:colcon.colcon_core.package_identification:_identify(reactapp/src/design/text) by extension 'cmake'
[0.362s] Level 1:colcon.colcon_core.package_identification:_identify(reactapp/src/design/text) by extension 'python'
[0.362s] Level 1:colcon.colcon_core.package_identification:_identify(reactapp/src/design/text) by extensions ['python_setup_py']
[0.362s] Level 1:colcon.colcon_core.package_identification:_identify(reactapp/src/design/text) by extension 'python_setup_py'
[0.362s] Level 1:colcon.colcon_core.package_identification:_identify(reactapp/src/page) by extensions ['ignore', 'ignore_ament_install']
[0.362s] Level 1:colcon.colcon_core.package_identification:_identify(reactapp/src/page) by extension 'ignore'
[0.362s] Level 1:colcon.colcon_core.package_identification:_identify(reactapp/src/page) by extension 'ignore_ament_install'
[0.362s] Level 1:colcon.colcon_core.package_identification:_identify(reactapp/src/page) by extensions ['colcon_pkg']
[0.362s] Level 1:colcon.colcon_core.package_identification:_identify(reactapp/src/page) by extension 'colcon_pkg'
[0.362s] Level 1:colcon.colcon_core.package_identification:_identify(reactapp/src/page) by extensions ['colcon_meta']
[0.362s] Level 1:colcon.colcon_core.package_identification:_identify(reactapp/src/page) by extension 'colcon_meta'
[0.362s] Level 1:colcon.colcon_core.package_identification:_identify(reactapp/src/page) by extensions ['ros']
[0.362s] Level 1:colcon.colcon_core.package_identification:_identify(reactapp/src/page) by extension 'ros'
[0.362s] Level 1:colcon.colcon_core.package_identification:_identify(reactapp/src/page) by extensions ['cmake', 'python']
[0.362s] Level 1:colcon.colcon_core.package_identification:_identify(reactapp/src/page) by extension 'cmake'
[0.362s] Level 1:colcon.colcon_core.package_identification:_identify(reactapp/src/page) by extension 'python'
[0.362s] Level 1:colcon.colcon_core.package_identification:_identify(reactapp/src/page) by extensions ['python_setup_py']
[0.362s] Level 1:colcon.colcon_core.package_identification:_identify(reactapp/src/page) by extension 'python_setup_py'
[0.362s] Level 1:colcon.colcon_core.package_identification:_identify(reactapp/src/page/appbar) by extensions ['ignore', 'ignore_ament_install']
[0.362s] Level 1:colcon.colcon_core.package_identification:_identify(reactapp/src/page/appbar) by extension 'ignore'
[0.362s] Level 1:colcon.colcon_core.package_identification:_identify(reactapp/src/page/appbar) by extension 'ignore_ament_install'
[0.362s] Level 1:colcon.colcon_core.package_identification:_identify(reactapp/src/page/appbar) by extensions ['colcon_pkg']
[0.362s] Level 1:colcon.colcon_core.package_identification:_identify(reactapp/src/page/appbar) by extension 'colcon_pkg'
[0.362s] Level 1:colcon.colcon_core.package_identification:_identify(reactapp/src/page/appbar) by extensions ['colcon_meta']
[0.362s] Level 1:colcon.colcon_core.package_identification:_identify(reactapp/src/page/appbar) by extension 'colcon_meta'
[0.363s] Level 1:colcon.colcon_core.package_identification:_identify(reactapp/src/page/appbar) by extensions ['ros']
[0.363s] Level 1:colcon.colcon_core.package_identification:_identify(reactapp/src/page/appbar) by extension 'ros'
[0.363s] Level 1:colcon.colcon_core.package_identification:_identify(reactapp/src/page/appbar) by extensions ['cmake', 'python']
[0.363s] Level 1:colcon.colcon_core.package_identification:_identify(reactapp/src/page/appbar) by extension 'cmake'
[0.363s] Level 1:colcon.colcon_core.package_identification:_identify(reactapp/src/page/appbar) by extension 'python'
[0.363s] Level 1:colcon.colcon_core.package_identification:_identify(reactapp/src/page/appbar) by extensions ['python_setup_py']
[0.363s] Level 1:colcon.colcon_core.package_identification:_identify(reactapp/src/page/appbar) by extension 'python_setup_py'
[0.363s] Level 1:colcon.colcon_core.package_identification:_identify(reactapp/src/page/appbar/battery) by extensions ['ignore', 'ignore_ament_install']
[0.363s] Level 1:colcon.colcon_core.package_identification:_identify(reactapp/src/page/appbar/battery) by extension 'ignore'
[0.363s] Level 1:colcon.colcon_core.package_identification:_identify(reactapp/src/page/appbar/battery) by extension 'ignore_ament_install'
[0.363s] Level 1:colcon.colcon_core.package_identification:_identify(reactapp/src/page/appbar/battery) by extensions ['colcon_pkg']
[0.363s] Level 1:colcon.colcon_core.package_identification:_identify(reactapp/src/page/appbar/battery) by extension 'colcon_pkg'
[0.363s] Level 1:colcon.colcon_core.package_identification:_identify(reactapp/src/page/appbar/battery) by extensions ['colcon_meta']
[0.363s] Level 1:colcon.colcon_core.package_identification:_identify(reactapp/src/page/appbar/battery) by extension 'colcon_meta'
[0.363s] Level 1:colcon.colcon_core.package_identification:_identify(reactapp/src/page/appbar/battery) by extensions ['ros']
[0.363s] Level 1:colcon.colcon_core.package_identification:_identify(reactapp/src/page/appbar/battery) by extension 'ros'
[0.363s] Level 1:colcon.colcon_core.package_identification:_identify(reactapp/src/page/appbar/battery) by extensions ['cmake', 'python']
[0.363s] Level 1:colcon.colcon_core.package_identification:_identify(reactapp/src/page/appbar/battery) by extension 'cmake'
[0.363s] Level 1:colcon.colcon_core.package_identification:_identify(reactapp/src/page/appbar/battery) by extension 'python'
[0.363s] Level 1:colcon.colcon_core.package_identification:_identify(reactapp/src/page/appbar/battery) by extensions ['python_setup_py']
[0.363s] Level 1:colcon.colcon_core.package_identification:_identify(reactapp/src/page/appbar/battery) by extension 'python_setup_py'
[0.363s] Level 1:colcon.colcon_core.package_identification:_identify(reactapp/src/page/appbar/robotmonitor) by extensions ['ignore', 'ignore_ament_install']
[0.363s] Level 1:colcon.colcon_core.package_identification:_identify(reactapp/src/page/appbar/robotmonitor) by extension 'ignore'
[0.363s] Level 1:colcon.colcon_core.package_identification:_identify(reactapp/src/page/appbar/robotmonitor) by extension 'ignore_ament_install'
[0.363s] Level 1:colcon.colcon_core.package_identification:_identify(reactapp/src/page/appbar/robotmonitor) by extensions ['colcon_pkg']
[0.363s] Level 1:colcon.colcon_core.package_identification:_identify(reactapp/src/page/appbar/robotmonitor) by extension 'colcon_pkg'
[0.363s] Level 1:colcon.colcon_core.package_identification:_identify(reactapp/src/page/appbar/robotmonitor) by extensions ['colcon_meta']
[0.363s] Level 1:colcon.colcon_core.package_identification:_identify(reactapp/src/page/appbar/robotmonitor) by extension 'colcon_meta'
[0.363s] Level 1:colcon.colcon_core.package_identification:_identify(reactapp/src/page/appbar/robotmonitor) by extensions ['ros']
[0.363s] Level 1:colcon.colcon_core.package_identification:_identify(reactapp/src/page/appbar/robotmonitor) by extension 'ros'
[0.363s] Level 1:colcon.colcon_core.package_identification:_identify(reactapp/src/page/appbar/robotmonitor) by extensions ['cmake', 'python']
[0.363s] Level 1:colcon.colcon_core.package_identification:_identify(reactapp/src/page/appbar/robotmonitor) by extension 'cmake'
[0.363s] Level 1:colcon.colcon_core.package_identification:_identify(reactapp/src/page/appbar/robotmonitor) by extension 'python'
[0.363s] Level 1:colcon.colcon_core.package_identification:_identify(reactapp/src/page/appbar/robotmonitor) by extensions ['python_setup_py']
[0.363s] Level 1:colcon.colcon_core.package_identification:_identify(reactapp/src/page/appbar/robotmonitor) by extension 'python_setup_py'
[0.363s] Level 1:colcon.colcon_core.package_identification:_identify(reactapp/src/page/capture) by extensions ['ignore', 'ignore_ament_install']
[0.363s] Level 1:colcon.colcon_core.package_identification:_identify(reactapp/src/page/capture) by extension 'ignore'
[0.363s] Level 1:colcon.colcon_core.package_identification:_identify(reactapp/src/page/capture) by extension 'ignore_ament_install'
[0.363s] Level 1:colcon.colcon_core.package_identification:_identify(reactapp/src/page/capture) by extensions ['colcon_pkg']
[0.363s] Level 1:colcon.colcon_core.package_identification:_identify(reactapp/src/page/capture) by extension 'colcon_pkg'
[0.363s] Level 1:colcon.colcon_core.package_identification:_identify(reactapp/src/page/capture) by extensions ['colcon_meta']
[0.363s] Level 1:colcon.colcon_core.package_identification:_identify(reactapp/src/page/capture) by extension 'colcon_meta'
[0.363s] Level 1:colcon.colcon_core.package_identification:_identify(reactapp/src/page/capture) by extensions ['ros']
[0.364s] Level 1:colcon.colcon_core.package_identification:_identify(reactapp/src/page/capture) by extension 'ros'
[0.364s] Level 1:colcon.colcon_core.package_identification:_identify(reactapp/src/page/capture) by extensions ['cmake', 'python']
[0.364s] Level 1:colcon.colcon_core.package_identification:_identify(reactapp/src/page/capture) by extension 'cmake'
[0.364s] Level 1:colcon.colcon_core.package_identification:_identify(reactapp/src/page/capture) by extension 'python'
[0.364s] Level 1:colcon.colcon_core.package_identification:_identify(reactapp/src/page/capture) by extensions ['python_setup_py']
[0.364s] Level 1:colcon.colcon_core.package_identification:_identify(reactapp/src/page/capture) by extension 'python_setup_py'
[0.364s] Level 1:colcon.colcon_core.package_identification:_identify(reactapp/src/page/diagnotics) by extensions ['ignore', 'ignore_ament_install']
[0.364s] Level 1:colcon.colcon_core.package_identification:_identify(reactapp/src/page/diagnotics) by extension 'ignore'
[0.364s] Level 1:colcon.colcon_core.package_identification:_identify(reactapp/src/page/diagnotics) by extension 'ignore_ament_install'
[0.364s] Level 1:colcon.colcon_core.package_identification:_identify(reactapp/src/page/diagnotics) by extensions ['colcon_pkg']
[0.364s] Level 1:colcon.colcon_core.package_identification:_identify(reactapp/src/page/diagnotics) by extension 'colcon_pkg'
[0.364s] Level 1:colcon.colcon_core.package_identification:_identify(reactapp/src/page/diagnotics) by extensions ['colcon_meta']
[0.364s] Level 1:colcon.colcon_core.package_identification:_identify(reactapp/src/page/diagnotics) by extension 'colcon_meta'
[0.364s] Level 1:colcon.colcon_core.package_identification:_identify(reactapp/src/page/diagnotics) by extensions ['ros']
[0.364s] Level 1:colcon.colcon_core.package_identification:_identify(reactapp/src/page/diagnotics) by extension 'ros'
[0.364s] Level 1:colcon.colcon_core.package_identification:_identify(reactapp/src/page/diagnotics) by extensions ['cmake', 'python']
[0.364s] Level 1:colcon.colcon_core.package_identification:_identify(reactapp/src/page/diagnotics) by extension 'cmake'
[0.364s] Level 1:colcon.colcon_core.package_identification:_identify(reactapp/src/page/diagnotics) by extension 'python'
[0.364s] Level 1:colcon.colcon_core.package_identification:_identify(reactapp/src/page/diagnotics) by extensions ['python_setup_py']
[0.364s] Level 1:colcon.colcon_core.package_identification:_identify(reactapp/src/page/diagnotics) by extension 'python_setup_py'
[0.364s] Level 1:colcon.colcon_core.package_identification:_identify(reactapp/src/page/jaibridge) by extensions ['ignore', 'ignore_ament_install']
[0.364s] Level 1:colcon.colcon_core.package_identification:_identify(reactapp/src/page/jaibridge) by extension 'ignore'
[0.364s] Level 1:colcon.colcon_core.package_identification:_identify(reactapp/src/page/jaibridge) by extension 'ignore_ament_install'
[0.364s] Level 1:colcon.colcon_core.package_identification:_identify(reactapp/src/page/jaibridge) by extensions ['colcon_pkg']
[0.364s] Level 1:colcon.colcon_core.package_identification:_identify(reactapp/src/page/jaibridge) by extension 'colcon_pkg'
[0.364s] Level 1:colcon.colcon_core.package_identification:_identify(reactapp/src/page/jaibridge) by extensions ['colcon_meta']
[0.364s] Level 1:colcon.colcon_core.package_identification:_identify(reactapp/src/page/jaibridge) by extension 'colcon_meta'
[0.364s] Level 1:colcon.colcon_core.package_identification:_identify(reactapp/src/page/jaibridge) by extensions ['ros']
[0.364s] Level 1:colcon.colcon_core.package_identification:_identify(reactapp/src/page/jaibridge) by extension 'ros'
[0.364s] Level 1:colcon.colcon_core.package_identification:_identify(reactapp/src/page/jaibridge) by extensions ['cmake', 'python']
[0.364s] Level 1:colcon.colcon_core.package_identification:_identify(reactapp/src/page/jaibridge) by extension 'cmake'
[0.364s] Level 1:colcon.colcon_core.package_identification:_identify(reactapp/src/page/jaibridge) by extension 'python'
[0.364s] Level 1:colcon.colcon_core.package_identification:_identify(reactapp/src/page/jaibridge) by extensions ['python_setup_py']
[0.364s] Level 1:colcon.colcon_core.package_identification:_identify(reactapp/src/page/jaibridge) by extension 'python_setup_py'
[0.364s] Level 1:colcon.colcon_core.package_identification:_identify(reactapp/src/page/launch) by extensions ['ignore', 'ignore_ament_install']
[0.364s] Level 1:colcon.colcon_core.package_identification:_identify(reactapp/src/page/launch) by extension 'ignore'
[0.364s] Level 1:colcon.colcon_core.package_identification:_identify(reactapp/src/page/launch) by extension 'ignore_ament_install'
[0.364s] Level 1:colcon.colcon_core.package_identification:_identify(reactapp/src/page/launch) by extensions ['colcon_pkg']
[0.364s] Level 1:colcon.colcon_core.package_identification:_identify(reactapp/src/page/launch) by extension 'colcon_pkg'
[0.364s] Level 1:colcon.colcon_core.package_identification:_identify(reactapp/src/page/launch) by extensions ['colcon_meta']
[0.364s] Level 1:colcon.colcon_core.package_identification:_identify(reactapp/src/page/launch) by extension 'colcon_meta'
[0.364s] Level 1:colcon.colcon_core.package_identification:_identify(reactapp/src/page/launch) by extensions ['ros']
[0.364s] Level 1:colcon.colcon_core.package_identification:_identify(reactapp/src/page/launch) by extension 'ros'
[0.365s] Level 1:colcon.colcon_core.package_identification:_identify(reactapp/src/page/launch) by extensions ['cmake', 'python']
[0.365s] Level 1:colcon.colcon_core.package_identification:_identify(reactapp/src/page/launch) by extension 'cmake'
[0.365s] Level 1:colcon.colcon_core.package_identification:_identify(reactapp/src/page/launch) by extension 'python'
[0.365s] Level 1:colcon.colcon_core.package_identification:_identify(reactapp/src/page/launch) by extensions ['python_setup_py']
[0.365s] Level 1:colcon.colcon_core.package_identification:_identify(reactapp/src/page/launch) by extension 'python_setup_py'
[0.365s] Level 1:colcon.colcon_core.package_identification:_identify(reactapp/src/page/lidar) by extensions ['ignore', 'ignore_ament_install']
[0.365s] Level 1:colcon.colcon_core.package_identification:_identify(reactapp/src/page/lidar) by extension 'ignore'
[0.365s] Level 1:colcon.colcon_core.package_identification:_identify(reactapp/src/page/lidar) by extension 'ignore_ament_install'
[0.365s] Level 1:colcon.colcon_core.package_identification:_identify(reactapp/src/page/lidar) by extensions ['colcon_pkg']
[0.365s] Level 1:colcon.colcon_core.package_identification:_identify(reactapp/src/page/lidar) by extension 'colcon_pkg'
[0.365s] Level 1:colcon.colcon_core.package_identification:_identify(reactapp/src/page/lidar) by extensions ['colcon_meta']
[0.365s] Level 1:colcon.colcon_core.package_identification:_identify(reactapp/src/page/lidar) by extension 'colcon_meta'
[0.365s] Level 1:colcon.colcon_core.package_identification:_identify(reactapp/src/page/lidar) by extensions ['ros']
[0.365s] Level 1:colcon.colcon_core.package_identification:_identify(reactapp/src/page/lidar) by extension 'ros'
[0.365s] Level 1:colcon.colcon_core.package_identification:_identify(reactapp/src/page/lidar) by extensions ['cmake', 'python']
[0.365s] Level 1:colcon.colcon_core.package_identification:_identify(reactapp/src/page/lidar) by extension 'cmake'
[0.365s] Level 1:colcon.colcon_core.package_identification:_identify(reactapp/src/page/lidar) by extension 'python'
[0.365s] Level 1:colcon.colcon_core.package_identification:_identify(reactapp/src/page/lidar) by extensions ['python_setup_py']
[0.366s] Level 1:colcon.colcon_core.package_identification:_identify(reactapp/src/page/lidar) by extension 'python_setup_py'
[0.366s] Level 1:colcon.colcon_core.package_identification:_identify(reactapp/src/page/lucid) by extensions ['ignore', 'ignore_ament_install']
[0.366s] Level 1:colcon.colcon_core.package_identification:_identify(reactapp/src/page/lucid) by extension 'ignore'
[0.366s] Level 1:colcon.colcon_core.package_identification:_identify(reactapp/src/page/lucid) by extension 'ignore_ament_install'
[0.366s] Level 1:colcon.colcon_core.package_identification:_identify(reactapp/src/page/lucid) by extensions ['colcon_pkg']
[0.366s] Level 1:colcon.colcon_core.package_identification:_identify(reactapp/src/page/lucid) by extension 'colcon_pkg'
[0.366s] Level 1:colcon.colcon_core.package_identification:_identify(reactapp/src/page/lucid) by extensions ['colcon_meta']
[0.366s] Level 1:colcon.colcon_core.package_identification:_identify(reactapp/src/page/lucid) by extension 'colcon_meta'
[0.366s] Level 1:colcon.colcon_core.package_identification:_identify(reactapp/src/page/lucid) by extensions ['ros']
[0.366s] Level 1:colcon.colcon_core.package_identification:_identify(reactapp/src/page/lucid) by extension 'ros'
[0.366s] Level 1:colcon.colcon_core.package_identification:_identify(reactapp/src/page/lucid) by extensions ['cmake', 'python']
[0.366s] Level 1:colcon.colcon_core.package_identification:_identify(reactapp/src/page/lucid) by extension 'cmake'
[0.366s] Level 1:colcon.colcon_core.package_identification:_identify(reactapp/src/page/lucid) by extension 'python'
[0.366s] Level 1:colcon.colcon_core.package_identification:_identify(reactapp/src/page/lucid) by extensions ['python_setup_py']
[0.366s] Level 1:colcon.colcon_core.package_identification:_identify(reactapp/src/page/lucid) by extension 'python_setup_py'
[0.366s] Level 1:colcon.colcon_core.package_identification:_identify(reactapp/src/page/nodes) by extensions ['ignore', 'ignore_ament_install']
[0.366s] Level 1:colcon.colcon_core.package_identification:_identify(reactapp/src/page/nodes) by extension 'ignore'
[0.366s] Level 1:colcon.colcon_core.package_identification:_identify(reactapp/src/page/nodes) by extension 'ignore_ament_install'
[0.366s] Level 1:colcon.colcon_core.package_identification:_identify(reactapp/src/page/nodes) by extensions ['colcon_pkg']
[0.366s] Level 1:colcon.colcon_core.package_identification:_identify(reactapp/src/page/nodes) by extension 'colcon_pkg'
[0.366s] Level 1:colcon.colcon_core.package_identification:_identify(reactapp/src/page/nodes) by extensions ['colcon_meta']
[0.366s] Level 1:colcon.colcon_core.package_identification:_identify(reactapp/src/page/nodes) by extension 'colcon_meta'
[0.366s] Level 1:colcon.colcon_core.package_identification:_identify(reactapp/src/page/nodes) by extensions ['ros']
[0.366s] Level 1:colcon.colcon_core.package_identification:_identify(reactapp/src/page/nodes) by extension 'ros'
[0.366s] Level 1:colcon.colcon_core.package_identification:_identify(reactapp/src/page/nodes) by extensions ['cmake', 'python']
[0.366s] Level 1:colcon.colcon_core.package_identification:_identify(reactapp/src/page/nodes) by extension 'cmake'
[0.366s] Level 1:colcon.colcon_core.package_identification:_identify(reactapp/src/page/nodes) by extension 'python'
[0.366s] Level 1:colcon.colcon_core.package_identification:_identify(reactapp/src/page/nodes) by extensions ['python_setup_py']
[0.366s] Level 1:colcon.colcon_core.package_identification:_identify(reactapp/src/page/nodes) by extension 'python_setup_py'
[0.366s] Level 1:colcon.colcon_core.package_identification:_identify(reactapp/src/page/polarization) by extensions ['ignore', 'ignore_ament_install']
[0.366s] Level 1:colcon.colcon_core.package_identification:_identify(reactapp/src/page/polarization) by extension 'ignore'
[0.366s] Level 1:colcon.colcon_core.package_identification:_identify(reactapp/src/page/polarization) by extension 'ignore_ament_install'
[0.366s] Level 1:colcon.colcon_core.package_identification:_identify(reactapp/src/page/polarization) by extensions ['colcon_pkg']
[0.366s] Level 1:colcon.colcon_core.package_identification:_identify(reactapp/src/page/polarization) by extension 'colcon_pkg'
[0.366s] Level 1:colcon.colcon_core.package_identification:_identify(reactapp/src/page/polarization) by extensions ['colcon_meta']
[0.366s] Level 1:colcon.colcon_core.package_identification:_identify(reactapp/src/page/polarization) by extension 'colcon_meta'
[0.366s] Level 1:colcon.colcon_core.package_identification:_identify(reactapp/src/page/polarization) by extensions ['ros']
[0.366s] Level 1:colcon.colcon_core.package_identification:_identify(reactapp/src/page/polarization) by extension 'ros'
[0.367s] Level 1:colcon.colcon_core.package_identification:_identify(reactapp/src/page/polarization) by extensions ['cmake', 'python']
[0.367s] Level 1:colcon.colcon_core.package_identification:_identify(reactapp/src/page/polarization) by extension 'cmake'
[0.367s] Level 1:colcon.colcon_core.package_identification:_identify(reactapp/src/page/polarization) by extension 'python'
[0.367s] Level 1:colcon.colcon_core.package_identification:_identify(reactapp/src/page/polarization) by extensions ['python_setup_py']
[0.367s] Level 1:colcon.colcon_core.package_identification:_identify(reactapp/src/page/polarization) by extension 'python_setup_py'
[0.367s] Level 1:colcon.colcon_core.package_identification:_identify(reactapp/src/page/sensors) by extensions ['ignore', 'ignore_ament_install']
[0.367s] Level 1:colcon.colcon_core.package_identification:_identify(reactapp/src/page/sensors) by extension 'ignore'
[0.367s] Level 1:colcon.colcon_core.package_identification:_identify(reactapp/src/page/sensors) by extension 'ignore_ament_install'
[0.367s] Level 1:colcon.colcon_core.package_identification:_identify(reactapp/src/page/sensors) by extensions ['colcon_pkg']
[0.367s] Level 1:colcon.colcon_core.package_identification:_identify(reactapp/src/page/sensors) by extension 'colcon_pkg'
[0.367s] Level 1:colcon.colcon_core.package_identification:_identify(reactapp/src/page/sensors) by extensions ['colcon_meta']
[0.367s] Level 1:colcon.colcon_core.package_identification:_identify(reactapp/src/page/sensors) by extension 'colcon_meta'
[0.367s] Level 1:colcon.colcon_core.package_identification:_identify(reactapp/src/page/sensors) by extensions ['ros']
[0.367s] Level 1:colcon.colcon_core.package_identification:_identify(reactapp/src/page/sensors) by extension 'ros'
[0.367s] Level 1:colcon.colcon_core.package_identification:_identify(reactapp/src/page/sensors) by extensions ['cmake', 'python']
[0.367s] Level 1:colcon.colcon_core.package_identification:_identify(reactapp/src/page/sensors) by extension 'cmake'
[0.367s] Level 1:colcon.colcon_core.package_identification:_identify(reactapp/src/page/sensors) by extension 'python'
[0.367s] Level 1:colcon.colcon_core.package_identification:_identify(reactapp/src/page/sensors) by extensions ['python_setup_py']
[0.367s] Level 1:colcon.colcon_core.package_identification:_identify(reactapp/src/page/sensors) by extension 'python_setup_py'
[0.367s] Level 1:colcon.colcon_core.package_identification:_identify(reactapp/src/page/service) by extensions ['ignore', 'ignore_ament_install']
[0.367s] Level 1:colcon.colcon_core.package_identification:_identify(reactapp/src/page/service) by extension 'ignore'
[0.367s] Level 1:colcon.colcon_core.package_identification:_identify(reactapp/src/page/service) by extension 'ignore_ament_install'
[0.367s] Level 1:colcon.colcon_core.package_identification:_identify(reactapp/src/page/service) by extensions ['colcon_pkg']
[0.367s] Level 1:colcon.colcon_core.package_identification:_identify(reactapp/src/page/service) by extension 'colcon_pkg'
[0.367s] Level 1:colcon.colcon_core.package_identification:_identify(reactapp/src/page/service) by extensions ['colcon_meta']
[0.367s] Level 1:colcon.colcon_core.package_identification:_identify(reactapp/src/page/service) by extension 'colcon_meta'
[0.367s] Level 1:colcon.colcon_core.package_identification:_identify(reactapp/src/page/service) by extensions ['ros']
[0.367s] Level 1:colcon.colcon_core.package_identification:_identify(reactapp/src/page/service) by extension 'ros'
[0.367s] Level 1:colcon.colcon_core.package_identification:_identify(reactapp/src/page/service) by extensions ['cmake', 'python']
[0.367s] Level 1:colcon.colcon_core.package_identification:_identify(reactapp/src/page/service) by extension 'cmake'
[0.367s] Level 1:colcon.colcon_core.package_identification:_identify(reactapp/src/page/service) by extension 'python'
[0.367s] Level 1:colcon.colcon_core.package_identification:_identify(reactapp/src/page/service) by extensions ['python_setup_py']
[0.367s] Level 1:colcon.colcon_core.package_identification:_identify(reactapp/src/page/service) by extension 'python_setup_py'
[0.368s] Level 1:colcon.colcon_core.package_identification:_identify(reactapp/src/page/slam) by extensions ['ignore', 'ignore_ament_install']
[0.368s] Level 1:colcon.colcon_core.package_identification:_identify(reactapp/src/page/slam) by extension 'ignore'
[0.368s] Level 1:colcon.colcon_core.package_identification:_identify(reactapp/src/page/slam) by extension 'ignore_ament_install'
[0.368s] Level 1:colcon.colcon_core.package_identification:_identify(reactapp/src/page/slam) by extensions ['colcon_pkg']
[0.368s] Level 1:colcon.colcon_core.package_identification:_identify(reactapp/src/page/slam) by extension 'colcon_pkg'
[0.368s] Level 1:colcon.colcon_core.package_identification:_identify(reactapp/src/page/slam) by extensions ['colcon_meta']
[0.368s] Level 1:colcon.colcon_core.package_identification:_identify(reactapp/src/page/slam) by extension 'colcon_meta'
[0.368s] Level 1:colcon.colcon_core.package_identification:_identify(reactapp/src/page/slam) by extensions ['ros']
[0.368s] Level 1:colcon.colcon_core.package_identification:_identify(reactapp/src/page/slam) by extension 'ros'
[0.368s] Level 1:colcon.colcon_core.package_identification:_identify(reactapp/src/page/slam) by extensions ['cmake', 'python']
[0.368s] Level 1:colcon.colcon_core.package_identification:_identify(reactapp/src/page/slam) by extension 'cmake'
[0.368s] Level 1:colcon.colcon_core.package_identification:_identify(reactapp/src/page/slam) by extension 'python'
[0.368s] Level 1:colcon.colcon_core.package_identification:_identify(reactapp/src/page/slam) by extensions ['python_setup_py']
[0.368s] Level 1:colcon.colcon_core.package_identification:_identify(reactapp/src/page/slam) by extension 'python_setup_py'
[0.368s] Level 1:colcon.colcon_core.package_identification:_identify(reactapp/src/page/topic) by extensions ['ignore', 'ignore_ament_install']
[0.368s] Level 1:colcon.colcon_core.package_identification:_identify(reactapp/src/page/topic) by extension 'ignore'
[0.368s] Level 1:colcon.colcon_core.package_identification:_identify(reactapp/src/page/topic) by extension 'ignore_ament_install'
[0.368s] Level 1:colcon.colcon_core.package_identification:_identify(reactapp/src/page/topic) by extensions ['colcon_pkg']
[0.368s] Level 1:colcon.colcon_core.package_identification:_identify(reactapp/src/page/topic) by extension 'colcon_pkg'
[0.368s] Level 1:colcon.colcon_core.package_identification:_identify(reactapp/src/page/topic) by extensions ['colcon_meta']
[0.368s] Level 1:colcon.colcon_core.package_identification:_identify(reactapp/src/page/topic) by extension 'colcon_meta'
[0.368s] Level 1:colcon.colcon_core.package_identification:_identify(reactapp/src/page/topic) by extensions ['ros']
[0.368s] Level 1:colcon.colcon_core.package_identification:_identify(reactapp/src/page/topic) by extension 'ros'
[0.368s] Level 1:colcon.colcon_core.package_identification:_identify(reactapp/src/page/topic) by extensions ['cmake', 'python']
[0.368s] Level 1:colcon.colcon_core.package_identification:_identify(reactapp/src/page/topic) by extension 'cmake'
[0.368s] Level 1:colcon.colcon_core.package_identification:_identify(reactapp/src/page/topic) by extension 'python'
[0.368s] Level 1:colcon.colcon_core.package_identification:_identify(reactapp/src/page/topic) by extensions ['python_setup_py']
[0.368s] Level 1:colcon.colcon_core.package_identification:_identify(reactapp/src/page/topic) by extension 'python_setup_py'
[0.368s] Level 1:colcon.colcon_core.package_identification:_identify(reactapp/src/public) by extensions ['ignore', 'ignore_ament_install']
[0.368s] Level 1:colcon.colcon_core.package_identification:_identify(reactapp/src/public) by extension 'ignore'
[0.368s] Level 1:colcon.colcon_core.package_identification:_identify(reactapp/src/public) by extension 'ignore_ament_install'
[0.368s] Level 1:colcon.colcon_core.package_identification:_identify(reactapp/src/public) by extensions ['colcon_pkg']
[0.368s] Level 1:colcon.colcon_core.package_identification:_identify(reactapp/src/public) by extension 'colcon_pkg'
[0.368s] Level 1:colcon.colcon_core.package_identification:_identify(reactapp/src/public) by extensions ['colcon_meta']
[0.368s] Level 1:colcon.colcon_core.package_identification:_identify(reactapp/src/public) by extension 'colcon_meta'
[0.368s] Level 1:colcon.colcon_core.package_identification:_identify(reactapp/src/public) by extensions ['ros']
[0.368s] Level 1:colcon.colcon_core.package_identification:_identify(reactapp/src/public) by extension 'ros'
[0.368s] Level 1:colcon.colcon_core.package_identification:_identify(reactapp/src/public) by extensions ['cmake', 'python']
[0.368s] Level 1:colcon.colcon_core.package_identification:_identify(reactapp/src/public) by extension 'cmake'
[0.368s] Level 1:colcon.colcon_core.package_identification:_identify(reactapp/src/public) by extension 'python'
[0.369s] Level 1:colcon.colcon_core.package_identification:_identify(reactapp/src/public) by extensions ['python_setup_py']
[0.369s] Level 1:colcon.colcon_core.package_identification:_identify(reactapp/src/public) by extension 'python_setup_py'
[0.369s] Level 1:colcon.colcon_core.package_identification:_identify(reactapp/src/public/proto) by extensions ['ignore', 'ignore_ament_install']
[0.369s] Level 1:colcon.colcon_core.package_identification:_identify(reactapp/src/public/proto) by extension 'ignore'
[0.369s] Level 1:colcon.colcon_core.package_identification:_identify(reactapp/src/public/proto) by extension 'ignore_ament_install'
[0.369s] Level 1:colcon.colcon_core.package_identification:_identify(reactapp/src/public/proto) by extensions ['colcon_pkg']
[0.369s] Level 1:colcon.colcon_core.package_identification:_identify(reactapp/src/public/proto) by extension 'colcon_pkg'
[0.369s] Level 1:colcon.colcon_core.package_identification:_identify(reactapp/src/public/proto) by extensions ['colcon_meta']
[0.369s] Level 1:colcon.colcon_core.package_identification:_identify(reactapp/src/public/proto) by extension 'colcon_meta'
[0.369s] Level 1:colcon.colcon_core.package_identification:_identify(reactapp/src/public/proto) by extensions ['ros']
[0.369s] Level 1:colcon.colcon_core.package_identification:_identify(reactapp/src/public/proto) by extension 'ros'
[0.369s] Level 1:colcon.colcon_core.package_identification:_identify(reactapp/src/public/proto) by extensions ['cmake', 'python']
[0.369s] Level 1:colcon.colcon_core.package_identification:_identify(reactapp/src/public/proto) by extension 'cmake'
[0.369s] Level 1:colcon.colcon_core.package_identification:_identify(reactapp/src/public/proto) by extension 'python'
[0.369s] Level 1:colcon.colcon_core.package_identification:_identify(reactapp/src/public/proto) by extensions ['python_setup_py']
[0.369s] Level 1:colcon.colcon_core.package_identification:_identify(reactapp/src/public/proto) by extension 'python_setup_py'
[0.369s] Level 1:colcon.colcon_core.package_identification:_identify(reactapp/src/resource) by extensions ['ignore', 'ignore_ament_install']
[0.369s] Level 1:colcon.colcon_core.package_identification:_identify(reactapp/src/resource) by extension 'ignore'
[0.369s] Level 1:colcon.colcon_core.package_identification:_identify(reactapp/src/resource) by extension 'ignore_ament_install'
[0.369s] Level 1:colcon.colcon_core.package_identification:_identify(reactapp/src/resource) by extensions ['colcon_pkg']
[0.369s] Level 1:colcon.colcon_core.package_identification:_identify(reactapp/src/resource) by extension 'colcon_pkg'
[0.369s] Level 1:colcon.colcon_core.package_identification:_identify(reactapp/src/resource) by extensions ['colcon_meta']
[0.369s] Level 1:colcon.colcon_core.package_identification:_identify(reactapp/src/resource) by extension 'colcon_meta'
[0.369s] Level 1:colcon.colcon_core.package_identification:_identify(reactapp/src/resource) by extensions ['ros']
[0.369s] Level 1:colcon.colcon_core.package_identification:_identify(reactapp/src/resource) by extension 'ros'
[0.369s] Level 1:colcon.colcon_core.package_identification:_identify(reactapp/src/resource) by extensions ['cmake', 'python']
[0.369s] Level 1:colcon.colcon_core.package_identification:_identify(reactapp/src/resource) by extension 'cmake'
[0.369s] Level 1:colcon.colcon_core.package_identification:_identify(reactapp/src/resource) by extension 'python'
[0.369s] Level 1:colcon.colcon_core.package_identification:_identify(reactapp/src/resource) by extensions ['python_setup_py']
[0.369s] Level 1:colcon.colcon_core.package_identification:_identify(reactapp/src/resource) by extension 'python_setup_py'
[0.369s] Level 1:colcon.colcon_core.package_identification:_identify(reactapp/src/static) by extensions ['ignore', 'ignore_ament_install']
[0.369s] Level 1:colcon.colcon_core.package_identification:_identify(reactapp/src/static) by extension 'ignore'
[0.369s] Level 1:colcon.colcon_core.package_identification:_identify(reactapp/src/static) by extension 'ignore_ament_install'
[0.369s] Level 1:colcon.colcon_core.package_identification:_identify(reactapp/src/static) by extensions ['colcon_pkg']
[0.369s] Level 1:colcon.colcon_core.package_identification:_identify(reactapp/src/static) by extension 'colcon_pkg'
[0.369s] Level 1:colcon.colcon_core.package_identification:_identify(reactapp/src/static) by extensions ['colcon_meta']
[0.369s] Level 1:colcon.colcon_core.package_identification:_identify(reactapp/src/static) by extension 'colcon_meta'
[0.369s] Level 1:colcon.colcon_core.package_identification:_identify(reactapp/src/static) by extensions ['ros']
[0.369s] Level 1:colcon.colcon_core.package_identification:_identify(reactapp/src/static) by extension 'ros'
[0.370s] Level 1:colcon.colcon_core.package_identification:_identify(reactapp/src/static) by extensions ['cmake', 'python']
[0.370s] Level 1:colcon.colcon_core.package_identification:_identify(reactapp/src/static) by extension 'cmake'
[0.370s] Level 1:colcon.colcon_core.package_identification:_identify(reactapp/src/static) by extension 'python'
[0.370s] Level 1:colcon.colcon_core.package_identification:_identify(reactapp/src/static) by extensions ['python_setup_py']
[0.370s] Level 1:colcon.colcon_core.package_identification:_identify(reactapp/src/static) by extension 'python_setup_py'
[0.370s] Level 1:colcon.colcon_core.package_identification:_identify(reactapp/src/stores) by extensions ['ignore', 'ignore_ament_install']
[0.370s] Level 1:colcon.colcon_core.package_identification:_identify(reactapp/src/stores) by extension 'ignore'
[0.370s] Level 1:colcon.colcon_core.package_identification:_identify(reactapp/src/stores) by extension 'ignore_ament_install'
[0.370s] Level 1:colcon.colcon_core.package_identification:_identify(reactapp/src/stores) by extensions ['colcon_pkg']
[0.370s] Level 1:colcon.colcon_core.package_identification:_identify(reactapp/src/stores) by extension 'colcon_pkg'
[0.370s] Level 1:colcon.colcon_core.package_identification:_identify(reactapp/src/stores) by extensions ['colcon_meta']
[0.370s] Level 1:colcon.colcon_core.package_identification:_identify(reactapp/src/stores) by extension 'colcon_meta'
[0.370s] Level 1:colcon.colcon_core.package_identification:_identify(reactapp/src/stores) by extensions ['ros']
[0.370s] Level 1:colcon.colcon_core.package_identification:_identify(reactapp/src/stores) by extension 'ros'
[0.370s] Level 1:colcon.colcon_core.package_identification:_identify(reactapp/src/stores) by extensions ['cmake', 'python']
[0.370s] Level 1:colcon.colcon_core.package_identification:_identify(reactapp/src/stores) by extension 'cmake'
[0.370s] Level 1:colcon.colcon_core.package_identification:_identify(reactapp/src/stores) by extension 'python'
[0.370s] Level 1:colcon.colcon_core.package_identification:_identify(reactapp/src/stores) by extensions ['python_setup_py']
[0.370s] Level 1:colcon.colcon_core.package_identification:_identify(reactapp/src/stores) by extension 'python_setup_py'
[0.370s] Level 1:colcon.colcon_core.package_identification:_identify(rosapp) by extensions ['ignore', 'ignore_ament_install']
[0.370s] Level 1:colcon.colcon_core.package_identification:_identify(rosapp) by extension 'ignore'
[0.370s] Level 1:colcon.colcon_core.package_identification:_identify(rosapp) by extension 'ignore_ament_install'
[0.370s] Level 1:colcon.colcon_core.package_identification:_identify(rosapp) by extensions ['colcon_pkg']
[0.370s] Level 1:colcon.colcon_core.package_identification:_identify(rosapp) by extension 'colcon_pkg'
[0.370s] Level 1:colcon.colcon_core.package_identification:_identify(rosapp) by extensions ['colcon_meta']
[0.370s] Level 1:colcon.colcon_core.package_identification:_identify(rosapp) by extension 'colcon_meta'
[0.370s] Level 1:colcon.colcon_core.package_identification:_identify(rosapp) by extensions ['ros']
[0.370s] Level 1:colcon.colcon_core.package_identification:_identify(rosapp) by extension 'ros'
[0.370s] Level 1:colcon.colcon_core.package_identification:_identify(rosapp) by extensions ['cmake', 'python']
[0.370s] Level 1:colcon.colcon_core.package_identification:_identify(rosapp) by extension 'cmake'
[0.370s] Level 1:colcon.colcon_core.package_identification:_identify(rosapp) by extension 'python'
[0.370s] Level 1:colcon.colcon_core.package_identification:_identify(rosapp) by extensions ['python_setup_py']
[0.370s] Level 1:colcon.colcon_core.package_identification:_identify(rosapp) by extension 'python_setup_py'
[0.370s] Level 1:colcon.colcon_core.package_identification:_identify(rosapp/bash) by extensions ['ignore', 'ignore_ament_install']
[0.370s] Level 1:colcon.colcon_core.package_identification:_identify(rosapp/bash) by extension 'ignore'
[0.370s] Level 1:colcon.colcon_core.package_identification:_identify(rosapp/bash) by extension 'ignore_ament_install'
[0.370s] Level 1:colcon.colcon_core.package_identification:_identify(rosapp/bash) by extensions ['colcon_pkg']
[0.370s] Level 1:colcon.colcon_core.package_identification:_identify(rosapp/bash) by extension 'colcon_pkg'
[0.370s] Level 1:colcon.colcon_core.package_identification:_identify(rosapp/bash) by extensions ['colcon_meta']
[0.370s] Level 1:colcon.colcon_core.package_identification:_identify(rosapp/bash) by extension 'colcon_meta'
[0.370s] Level 1:colcon.colcon_core.package_identification:_identify(rosapp/bash) by extensions ['ros']
[0.370s] Level 1:colcon.colcon_core.package_identification:_identify(rosapp/bash) by extension 'ros'
[0.370s] Level 1:colcon.colcon_core.package_identification:_identify(rosapp/bash) by extensions ['cmake', 'python']
[0.370s] Level 1:colcon.colcon_core.package_identification:_identify(rosapp/bash) by extension 'cmake'
[0.370s] Level 1:colcon.colcon_core.package_identification:_identify(rosapp/bash) by extension 'python'
[0.370s] Level 1:colcon.colcon_core.package_identification:_identify(rosapp/bash) by extensions ['python_setup_py']
[0.370s] Level 1:colcon.colcon_core.package_identification:_identify(rosapp/bash) by extension 'python_setup_py'
[0.371s] Level 1:colcon.colcon_core.package_identification:_identify(rosapp/camera_function) by extensions ['ignore', 'ignore_ament_install']
[0.371s] Level 1:colcon.colcon_core.package_identification:_identify(rosapp/camera_function) by extension 'ignore'
[0.371s] Level 1:colcon.colcon_core.package_identification:_identify(rosapp/camera_function) by extension 'ignore_ament_install'
[0.371s] Level 1:colcon.colcon_core.package_identification:_identify(rosapp/camera_function) by extensions ['colcon_pkg']
[0.371s] Level 1:colcon.colcon_core.package_identification:_identify(rosapp/camera_function) by extension 'colcon_pkg'
[0.371s] Level 1:colcon.colcon_core.package_identification:_identify(rosapp/camera_function) by extensions ['colcon_meta']
[0.371s] Level 1:colcon.colcon_core.package_identification:_identify(rosapp/camera_function) by extension 'colcon_meta'
[0.371s] Level 1:colcon.colcon_core.package_identification:_identify(rosapp/camera_function) by extensions ['ros']
[0.371s] Level 1:colcon.colcon_core.package_identification:_identify(rosapp/camera_function) by extension 'ros'
[0.371s] Level 1:colcon.colcon_core.package_identification:_identify(rosapp/camera_function) by extensions ['cmake', 'python']
[0.371s] Level 1:colcon.colcon_core.package_identification:_identify(rosapp/camera_function) by extension 'cmake'
[0.371s] Level 1:colcon.colcon_core.package_identification:_identify(rosapp/camera_function) by extension 'python'
[0.371s] Level 1:colcon.colcon_core.package_identification:_identify(rosapp/camera_function) by extensions ['python_setup_py']
[0.371s] Level 1:colcon.colcon_core.package_identification:_identify(rosapp/camera_function) by extension 'python_setup_py'
[0.371s] Level 1:colcon.colcon_core.package_identification:_identify(rosapp/share) by extensions ['ignore', 'ignore_ament_install']
[0.371s] Level 1:colcon.colcon_core.package_identification:_identify(rosapp/share) by extension 'ignore'
[0.371s] Level 1:colcon.colcon_core.package_identification:_identify(rosapp/share) by extension 'ignore_ament_install'
[0.371s] Level 1:colcon.colcon_core.package_identification:_identify(rosapp/share) by extensions ['colcon_pkg']
[0.371s] Level 1:colcon.colcon_core.package_identification:_identify(rosapp/share) by extension 'colcon_pkg'
[0.371s] Level 1:colcon.colcon_core.package_identification:_identify(rosapp/share) by extensions ['colcon_meta']
[0.371s] Level 1:colcon.colcon_core.package_identification:_identify(rosapp/share) by extension 'colcon_meta'
[0.371s] Level 1:colcon.colcon_core.package_identification:_identify(rosapp/share) by extensions ['ros']
[0.371s] Level 1:colcon.colcon_core.package_identification:_identify(rosapp/share) by extension 'ros'
[0.371s] Level 1:colcon.colcon_core.package_identification:_identify(rosapp/share) by extensions ['cmake', 'python']
[0.371s] Level 1:colcon.colcon_core.package_identification:_identify(rosapp/share) by extension 'cmake'
[0.371s] Level 1:colcon.colcon_core.package_identification:_identify(rosapp/share) by extension 'python'
[0.371s] Level 1:colcon.colcon_core.package_identification:_identify(rosapp/share) by extensions ['python_setup_py']
[0.371s] Level 1:colcon.colcon_core.package_identification:_identify(rosapp/share) by extension 'python_setup_py'
[0.371s] Level 1:colcon.colcon_core.package_discovery:discover_packages(recursive) using defaults
[0.371s] Level 1:colcon.colcon_core.package_discovery:discover_packages(ignore) discover
[0.371s] Level 1:colcon.colcon_core.package_discovery:discover_packages(ignore) using defaults
[0.371s] Level 1:colcon.colcon_core.package_discovery:discover_packages(path) discover
[0.371s] Level 1:colcon.colcon_core.package_discovery:discover_packages(path) using defaults
[0.403s] Level 1:colcon.colcon_core.package_discovery:discover_packages(prefix_path) check parameters
[0.403s] Level 1:colcon.colcon_core.package_discovery:discover_packages(prefix_path) discover
[0.405s] DEBUG:colcon.colcon_installed_package_information.package_discovery:Found 315 installed packages in /opt/ros/humble
[0.406s] Level 1:colcon.colcon_core.package_discovery:discover_packages(prefix_path) using defaults
[0.427s] Level 5:colcon.colcon_core.verb:set package 'jai_rosbridge' build argument 'cmake_args' from command line to 'None'
[0.427s] Level 5:colcon.colcon_core.verb:set package 'jai_rosbridge' build argument 'cmake_target' from command line to 'None'
[0.427s] Level 5:colcon.colcon_core.verb:set package 'jai_rosbridge' build argument 'cmake_target_skip_unavailable' from command line to 'False'
[0.427s] Level 5:colcon.colcon_core.verb:set package 'jai_rosbridge' build argument 'cmake_clean_cache' from command line to 'False'
[0.427s] Level 5:colcon.colcon_core.verb:set package 'jai_rosbridge' build argument 'cmake_clean_first' from command line to 'False'
[0.427s] Level 5:colcon.colcon_core.verb:set package 'jai_rosbridge' build argument 'cmake_force_configure' from command line to 'False'
[0.427s] Level 5:colcon.colcon_core.verb:set package 'jai_rosbridge' build argument 'ament_cmake_args' from command line to 'None'
[0.427s] Level 5:colcon.colcon_core.verb:set package 'jai_rosbridge' build argument 'catkin_cmake_args' from command line to 'None'
[0.427s] Level 5:colcon.colcon_core.verb:set package 'jai_rosbridge' build argument 'catkin_skip_building_tests' from command line to 'False'
[0.427s] DEBUG:colcon.colcon_core.verb:Building package 'jai_rosbridge' with the following arguments: {'ament_cmake_args': None, 'build_base': '/home/cg-tuf/turtlebot4_flask/build/jai_rosbridge', 'catkin_cmake_args': None, 'catkin_skip_building_tests': False, 'cmake_args': None, 'cmake_clean_cache': False, 'cmake_clean_first': False, 'cmake_force_configure': False, 'cmake_target': None, 'cmake_target_skip_unavailable': False, 'install_base': '/home/cg-tuf/turtlebot4_flask/install/jai_rosbridge', 'merge_install': False, 'path': '/home/cg-tuf/turtlebot4_flask/clientapp/instance/jai/jai_rosbridge', 'symlink_install': False, 'test_result_base': None}
[0.427s] Level 5:colcon.colcon_core.verb:set package 'piper' build argument 'cmake_args' from command line to 'None'
[0.427s] Level 5:colcon.colcon_core.verb:set package 'piper' build argument 'cmake_target' from command line to 'None'
[0.427s] Level 5:colcon.colcon_core.verb:set package 'piper' build argument 'cmake_target_skip_unavailable' from command line to 'False'
[0.427s] Level 5:colcon.colcon_core.verb:set package 'piper' build argument 'cmake_clean_cache' from command line to 'False'
[0.427s] Level 5:colcon.colcon_core.verb:set package 'piper' build argument 'cmake_clean_first' from command line to 'False'
[0.427s] Level 5:colcon.colcon_core.verb:set package 'piper' build argument 'cmake_force_configure' from command line to 'False'
[0.427s] Level 5:colcon.colcon_core.verb:set package 'piper' build argument 'ament_cmake_args' from command line to 'None'
[0.427s] Level 5:colcon.colcon_core.verb:set package 'piper' build argument 'catkin_cmake_args' from command line to 'None'
[0.427s] Level 5:colcon.colcon_core.verb:set package 'piper' build argument 'catkin_skip_building_tests' from command line to 'False'
[0.427s] DEBUG:colcon.colcon_core.verb:Building package 'piper' with the following arguments: {'ament_cmake_args': None, 'build_base': '/home/cg-tuf/turtlebot4_flask/build/piper', 'catkin_cmake_args': None, 'catkin_skip_building_tests': False, 'cmake_args': None, 'cmake_clean_cache': False, 'cmake_clean_first': False, 'cmake_force_configure': False, 'cmake_target': None, 'cmake_target_skip_unavailable': False, 'install_base': '/home/cg-tuf/turtlebot4_flask/install/piper', 'merge_install': False, 'path': '/home/cg-tuf/turtlebot4_flask/piper_ws/src/Piper_ros/src/piper', 'symlink_install': False, 'test_result_base': None}
[0.428s] Level 5:colcon.colcon_core.verb:set package 'piper_description' build argument 'cmake_args' from command line to 'None'
[0.428s] Level 5:colcon.colcon_core.verb:set package 'piper_description' build argument 'cmake_target' from command line to 'None'
[0.428s] Level 5:colcon.colcon_core.verb:set package 'piper_description' build argument 'cmake_target_skip_unavailable' from command line to 'False'
[0.428s] Level 5:colcon.colcon_core.verb:set package 'piper_description' build argument 'cmake_clean_cache' from command line to 'False'
[0.428s] Level 5:colcon.colcon_core.verb:set package 'piper_description' build argument 'cmake_clean_first' from command line to 'False'
[0.428s] Level 5:colcon.colcon_core.verb:set package 'piper_description' build argument 'cmake_force_configure' from command line to 'False'
[0.428s] Level 5:colcon.colcon_core.verb:set package 'piper_description' build argument 'ament_cmake_args' from command line to 'None'
[0.428s] Level 5:colcon.colcon_core.verb:set package 'piper_description' build argument 'catkin_cmake_args' from command line to 'None'
[0.428s] Level 5:colcon.colcon_core.verb:set package 'piper_description' build argument 'catkin_skip_building_tests' from command line to 'False'
[0.428s] DEBUG:colcon.colcon_core.verb:Building package 'piper_description' with the following arguments: {'ament_cmake_args': None, 'build_base': '/home/cg-tuf/turtlebot4_flask/build/piper_description', 'catkin_cmake_args': None, 'catkin_skip_building_tests': False, 'cmake_args': None, 'cmake_clean_cache': False, 'cmake_clean_first': False, 'cmake_force_configure': False, 'cmake_target': None, 'cmake_target_skip_unavailable': False, 'install_base': '/home/cg-tuf/turtlebot4_flask/install/piper_description', 'merge_install': False, 'path': '/home/cg-tuf/turtlebot4_flask/piper_ws/src/Piper_ros/src/piper_description', 'symlink_install': False, 'test_result_base': None}
[0.428s] Level 5:colcon.colcon_core.verb:set package 'piper_gazebo' build argument 'cmake_args' from command line to 'None'
[0.428s] Level 5:colcon.colcon_core.verb:set package 'piper_gazebo' build argument 'cmake_target' from command line to 'None'
[0.428s] Level 5:colcon.colcon_core.verb:set package 'piper_gazebo' build argument 'cmake_target_skip_unavailable' from command line to 'False'
[0.428s] Level 5:colcon.colcon_core.verb:set package 'piper_gazebo' build argument 'cmake_clean_cache' from command line to 'False'
[0.428s] Level 5:colcon.colcon_core.verb:set package 'piper_gazebo' build argument 'cmake_clean_first' from command line to 'False'
[0.428s] Level 5:colcon.colcon_core.verb:set package 'piper_gazebo' build argument 'cmake_force_configure' from command line to 'False'
[0.428s] Level 5:colcon.colcon_core.verb:set package 'piper_gazebo' build argument 'ament_cmake_args' from command line to 'None'
[0.428s] Level 5:colcon.colcon_core.verb:set package 'piper_gazebo' build argument 'catkin_cmake_args' from command line to 'None'
[0.428s] Level 5:colcon.colcon_core.verb:set package 'piper_gazebo' build argument 'catkin_skip_building_tests' from command line to 'False'
[0.428s] DEBUG:colcon.colcon_core.verb:Building package 'piper_gazebo' with the following arguments: {'ament_cmake_args': None, 'build_base': '/home/cg-tuf/turtlebot4_flask/build/piper_gazebo', 'catkin_cmake_args': None, 'catkin_skip_building_tests': False, 'cmake_args': None, 'cmake_clean_cache': False, 'cmake_clean_first': False, 'cmake_force_configure': False, 'cmake_target': None, 'cmake_target_skip_unavailable': False, 'install_base': '/home/cg-tuf/turtlebot4_flask/install/piper_gazebo', 'merge_install': False, 'path': '/home/cg-tuf/turtlebot4_flask/piper_ws/src/Piper_ros/src/piper_sim/piper_gazebo', 'symlink_install': False, 'test_result_base': None}
[0.428s] Level 5:colcon.colcon_core.verb:set package 'piper_humble' build argument 'cmake_args' from command line to 'None'
[0.428s] Level 5:colcon.colcon_core.verb:set package 'piper_humble' build argument 'cmake_target' from command line to 'None'
[0.428s] Level 5:colcon.colcon_core.verb:set package 'piper_humble' build argument 'cmake_target_skip_unavailable' from command line to 'False'
[0.428s] Level 5:colcon.colcon_core.verb:set package 'piper_humble' build argument 'cmake_clean_cache' from command line to 'False'
[0.428s] Level 5:colcon.colcon_core.verb:set package 'piper_humble' build argument 'cmake_clean_first' from command line to 'False'
[0.428s] Level 5:colcon.colcon_core.verb:set package 'piper_humble' build argument 'cmake_force_configure' from command line to 'False'
[0.428s] Level 5:colcon.colcon_core.verb:set package 'piper_humble' build argument 'ament_cmake_args' from command line to 'None'
[0.428s] Level 5:colcon.colcon_core.verb:set package 'piper_humble' build argument 'catkin_cmake_args' from command line to 'None'
[0.428s] Level 5:colcon.colcon_core.verb:set package 'piper_humble' build argument 'catkin_skip_building_tests' from command line to 'False'
[0.428s] DEBUG:colcon.colcon_core.verb:Building package 'piper_humble' with the following arguments: {'ament_cmake_args': None, 'build_base': '/home/cg-tuf/turtlebot4_flask/build/piper_humble', 'catkin_cmake_args': None, 'catkin_skip_building_tests': False, 'cmake_args': None, 'cmake_clean_cache': False, 'cmake_clean_first': False, 'cmake_force_configure': False, 'cmake_target': None, 'cmake_target_skip_unavailable': False, 'install_base': '/home/cg-tuf/turtlebot4_flask/install/piper_humble', 'merge_install': False, 'path': '/home/cg-tuf/turtlebot4_flask/piper_ws/src/Piper_ros/src/piper_humble', 'symlink_install': False, 'test_result_base': None}
[0.428s] Level 5:colcon.colcon_core.verb:set package 'piper_msgs' build argument 'cmake_args' from command line to 'None'
[0.428s] Level 5:colcon.colcon_core.verb:set package 'piper_msgs' build argument 'cmake_target' from command line to 'None'
[0.428s] Level 5:colcon.colcon_core.verb:set package 'piper_msgs' build argument 'cmake_target_skip_unavailable' from command line to 'False'
[0.428s] Level 5:colcon.colcon_core.verb:set package 'piper_msgs' build argument 'cmake_clean_cache' from command line to 'False'
[0.428s] Level 5:colcon.colcon_core.verb:set package 'piper_msgs' build argument 'cmake_clean_first' from command line to 'False'
[0.428s] Level 5:colcon.colcon_core.verb:set package 'piper_msgs' build argument 'cmake_force_configure' from command line to 'False'
[0.428s] Level 5:colcon.colcon_core.verb:set package 'piper_msgs' build argument 'ament_cmake_args' from command line to 'None'
[0.428s] Level 5:colcon.colcon_core.verb:set package 'piper_msgs' build argument 'catkin_cmake_args' from command line to 'None'
[0.428s] Level 5:colcon.colcon_core.verb:set package 'piper_msgs' build argument 'catkin_skip_building_tests' from command line to 'False'
[0.428s] DEBUG:colcon.colcon_core.verb:Building package 'piper_msgs' with the following arguments: {'ament_cmake_args': None, 'build_base': '/home/cg-tuf/turtlebot4_flask/build/piper_msgs', 'catkin_cmake_args': None, 'catkin_skip_building_tests': False, 'cmake_args': None, 'cmake_clean_cache': False, 'cmake_clean_first': False, 'cmake_force_configure': False, 'cmake_target': None, 'cmake_target_skip_unavailable': False, 'install_base': '/home/cg-tuf/turtlebot4_flask/install/piper_msgs', 'merge_install': False, 'path': '/home/cg-tuf/turtlebot4_flask/piper_ws/src/Piper_ros/src/piper_msgs', 'symlink_install': False, 'test_result_base': None}
[0.429s] Level 5:colcon.colcon_core.verb:set package 'piper_mujoco' build argument 'cmake_args' from command line to 'None'
[0.429s] Level 5:colcon.colcon_core.verb:set package 'piper_mujoco' build argument 'cmake_target' from command line to 'None'
[0.429s] Level 5:colcon.colcon_core.verb:set package 'piper_mujoco' build argument 'cmake_target_skip_unavailable' from command line to 'False'
[0.429s] Level 5:colcon.colcon_core.verb:set package 'piper_mujoco' build argument 'cmake_clean_cache' from command line to 'False'
[0.429s] Level 5:colcon.colcon_core.verb:set package 'piper_mujoco' build argument 'cmake_clean_first' from command line to 'False'
[0.429s] Level 5:colcon.colcon_core.verb:set package 'piper_mujoco' build argument 'cmake_force_configure' from command line to 'False'
[0.429s] Level 5:colcon.colcon_core.verb:set package 'piper_mujoco' build argument 'ament_cmake_args' from command line to 'None'
[0.429s] Level 5:colcon.colcon_core.verb:set package 'piper_mujoco' build argument 'catkin_cmake_args' from command line to 'None'
[0.429s] Level 5:colcon.colcon_core.verb:set package 'piper_mujoco' build argument 'catkin_skip_building_tests' from command line to 'False'
[0.429s] DEBUG:colcon.colcon_core.verb:Building package 'piper_mujoco' with the following arguments: {'ament_cmake_args': None, 'build_base': '/home/cg-tuf/turtlebot4_flask/build/piper_mujoco', 'catkin_cmake_args': None, 'catkin_skip_building_tests': False, 'cmake_args': None, 'cmake_clean_cache': False, 'cmake_clean_first': False, 'cmake_force_configure': False, 'cmake_target': None, 'cmake_target_skip_unavailable': False, 'install_base': '/home/cg-tuf/turtlebot4_flask/install/piper_mujoco', 'merge_install': False, 'path': '/home/cg-tuf/turtlebot4_flask/piper_ws/src/Piper_ros/src/piper_sim/piper_mujoco', 'symlink_install': False, 'test_result_base': None}
[0.429s] Level 5:colcon.colcon_core.verb:set package 'flask_ui' build argument 'cmake_args' from command line to 'None'
[0.429s] Level 5:colcon.colcon_core.verb:set package 'flask_ui' build argument 'cmake_target' from command line to 'None'
[0.429s] Level 5:colcon.colcon_core.verb:set package 'flask_ui' build argument 'cmake_target_skip_unavailable' from command line to 'False'
[0.429s] Level 5:colcon.colcon_core.verb:set package 'flask_ui' build argument 'cmake_clean_cache' from command line to 'False'
[0.429s] Level 5:colcon.colcon_core.verb:set package 'flask_ui' build argument 'cmake_clean_first' from command line to 'False'
[0.429s] Level 5:colcon.colcon_core.verb:set package 'flask_ui' build argument 'cmake_force_configure' from command line to 'False'
[0.429s] Level 5:colcon.colcon_core.verb:set package 'flask_ui' build argument 'ament_cmake_args' from command line to 'None'
[0.429s] Level 5:colcon.colcon_core.verb:set package 'flask_ui' build argument 'catkin_cmake_args' from command line to 'None'
[0.429s] Level 5:colcon.colcon_core.verb:set package 'flask_ui' build argument 'catkin_skip_building_tests' from command line to 'False'
[0.429s] DEBUG:colcon.colcon_core.verb:Building package 'flask_ui' with the following arguments: {'ament_cmake_args': None, 'build_base': '/home/cg-tuf/turtlebot4_flask/build/flask_ui', 'catkin_cmake_args': None, 'catkin_skip_building_tests': False, 'cmake_args': None, 'cmake_clean_cache': False, 'cmake_clean_first': False, 'cmake_force_configure': False, 'cmake_target': None, 'cmake_target_skip_unavailable': False, 'install_base': '/home/cg-tuf/turtlebot4_flask/install/flask_ui', 'merge_install': False, 'path': '/home/cg-tuf/turtlebot4_flask/piper_ws/src/Piper_ros/src/flask_ui', 'symlink_install': False, 'test_result_base': None}
[0.429s] Level 5:colcon.colcon_core.verb:set package 'piper_no_gripper_moveit' build argument 'cmake_args' from command line to 'None'
[0.429s] Level 5:colcon.colcon_core.verb:set package 'piper_no_gripper_moveit' build argument 'cmake_target' from command line to 'None'
[0.429s] Level 5:colcon.colcon_core.verb:set package 'piper_no_gripper_moveit' build argument 'cmake_target_skip_unavailable' from command line to 'False'
[0.429s] Level 5:colcon.colcon_core.verb:set package 'piper_no_gripper_moveit' build argument 'cmake_clean_cache' from command line to 'False'
[0.429s] Level 5:colcon.colcon_core.verb:set package 'piper_no_gripper_moveit' build argument 'cmake_clean_first' from command line to 'False'
[0.429s] Level 5:colcon.colcon_core.verb:set package 'piper_no_gripper_moveit' build argument 'cmake_force_configure' from command line to 'False'
[0.429s] Level 5:colcon.colcon_core.verb:set package 'piper_no_gripper_moveit' build argument 'ament_cmake_args' from command line to 'None'
[0.429s] Level 5:colcon.colcon_core.verb:set package 'piper_no_gripper_moveit' build argument 'catkin_cmake_args' from command line to 'None'
[0.429s] Level 5:colcon.colcon_core.verb:set package 'piper_no_gripper_moveit' build argument 'catkin_skip_building_tests' from command line to 'False'
[0.429s] DEBUG:colcon.colcon_core.verb:Building package 'piper_no_gripper_moveit' with the following arguments: {'ament_cmake_args': None, 'build_base': '/home/cg-tuf/turtlebot4_flask/build/piper_no_gripper_moveit', 'catkin_cmake_args': None, 'catkin_skip_building_tests': False, 'cmake_args': None, 'cmake_clean_cache': False, 'cmake_clean_first': False, 'cmake_force_configure': False, 'cmake_target': None, 'cmake_target_skip_unavailable': False, 'install_base': '/home/cg-tuf/turtlebot4_flask/install/piper_no_gripper_moveit', 'merge_install': False, 'path': '/home/cg-tuf/turtlebot4_flask/piper_ws/src/Piper_ros/src/piper_moveit/piper_no_gripper_moveit', 'symlink_install': False, 'test_result_base': None}
[0.429s] Level 5:colcon.colcon_core.verb:set package 'piper_with_gripper_moveit' build argument 'cmake_args' from command line to 'None'
[0.429s] Level 5:colcon.colcon_core.verb:set package 'piper_with_gripper_moveit' build argument 'cmake_target' from command line to 'None'
[0.429s] Level 5:colcon.colcon_core.verb:set package 'piper_with_gripper_moveit' build argument 'cmake_target_skip_unavailable' from command line to 'False'
[0.429s] Level 5:colcon.colcon_core.verb:set package 'piper_with_gripper_moveit' build argument 'cmake_clean_cache' from command line to 'False'
[0.429s] Level 5:colcon.colcon_core.verb:set package 'piper_with_gripper_moveit' build argument 'cmake_clean_first' from command line to 'False'
[0.429s] Level 5:colcon.colcon_core.verb:set package 'piper_with_gripper_moveit' build argument 'cmake_force_configure' from command line to 'False'
[0.429s] Level 5:colcon.colcon_core.verb:set package 'piper_with_gripper_moveit' build argument 'ament_cmake_args' from command line to 'None'
[0.429s] Level 5:colcon.colcon_core.verb:set package 'piper_with_gripper_moveit' build argument 'catkin_cmake_args' from command line to 'None'
[0.429s] Level 5:colcon.colcon_core.verb:set package 'piper_with_gripper_moveit' build argument 'catkin_skip_building_tests' from command line to 'False'
[0.429s] DEBUG:colcon.colcon_core.verb:Building package 'piper_with_gripper_moveit' with the following arguments: {'ament_cmake_args': None, 'build_base': '/home/cg-tuf/turtlebot4_flask/build/piper_with_gripper_moveit', 'catkin_cmake_args': None, 'catkin_skip_building_tests': False, 'cmake_args': None, 'cmake_clean_cache': False, 'cmake_clean_first': False, 'cmake_force_configure': False, 'cmake_target': None, 'cmake_target_skip_unavailable': False, 'install_base': '/home/cg-tuf/turtlebot4_flask/install/piper_with_gripper_moveit', 'merge_install': False, 'path': '/home/cg-tuf/turtlebot4_flask/piper_ws/src/Piper_ros/src/piper_moveit/piper_with_gripper_moveit', 'symlink_install': False, 'test_result_base': None}
[0.429s] INFO:colcon.colcon_core.executor:Executing jobs using 'parallel' executor
[0.430s] DEBUG:colcon.colcon_parallel_executor.executor.parallel:run_until_complete
[0.430s] INFO:colcon.colcon_ros.task.ament_cmake.build:Building ROS package in '/home/cg-tuf/turtlebot4_flask/piper_ws/src/Piper_ros/src/piper_description' with build type 'ament_cmake'
[0.431s] INFO:colcon.colcon_cmake.task.cmake.build:Building CMake package in '/home/cg-tuf/turtlebot4_flask/piper_ws/src/Piper_ros/src/piper_description'
[0.434s] INFO:colcon.colcon_core.plugin_system:Skipping extension 'colcon_core.shell.bat': Not used on non-Windows systems
[0.434s] INFO:colcon.colcon_core.shell:Skip shell extension 'powershell' for command environment: Not usable outside of PowerShell
[0.434s] DEBUG:colcon.colcon_core.shell:Skip shell extension 'dsv' for command environment
[0.436s] INFO:colcon.colcon_ros.task.ament_cmake.build:Building ROS package in '/home/cg-tuf/turtlebot4_flask/piper_ws/src/Piper_ros/src/piper_msgs' with build type 'ament_cmake'
[0.436s] INFO:colcon.colcon_cmake.task.cmake.build:Building CMake package in '/home/cg-tuf/turtlebot4_flask/piper_ws/src/Piper_ros/src/piper_msgs'
[0.436s] INFO:colcon.colcon_core.shell:Skip shell extension 'powershell' for command environment: Not usable outside of PowerShell
[0.436s] DEBUG:colcon.colcon_core.shell:Skip shell extension 'dsv' for command environment
[0.438s] INFO:colcon.colcon_ros.task.ament_cmake.build:Building ROS package in '/home/cg-tuf/turtlebot4_flask/clientapp/instance/jai/jai_rosbridge' with build type 'ament_cmake'
[0.438s] INFO:colcon.colcon_cmake.task.cmake.build:Building CMake package in '/home/cg-tuf/turtlebot4_flask/clientapp/instance/jai/jai_rosbridge'
[0.439s] INFO:colcon.colcon_core.shell:Skip shell extension 'powershell' for command environment: Not usable outside of PowerShell
[0.439s] DEBUG:colcon.colcon_core.shell:Skip shell extension 'dsv' for command environment
[0.440s] INFO:colcon.colcon_ros.task.ament_python.build:Building ROS package in '/home/cg-tuf/turtlebot4_flask/piper_ws/src/Piper_ros/src/piper' with build type 'ament_python'
[0.440s] Level 1:colcon.colcon_core.shell:create_environment_hook('piper', 'ament_prefix_path')
[0.440s] INFO:colcon.colcon_core.shell:Creating environment hook '/home/cg-tuf/turtlebot4_flask/install/piper/share/piper/hook/ament_prefix_path.ps1'
[0.441s] INFO:colcon.colcon_core.shell:Creating environment descriptor '/home/cg-tuf/turtlebot4_flask/install/piper/share/piper/hook/ament_prefix_path.dsv'
[0.442s] INFO:colcon.colcon_core.shell:Creating environment hook '/home/cg-tuf/turtlebot4_flask/install/piper/share/piper/hook/ament_prefix_path.sh'
[0.442s] INFO:colcon.colcon_core.shell:Skip shell extension 'powershell' for command environment: Not usable outside of PowerShell
[0.442s] DEBUG:colcon.colcon_core.shell:Skip shell extension 'dsv' for command environment
[0.446s] INFO:colcon.colcon_ros.task.ament_cmake.build:Building ROS package in '/home/cg-tuf/turtlebot4_flask/piper_ws/src/Piper_ros/src/piper_sim/piper_gazebo' with build type 'ament_cmake'
[0.446s] INFO:colcon.colcon_cmake.task.cmake.build:Building CMake package in '/home/cg-tuf/turtlebot4_flask/piper_ws/src/Piper_ros/src/piper_sim/piper_gazebo'
[0.446s] INFO:colcon.colcon_core.shell:Skip shell extension 'powershell' for command environment: Not usable outside of PowerShell
[0.446s] DEBUG:colcon.colcon_core.shell:Skip shell extension 'dsv' for command environment
[0.449s] INFO:colcon.colcon_ros.task.ament_cmake.build:Building ROS package in '/home/cg-tuf/turtlebot4_flask/piper_ws/src/Piper_ros/src/piper_humble' with build type 'ament_cmake'
[0.449s] INFO:colcon.colcon_cmake.task.cmake.build:Building CMake package in '/home/cg-tuf/turtlebot4_flask/piper_ws/src/Piper_ros/src/piper_humble'
[0.449s] INFO:colcon.colcon_core.shell:Skip shell extension 'powershell' for command environment: Not usable outside of PowerShell
[0.449s] DEBUG:colcon.colcon_core.shell:Skip shell extension 'dsv' for command environment
[0.451s] INFO:colcon.colcon_ros.task.ament_cmake.build:Building ROS package in '/home/cg-tuf/turtlebot4_flask/piper_ws/src/Piper_ros/src/piper_sim/piper_mujoco' with build type 'ament_cmake'
[0.451s] INFO:colcon.colcon_cmake.task.cmake.build:Building CMake package in '/home/cg-tuf/turtlebot4_flask/piper_ws/src/Piper_ros/src/piper_sim/piper_mujoco'
[0.451s] INFO:colcon.colcon_core.shell:Skip shell extension 'powershell' for command environment: Not usable outside of PowerShell
[0.451s] DEBUG:colcon.colcon_core.shell:Skip shell extension 'dsv' for command environment
[0.457s] DEBUG:colcon.colcon_core.event_handler.log_command:Invoking command in '/home/cg-tuf/turtlebot4_flask/build/piper_description': CMAKE_PREFIX_PATH=/opt/ros/humble /usr/bin/cmake --build /home/cg-tuf/turtlebot4_flask/build/piper_description -- -j16 -l16
[0.463s] DEBUG:colcon.colcon_core.event_handler.log_command:Invoking command in '/home/cg-tuf/turtlebot4_flask/build/piper_msgs': CMAKE_PREFIX_PATH=/opt/ros/humble /usr/bin/cmake --build /home/cg-tuf/turtlebot4_flask/build/piper_msgs -- -j16 -l16
[0.464s] DEBUG:colcon.colcon_core.event_handler.log_command:Invoking command in '/home/cg-tuf/turtlebot4_flask/build/jai_rosbridge': CMAKE_PREFIX_PATH=/opt/ros/humble /usr/bin/cmake --build /home/cg-tuf/turtlebot4_flask/build/jai_rosbridge -- -j16 -l16
[0.689s] INFO:colcon.colcon_core.task.python.build:Building Python package in '/home/cg-tuf/turtlebot4_flask/piper_ws/src/Piper_ros/src/piper'
[0.690s] INFO:colcon.colcon_core.shell:Skip shell extension 'powershell' for command environment: Not usable outside of PowerShell
[0.690s] DEBUG:colcon.colcon_core.shell:Skip shell extension 'dsv' for command environment
[0.696s] DEBUG:colcon.colcon_core.event_handler.log_command:Invoking command in '/home/cg-tuf/turtlebot4_flask/build/piper_gazebo': CMAKE_PREFIX_PATH=/opt/ros/humble /usr/bin/cmake --build /home/cg-tuf/turtlebot4_flask/build/piper_gazebo -- -j16 -l16
[0.698s] DEBUG:colcon.colcon_core.event_handler.log_command:Invoking command in '/home/cg-tuf/turtlebot4_flask/build/piper_humble': CMAKE_PREFIX_PATH=/opt/ros/humble /usr/bin/cmake --build /home/cg-tuf/turtlebot4_flask/build/piper_humble -- -j16 -l16
[0.704s] DEBUG:colcon.colcon_core.event_handler.log_command:Invoking command in '/home/cg-tuf/turtlebot4_flask/build/piper_mujoco': CMAKE_PREFIX_PATH=/opt/ros/humble /usr/bin/cmake --build /home/cg-tuf/turtlebot4_flask/build/piper_mujoco -- -j16 -l16
[0.704s] DEBUG:colcon.colcon_core.event_handler.log_command:Invoked command in '/home/cg-tuf/turtlebot4_flask/build/piper_description' returned '0': CMAKE_PREFIX_PATH=/opt/ros/humble /usr/bin/cmake --build /home/cg-tuf/turtlebot4_flask/build/piper_description -- -j16 -l16
[0.714s] DEBUG:colcon.colcon_core.event_handler.log_command:Invoking command in '/home/cg-tuf/turtlebot4_flask/build/piper_description': CMAKE_PREFIX_PATH=/opt/ros/humble /usr/bin/cmake --install /home/cg-tuf/turtlebot4_flask/build/piper_description
[0.727s] Level 1:colcon.colcon_core.environment:create_environment_scripts_only(piper_description)
[0.728s] DEBUG:colcon.colcon_core.event_handler.log_command:Invoked command in '/home/cg-tuf/turtlebot4_flask/build/piper_description' returned '0': CMAKE_PREFIX_PATH=/opt/ros/humble /usr/bin/cmake --install /home/cg-tuf/turtlebot4_flask/build/piper_description
[0.734s] Level 1:colcon.colcon_core.environment:checking '/home/cg-tuf/turtlebot4_flask/install/piper_description' for CMake module files
[0.734s] Level 1:colcon.colcon_core.environment:checking '/home/cg-tuf/turtlebot4_flask/install/piper_description' for CMake config files
[0.735s] Level 1:colcon.colcon_core.shell:create_environment_hook('piper_description', 'cmake_prefix_path')
[0.735s] INFO:colcon.colcon_core.shell:Creating environment hook '/home/cg-tuf/turtlebot4_flask/install/piper_description/share/piper_description/hook/cmake_prefix_path.ps1'
[0.736s] INFO:colcon.colcon_core.shell:Creating environment descriptor '/home/cg-tuf/turtlebot4_flask/install/piper_description/share/piper_description/hook/cmake_prefix_path.dsv'
[0.736s] INFO:colcon.colcon_core.shell:Creating environment hook '/home/cg-tuf/turtlebot4_flask/install/piper_description/share/piper_description/hook/cmake_prefix_path.sh'
[0.736s] Level 1:colcon.colcon_core.environment:checking '/home/cg-tuf/turtlebot4_flask/install/piper_description/bin'
[0.737s] Level 1:colcon.colcon_core.environment:checking '/home/cg-tuf/turtlebot4_flask/install/piper_description/lib/pkgconfig/piper_description.pc'
[0.737s] Level 1:colcon.colcon_core.environment:checking '/home/cg-tuf/turtlebot4_flask/install/piper_description/lib/python3.10/site-packages'
[0.737s] Level 1:colcon.colcon_core.environment:checking '/home/cg-tuf/turtlebot4_flask/install/piper_description/bin'
[0.737s] INFO:colcon.colcon_core.shell:Creating package script '/home/cg-tuf/turtlebot4_flask/install/piper_description/share/piper_description/package.ps1'
[0.738s] INFO:colcon.colcon_core.shell:Creating package descriptor '/home/cg-tuf/turtlebot4_flask/install/piper_description/share/piper_description/package.dsv'
[0.738s] INFO:colcon.colcon_core.shell:Creating package script '/home/cg-tuf/turtlebot4_flask/install/piper_description/share/piper_description/package.sh'
[0.739s] INFO:colcon.colcon_core.shell:Creating package script '/home/cg-tuf/turtlebot4_flask/install/piper_description/share/piper_description/package.bash'
[0.740s] INFO:colcon.colcon_core.shell:Creating package script '/home/cg-tuf/turtlebot4_flask/install/piper_description/share/piper_description/package.zsh'
[0.741s] Level 1:colcon.colcon_core.environment:create_file_with_runtime_dependencies(/home/cg-tuf/turtlebot4_flask/install/piper_description/share/colcon-core/packages/piper_description)
[0.742s] Level 1:colcon.colcon_core.environment:create_environment_scripts_only(piper_description)
[0.742s] Level 1:colcon.colcon_core.environment:checking '/home/cg-tuf/turtlebot4_flask/install/piper_description' for CMake module files
[0.742s] Level 1:colcon.colcon_core.environment:checking '/home/cg-tuf/turtlebot4_flask/install/piper_description' for CMake config files
[0.742s] Level 1:colcon.colcon_core.shell:create_environment_hook('piper_description', 'cmake_prefix_path')
[0.742s] INFO:colcon.colcon_core.shell:Creating environment hook '/home/cg-tuf/turtlebot4_flask/install/piper_description/share/piper_description/hook/cmake_prefix_path.ps1'
[0.743s] INFO:colcon.colcon_core.shell:Creating environment descriptor '/home/cg-tuf/turtlebot4_flask/install/piper_description/share/piper_description/hook/cmake_prefix_path.dsv'
[0.743s] INFO:colcon.colcon_core.shell:Creating environment hook '/home/cg-tuf/turtlebot4_flask/install/piper_description/share/piper_description/hook/cmake_prefix_path.sh'
[0.743s] Level 1:colcon.colcon_core.environment:checking '/home/cg-tuf/turtlebot4_flask/install/piper_description/bin'
[0.743s] Level 1:colcon.colcon_core.environment:checking '/home/cg-tuf/turtlebot4_flask/install/piper_description/lib/pkgconfig/piper_description.pc'
[0.744s] Level 1:colcon.colcon_core.environment:checking '/home/cg-tuf/turtlebot4_flask/install/piper_description/lib/python3.10/site-packages'
[0.744s] Level 1:colcon.colcon_core.environment:checking '/home/cg-tuf/turtlebot4_flask/install/piper_description/bin'
[0.744s] INFO:colcon.colcon_core.shell:Creating package script '/home/cg-tuf/turtlebot4_flask/install/piper_description/share/piper_description/package.ps1'
[0.744s] INFO:colcon.colcon_core.shell:Creating package descriptor '/home/cg-tuf/turtlebot4_flask/install/piper_description/share/piper_description/package.dsv'
[0.745s] INFO:colcon.colcon_core.shell:Creating package script '/home/cg-tuf/turtlebot4_flask/install/piper_description/share/piper_description/package.sh'
[0.745s] INFO:colcon.colcon_core.shell:Creating package script '/home/cg-tuf/turtlebot4_flask/install/piper_description/share/piper_description/package.bash'
[0.745s] INFO:colcon.colcon_core.shell:Creating package script '/home/cg-tuf/turtlebot4_flask/install/piper_description/share/piper_description/package.zsh'
[0.745s] Level 1:colcon.colcon_core.environment:create_file_with_runtime_dependencies(/home/cg-tuf/turtlebot4_flask/install/piper_description/share/colcon-core/packages/piper_description)
[0.746s] INFO:colcon.colcon_ros.task.ament_cmake.build:Building ROS package in '/home/cg-tuf/turtlebot4_flask/piper_ws/src/Piper_ros/src/piper_moveit/piper_no_gripper_moveit' with build type 'ament_cmake'
[0.746s] INFO:colcon.colcon_cmake.task.cmake.build:Building CMake package in '/home/cg-tuf/turtlebot4_flask/piper_ws/src/Piper_ros/src/piper_moveit/piper_no_gripper_moveit'
[0.746s] INFO:colcon.colcon_core.shell:Skip shell extension 'powershell' for command environment: Not usable outside of PowerShell
[0.746s] DEBUG:colcon.colcon_core.shell:Skip shell extension 'dsv' for command environment
[0.750s] INFO:colcon.colcon_ros.task.ament_cmake.build:Building ROS package in '/home/cg-tuf/turtlebot4_flask/piper_ws/src/Piper_ros/src/piper_moveit/piper_with_gripper_moveit' with build type 'ament_cmake'
[0.750s] INFO:colcon.colcon_cmake.task.cmake.build:Building CMake package in '/home/cg-tuf/turtlebot4_flask/piper_ws/src/Piper_ros/src/piper_moveit/piper_with_gripper_moveit'
[0.750s] INFO:colcon.colcon_core.shell:Skip shell extension 'powershell' for command environment: Not usable outside of PowerShell
[0.750s] DEBUG:colcon.colcon_core.shell:Skip shell extension 'dsv' for command environment
[0.754s] DEBUG:colcon.colcon_core.event_handler.log_command:Invoked command in '/home/cg-tuf/turtlebot4_flask/build/piper_mujoco' returned '0': CMAKE_PREFIX_PATH=/opt/ros/humble /usr/bin/cmake --build /home/cg-tuf/turtlebot4_flask/build/piper_mujoco -- -j16 -l16
[0.756s] DEBUG:colcon.colcon_core.event_handler.log_command:Invoking command in '/home/cg-tuf/turtlebot4_flask/build/piper_mujoco': CMAKE_PREFIX_PATH=/opt/ros/humble /usr/bin/cmake --install /home/cg-tuf/turtlebot4_flask/build/piper_mujoco
[0.756s] DEBUG:colcon.colcon_core.event_handler.log_command:Invoked command in '/home/cg-tuf/turtlebot4_flask/build/piper_humble' returned '0': CMAKE_PREFIX_PATH=/opt/ros/humble /usr/bin/cmake --build /home/cg-tuf/turtlebot4_flask/build/piper_humble -- -j16 -l16
[0.757s] DEBUG:colcon.colcon_core.event_handler.log_command:Invoking command in '/home/cg-tuf/turtlebot4_flask/build/piper_humble': CMAKE_PREFIX_PATH=/opt/ros/humble /usr/bin/cmake --install /home/cg-tuf/turtlebot4_flask/build/piper_humble
[0.758s] DEBUG:colcon.colcon_core.event_handler.log_command:Invoked command in '/home/cg-tuf/turtlebot4_flask/build/piper_gazebo' returned '0': CMAKE_PREFIX_PATH=/opt/ros/humble /usr/bin/cmake --build /home/cg-tuf/turtlebot4_flask/build/piper_gazebo -- -j16 -l16
[0.760s] DEBUG:colcon.colcon_core.event_handler.log_command:Invoking command in '/home/cg-tuf/turtlebot4_flask/build/piper_gazebo': CMAKE_PREFIX_PATH=/opt/ros/humble /usr/bin/cmake --install /home/cg-tuf/turtlebot4_flask/build/piper_gazebo
[0.767s] DEBUG:colcon.colcon_core.event_handler.log_command:Invoking command in '/home/cg-tuf/turtlebot4_flask/build/piper_no_gripper_moveit': AMENT_PREFIX_PATH=/home/cg-tuf/turtlebot4_flask/install/piper_description:${AMENT_PREFIX_PATH} CMAKE_PREFIX_PATH=/home/cg-tuf/turtlebot4_flask/install/piper_description:/opt/ros/humble /usr/bin/cmake --build /home/cg-tuf/turtlebot4_flask/build/piper_no_gripper_moveit -- -j16 -l16
[0.773s] DEBUG:colcon.colcon_core.event_handler.log_command:Invoking command in '/home/cg-tuf/turtlebot4_flask/build/piper_with_gripper_moveit': AMENT_PREFIX_PATH=/home/cg-tuf/turtlebot4_flask/install/piper_description:${AMENT_PREFIX_PATH} CMAKE_PREFIX_PATH=/home/cg-tuf/turtlebot4_flask/install/piper_description:/opt/ros/humble /usr/bin/cmake --build /home/cg-tuf/turtlebot4_flask/build/piper_with_gripper_moveit -- -j16 -l16
[0.773s] Level 1:colcon.colcon_core.environment:create_environment_scripts_only(piper_humble)
[0.774s] Level 1:colcon.colcon_core.environment:checking '/home/cg-tuf/turtlebot4_flask/install/piper_humble' for CMake module files
[0.775s] DEBUG:colcon.colcon_core.event_handler.log_command:Invoked command in '/home/cg-tuf/turtlebot4_flask/build/piper_humble' returned '0': CMAKE_PREFIX_PATH=/opt/ros/humble /usr/bin/cmake --install /home/cg-tuf/turtlebot4_flask/build/piper_humble
[0.775s] Level 1:colcon.colcon_core.environment:checking '/home/cg-tuf/turtlebot4_flask/install/piper_humble' for CMake config files
[0.776s] Level 1:colcon.colcon_core.shell:create_environment_hook('piper_humble', 'cmake_prefix_path')
[0.776s] INFO:colcon.colcon_core.shell:Creating environment hook '/home/cg-tuf/turtlebot4_flask/install/piper_humble/share/piper_humble/hook/cmake_prefix_path.ps1'
[0.777s] INFO:colcon.colcon_core.shell:Creating environment descriptor '/home/cg-tuf/turtlebot4_flask/install/piper_humble/share/piper_humble/hook/cmake_prefix_path.dsv'
[0.777s] INFO:colcon.colcon_core.shell:Creating environment hook '/home/cg-tuf/turtlebot4_flask/install/piper_humble/share/piper_humble/hook/cmake_prefix_path.sh'
[0.778s] Level 1:colcon.colcon_core.environment:checking '/home/cg-tuf/turtlebot4_flask/install/piper_humble/bin'
[0.778s] Level 1:colcon.colcon_core.environment:checking '/home/cg-tuf/turtlebot4_flask/install/piper_humble/lib/pkgconfig/piper_humble.pc'
[0.778s] Level 1:colcon.colcon_core.environment:checking '/home/cg-tuf/turtlebot4_flask/install/piper_humble/lib/python3.10/site-packages'
[0.778s] Level 1:colcon.colcon_core.environment:checking '/home/cg-tuf/turtlebot4_flask/install/piper_humble/bin'
[0.779s] INFO:colcon.colcon_core.shell:Creating package script '/home/cg-tuf/turtlebot4_flask/install/piper_humble/share/piper_humble/package.ps1'
[0.779s] INFO:colcon.colcon_core.shell:Creating package descriptor '/home/cg-tuf/turtlebot4_flask/install/piper_humble/share/piper_humble/package.dsv'
[0.779s] INFO:colcon.colcon_core.shell:Creating package script '/home/cg-tuf/turtlebot4_flask/install/piper_humble/share/piper_humble/package.sh'
[0.780s] INFO:colcon.colcon_core.shell:Creating package script '/home/cg-tuf/turtlebot4_flask/install/piper_humble/share/piper_humble/package.bash'
[0.780s] INFO:colcon.colcon_core.shell:Creating package script '/home/cg-tuf/turtlebot4_flask/install/piper_humble/share/piper_humble/package.zsh'
[0.780s] Level 1:colcon.colcon_core.environment:create_file_with_runtime_dependencies(/home/cg-tuf/turtlebot4_flask/install/piper_humble/share/colcon-core/packages/piper_humble)
[0.780s] Level 1:colcon.colcon_core.environment:create_environment_scripts_only(piper_humble)
[0.781s] Level 1:colcon.colcon_core.environment:checking '/home/cg-tuf/turtlebot4_flask/install/piper_humble' for CMake module files
[0.781s] Level 1:colcon.colcon_core.environment:checking '/home/cg-tuf/turtlebot4_flask/install/piper_humble' for CMake config files
[0.781s] Level 1:colcon.colcon_core.shell:create_environment_hook('piper_humble', 'cmake_prefix_path')
[0.781s] INFO:colcon.colcon_core.shell:Creating environment hook '/home/cg-tuf/turtlebot4_flask/install/piper_humble/share/piper_humble/hook/cmake_prefix_path.ps1'
[0.781s] INFO:colcon.colcon_core.shell:Creating environment descriptor '/home/cg-tuf/turtlebot4_flask/install/piper_humble/share/piper_humble/hook/cmake_prefix_path.dsv'
[0.782s] INFO:colcon.colcon_core.shell:Creating environment hook '/home/cg-tuf/turtlebot4_flask/install/piper_humble/share/piper_humble/hook/cmake_prefix_path.sh'
[0.782s] Level 1:colcon.colcon_core.environment:checking '/home/cg-tuf/turtlebot4_flask/install/piper_humble/bin'
[0.782s] Level 1:colcon.colcon_core.environment:checking '/home/cg-tuf/turtlebot4_flask/install/piper_humble/lib/pkgconfig/piper_humble.pc'
[0.782s] Level 1:colcon.colcon_core.environment:checking '/home/cg-tuf/turtlebot4_flask/install/piper_humble/lib/python3.10/site-packages'
[0.782s] Level 1:colcon.colcon_core.environment:checking '/home/cg-tuf/turtlebot4_flask/install/piper_humble/bin'
[0.783s] INFO:colcon.colcon_core.shell:Creating package script '/home/cg-tuf/turtlebot4_flask/install/piper_humble/share/piper_humble/package.ps1'
[0.783s] INFO:colcon.colcon_core.shell:Creating package descriptor '/home/cg-tuf/turtlebot4_flask/install/piper_humble/share/piper_humble/package.dsv'
[0.783s] INFO:colcon.colcon_core.shell:Creating package script '/home/cg-tuf/turtlebot4_flask/install/piper_humble/share/piper_humble/package.sh'
[0.783s] INFO:colcon.colcon_core.shell:Creating package script '/home/cg-tuf/turtlebot4_flask/install/piper_humble/share/piper_humble/package.bash'
[0.784s] INFO:colcon.colcon_core.shell:Creating package script '/home/cg-tuf/turtlebot4_flask/install/piper_humble/share/piper_humble/package.zsh'
[0.784s] Level 1:colcon.colcon_core.environment:create_file_with_runtime_dependencies(/home/cg-tuf/turtlebot4_flask/install/piper_humble/share/colcon-core/packages/piper_humble)
[0.784s] Level 1:colcon.colcon_core.environment:create_environment_scripts_only(piper_mujoco)
[0.784s] Level 1:colcon.colcon_core.environment:checking '/home/cg-tuf/turtlebot4_flask/install/piper_mujoco' for CMake module files
[0.785s] DEBUG:colcon.colcon_core.event_handler.log_command:Invoked command in '/home/cg-tuf/turtlebot4_flask/build/piper_mujoco' returned '0': CMAKE_PREFIX_PATH=/opt/ros/humble /usr/bin/cmake --install /home/cg-tuf/turtlebot4_flask/build/piper_mujoco
[0.786s] Level 1:colcon.colcon_core.environment:checking '/home/cg-tuf/turtlebot4_flask/install/piper_mujoco' for CMake config files
[0.786s] Level 1:colcon.colcon_core.shell:create_environment_hook('piper_mujoco', 'cmake_prefix_path')
[0.786s] INFO:colcon.colcon_core.shell:Creating environment hook '/home/cg-tuf/turtlebot4_flask/install/piper_mujoco/share/piper_mujoco/hook/cmake_prefix_path.ps1'
[0.786s] INFO:colcon.colcon_core.shell:Creating environment descriptor '/home/cg-tuf/turtlebot4_flask/install/piper_mujoco/share/piper_mujoco/hook/cmake_prefix_path.dsv'
[0.787s] INFO:colcon.colcon_core.shell:Creating environment hook '/home/cg-tuf/turtlebot4_flask/install/piper_mujoco/share/piper_mujoco/hook/cmake_prefix_path.sh'
[0.787s] Level 1:colcon.colcon_core.environment:checking '/home/cg-tuf/turtlebot4_flask/install/piper_mujoco/lib'
[0.787s] Level 1:colcon.colcon_core.environment:checking '/home/cg-tuf/turtlebot4_flask/install/piper_mujoco/bin'
[0.787s] Level 1:colcon.colcon_core.environment:checking '/home/cg-tuf/turtlebot4_flask/install/piper_mujoco/lib/pkgconfig/piper_mujoco.pc'
[0.788s] Level 1:colcon.colcon_core.environment:checking '/home/cg-tuf/turtlebot4_flask/install/piper_mujoco/lib/python3.10/site-packages'
[0.788s] Level 1:colcon.colcon_core.environment:checking '/home/cg-tuf/turtlebot4_flask/install/piper_mujoco/bin'
[0.788s] INFO:colcon.colcon_core.shell:Creating package script '/home/cg-tuf/turtlebot4_flask/install/piper_mujoco/share/piper_mujoco/package.ps1'
[0.788s] INFO:colcon.colcon_core.shell:Creating package descriptor '/home/cg-tuf/turtlebot4_flask/install/piper_mujoco/share/piper_mujoco/package.dsv'
[0.789s] INFO:colcon.colcon_core.shell:Creating package script '/home/cg-tuf/turtlebot4_flask/install/piper_mujoco/share/piper_mujoco/package.sh'
[0.789s] INFO:colcon.colcon_core.shell:Creating package script '/home/cg-tuf/turtlebot4_flask/install/piper_mujoco/share/piper_mujoco/package.bash'
[0.789s] INFO:colcon.colcon_core.shell:Creating package script '/home/cg-tuf/turtlebot4_flask/install/piper_mujoco/share/piper_mujoco/package.zsh'
[0.789s] Level 1:colcon.colcon_core.environment:create_file_with_runtime_dependencies(/home/cg-tuf/turtlebot4_flask/install/piper_mujoco/share/colcon-core/packages/piper_mujoco)
[0.790s] Level 1:colcon.colcon_core.environment:create_environment_scripts_only(piper_mujoco)
[0.790s] Level 1:colcon.colcon_core.environment:checking '/home/cg-tuf/turtlebot4_flask/install/piper_mujoco' for CMake module files
[0.790s] Level 1:colcon.colcon_core.environment:checking '/home/cg-tuf/turtlebot4_flask/install/piper_mujoco' for CMake config files
[0.790s] Level 1:colcon.colcon_core.shell:create_environment_hook('piper_mujoco', 'cmake_prefix_path')
[0.790s] INFO:colcon.colcon_core.shell:Creating environment hook '/home/cg-tuf/turtlebot4_flask/install/piper_mujoco/share/piper_mujoco/hook/cmake_prefix_path.ps1'
[0.791s] INFO:colcon.colcon_core.shell:Creating environment descriptor '/home/cg-tuf/turtlebot4_flask/install/piper_mujoco/share/piper_mujoco/hook/cmake_prefix_path.dsv'
[0.791s] INFO:colcon.colcon_core.shell:Creating environment hook '/home/cg-tuf/turtlebot4_flask/install/piper_mujoco/share/piper_mujoco/hook/cmake_prefix_path.sh'
[0.791s] Level 1:colcon.colcon_core.environment:checking '/home/cg-tuf/turtlebot4_flask/install/piper_mujoco/lib'
[0.792s] Level 1:colcon.colcon_core.environment:checking '/home/cg-tuf/turtlebot4_flask/install/piper_mujoco/bin'
[0.792s] Level 1:colcon.colcon_core.environment:checking '/home/cg-tuf/turtlebot4_flask/install/piper_mujoco/lib/pkgconfig/piper_mujoco.pc'
[0.792s] Level 1:colcon.colcon_core.environment:checking '/home/cg-tuf/turtlebot4_flask/install/piper_mujoco/lib/python3.10/site-packages'
[0.792s] Level 1:colcon.colcon_core.environment:checking '/home/cg-tuf/turtlebot4_flask/install/piper_mujoco/bin'
[0.792s] INFO:colcon.colcon_core.shell:Creating package script '/home/cg-tuf/turtlebot4_flask/install/piper_mujoco/share/piper_mujoco/package.ps1'
[0.793s] INFO:colcon.colcon_core.shell:Creating package descriptor '/home/cg-tuf/turtlebot4_flask/install/piper_mujoco/share/piper_mujoco/package.dsv'
[0.793s] INFO:colcon.colcon_core.shell:Creating package script '/home/cg-tuf/turtlebot4_flask/install/piper_mujoco/share/piper_mujoco/package.sh'
[0.793s] INFO:colcon.colcon_core.shell:Creating package script '/home/cg-tuf/turtlebot4_flask/install/piper_mujoco/share/piper_mujoco/package.bash'
[0.794s] INFO:colcon.colcon_core.shell:Creating package script '/home/cg-tuf/turtlebot4_flask/install/piper_mujoco/share/piper_mujoco/package.zsh'
[0.794s] Level 1:colcon.colcon_core.environment:create_file_with_runtime_dependencies(/home/cg-tuf/turtlebot4_flask/install/piper_mujoco/share/colcon-core/packages/piper_mujoco)
[0.796s] Level 1:colcon.colcon_core.environment:create_environment_scripts_only(piper_gazebo)
[0.796s] Level 1:colcon.colcon_core.environment:checking '/home/cg-tuf/turtlebot4_flask/install/piper_gazebo' for CMake module files
[0.797s] DEBUG:colcon.colcon_core.event_handler.log_command:Invoked command in '/home/cg-tuf/turtlebot4_flask/build/piper_gazebo' returned '0': CMAKE_PREFIX_PATH=/opt/ros/humble /usr/bin/cmake --install /home/cg-tuf/turtlebot4_flask/build/piper_gazebo
[0.797s] Level 1:colcon.colcon_core.environment:checking '/home/cg-tuf/turtlebot4_flask/install/piper_gazebo' for CMake config files
[0.798s] Level 1:colcon.colcon_core.shell:create_environment_hook('piper_gazebo', 'cmake_prefix_path')
[0.798s] INFO:colcon.colcon_core.shell:Creating environment hook '/home/cg-tuf/turtlebot4_flask/install/piper_gazebo/share/piper_gazebo/hook/cmake_prefix_path.ps1'
[0.798s] INFO:colcon.colcon_core.shell:Creating environment descriptor '/home/cg-tuf/turtlebot4_flask/install/piper_gazebo/share/piper_gazebo/hook/cmake_prefix_path.dsv'
[0.799s] INFO:colcon.colcon_core.shell:Creating environment hook '/home/cg-tuf/turtlebot4_flask/install/piper_gazebo/share/piper_gazebo/hook/cmake_prefix_path.sh'
[0.799s] Level 1:colcon.colcon_core.environment:checking '/home/cg-tuf/turtlebot4_flask/install/piper_gazebo/lib'
[0.799s] Level 1:colcon.colcon_core.environment:checking '/home/cg-tuf/turtlebot4_flask/install/piper_gazebo/bin'
[0.799s] Level 1:colcon.colcon_core.environment:checking '/home/cg-tuf/turtlebot4_flask/install/piper_gazebo/lib/pkgconfig/piper_gazebo.pc'
[0.800s] Level 1:colcon.colcon_core.environment:checking '/home/cg-tuf/turtlebot4_flask/install/piper_gazebo/lib/python3.10/site-packages'
[0.800s] Level 1:colcon.colcon_core.environment:checking '/home/cg-tuf/turtlebot4_flask/install/piper_gazebo/bin'
[0.800s] INFO:colcon.colcon_core.shell:Creating package script '/home/cg-tuf/turtlebot4_flask/install/piper_gazebo/share/piper_gazebo/package.ps1'
[0.800s] INFO:colcon.colcon_core.shell:Creating package descriptor '/home/cg-tuf/turtlebot4_flask/install/piper_gazebo/share/piper_gazebo/package.dsv'
[0.801s] INFO:colcon.colcon_core.shell:Creating package script '/home/cg-tuf/turtlebot4_flask/install/piper_gazebo/share/piper_gazebo/package.sh'
[0.801s] INFO:colcon.colcon_core.shell:Creating package script '/home/cg-tuf/turtlebot4_flask/install/piper_gazebo/share/piper_gazebo/package.bash'
[0.801s] INFO:colcon.colcon_core.shell:Creating package script '/home/cg-tuf/turtlebot4_flask/install/piper_gazebo/share/piper_gazebo/package.zsh'
[0.801s] Level 1:colcon.colcon_core.environment:create_file_with_runtime_dependencies(/home/cg-tuf/turtlebot4_flask/install/piper_gazebo/share/colcon-core/packages/piper_gazebo)
[0.802s] Level 1:colcon.colcon_core.environment:create_environment_scripts_only(piper_gazebo)
[0.802s] Level 1:colcon.colcon_core.environment:checking '/home/cg-tuf/turtlebot4_flask/install/piper_gazebo' for CMake module files
[0.802s] Level 1:colcon.colcon_core.environment:checking '/home/cg-tuf/turtlebot4_flask/install/piper_gazebo' for CMake config files
[0.802s] Level 1:colcon.colcon_core.shell:create_environment_hook('piper_gazebo', 'cmake_prefix_path')
[0.803s] INFO:colcon.colcon_core.shell:Creating environment hook '/home/cg-tuf/turtlebot4_flask/install/piper_gazebo/share/piper_gazebo/hook/cmake_prefix_path.ps1'
[0.803s] INFO:colcon.colcon_core.shell:Creating environment descriptor '/home/cg-tuf/turtlebot4_flask/install/piper_gazebo/share/piper_gazebo/hook/cmake_prefix_path.dsv'
[0.803s] INFO:colcon.colcon_core.shell:Creating environment hook '/home/cg-tuf/turtlebot4_flask/install/piper_gazebo/share/piper_gazebo/hook/cmake_prefix_path.sh'
[0.803s] Level 1:colcon.colcon_core.environment:checking '/home/cg-tuf/turtlebot4_flask/install/piper_gazebo/lib'
[0.803s] Level 1:colcon.colcon_core.environment:checking '/home/cg-tuf/turtlebot4_flask/install/piper_gazebo/bin'
[0.804s] Level 1:colcon.colcon_core.environment:checking '/home/cg-tuf/turtlebot4_flask/install/piper_gazebo/lib/pkgconfig/piper_gazebo.pc'
[0.804s] Level 1:colcon.colcon_core.environment:checking '/home/cg-tuf/turtlebot4_flask/install/piper_gazebo/lib/python3.10/site-packages'
[0.804s] Level 1:colcon.colcon_core.environment:checking '/home/cg-tuf/turtlebot4_flask/install/piper_gazebo/bin'
[0.804s] INFO:colcon.colcon_core.shell:Creating package script '/home/cg-tuf/turtlebot4_flask/install/piper_gazebo/share/piper_gazebo/package.ps1'
[0.804s] INFO:colcon.colcon_core.shell:Creating package descriptor '/home/cg-tuf/turtlebot4_flask/install/piper_gazebo/share/piper_gazebo/package.dsv'
[0.805s] INFO:colcon.colcon_core.shell:Creating package script '/home/cg-tuf/turtlebot4_flask/install/piper_gazebo/share/piper_gazebo/package.sh'
[0.805s] INFO:colcon.colcon_core.shell:Creating package script '/home/cg-tuf/turtlebot4_flask/install/piper_gazebo/share/piper_gazebo/package.bash'
[0.805s] INFO:colcon.colcon_core.shell:Creating package script '/home/cg-tuf/turtlebot4_flask/install/piper_gazebo/share/piper_gazebo/package.zsh'
[0.805s] Level 1:colcon.colcon_core.environment:create_file_with_runtime_dependencies(/home/cg-tuf/turtlebot4_flask/install/piper_gazebo/share/colcon-core/packages/piper_gazebo)
[0.809s] DEBUG:colcon.colcon_core.event_handler.log_command:Invoked command in '/home/cg-tuf/turtlebot4_flask/build/piper_no_gripper_moveit' returned '0': AMENT_PREFIX_PATH=/home/cg-tuf/turtlebot4_flask/install/piper_description:${AMENT_PREFIX_PATH} CMAKE_PREFIX_PATH=/home/cg-tuf/turtlebot4_flask/install/piper_description:/opt/ros/humble /usr/bin/cmake --build /home/cg-tuf/turtlebot4_flask/build/piper_no_gripper_moveit -- -j16 -l16
[0.811s] DEBUG:colcon.colcon_core.event_handler.log_command:Invoking command in '/home/cg-tuf/turtlebot4_flask/build/piper_no_gripper_moveit': AMENT_PREFIX_PATH=/home/cg-tuf/turtlebot4_flask/install/piper_description:${AMENT_PREFIX_PATH} CMAKE_PREFIX_PATH=/home/cg-tuf/turtlebot4_flask/install/piper_description:/opt/ros/humble /usr/bin/cmake --install /home/cg-tuf/turtlebot4_flask/build/piper_no_gripper_moveit
[0.812s] DEBUG:colcon.colcon_core.event_handler.log_command:Invoked command in '/home/cg-tuf/turtlebot4_flask/build/piper_msgs' returned '0': CMAKE_PREFIX_PATH=/opt/ros/humble /usr/bin/cmake --build /home/cg-tuf/turtlebot4_flask/build/piper_msgs -- -j16 -l16
[0.814s] DEBUG:colcon.colcon_core.event_handler.log_command:Invoking command in '/home/cg-tuf/turtlebot4_flask/build/piper_msgs': CMAKE_PREFIX_PATH=/opt/ros/humble /usr/bin/cmake --install /home/cg-tuf/turtlebot4_flask/build/piper_msgs
[0.814s] DEBUG:colcon.colcon_core.event_handler.log_command:Invoked command in '/home/cg-tuf/turtlebot4_flask/build/jai_rosbridge' returned '0': CMAKE_PREFIX_PATH=/opt/ros/humble /usr/bin/cmake --build /home/cg-tuf/turtlebot4_flask/build/jai_rosbridge -- -j16 -l16
[0.816s] DEBUG:colcon.colcon_core.event_handler.log_command:Invoking command in '/home/cg-tuf/turtlebot4_flask/build/jai_rosbridge': CMAKE_PREFIX_PATH=/opt/ros/humble /usr/bin/cmake --install /home/cg-tuf/turtlebot4_flask/build/jai_rosbridge
[0.817s] DEBUG:colcon.colcon_core.event_handler.log_command:Invoked command in '/home/cg-tuf/turtlebot4_flask/build/piper_with_gripper_moveit' returned '0': AMENT_PREFIX_PATH=/home/cg-tuf/turtlebot4_flask/install/piper_description:${AMENT_PREFIX_PATH} CMAKE_PREFIX_PATH=/home/cg-tuf/turtlebot4_flask/install/piper_description:/opt/ros/humble /usr/bin/cmake --build /home/cg-tuf/turtlebot4_flask/build/piper_with_gripper_moveit -- -j16 -l16
[0.818s] DEBUG:colcon.colcon_core.event_handler.log_command:Invoking command in '/home/cg-tuf/turtlebot4_flask/build/piper_with_gripper_moveit': AMENT_PREFIX_PATH=/home/cg-tuf/turtlebot4_flask/install/piper_description:${AMENT_PREFIX_PATH} CMAKE_PREFIX_PATH=/home/cg-tuf/turtlebot4_flask/install/piper_description:/opt/ros/humble /usr/bin/cmake --install /home/cg-tuf/turtlebot4_flask/build/piper_with_gripper_moveit
[0.823s] Level 1:colcon.colcon_core.environment:create_environment_scripts_only(piper_no_gripper_moveit)
[0.824s] Level 1:colcon.colcon_core.environment:checking '/home/cg-tuf/turtlebot4_flask/install/piper_no_gripper_moveit' for CMake module files
[0.826s] DEBUG:colcon.colcon_core.event_handler.log_command:Invoked command in '/home/cg-tuf/turtlebot4_flask/build/piper_no_gripper_moveit' returned '0': AMENT_PREFIX_PATH=/home/cg-tuf/turtlebot4_flask/install/piper_description:${AMENT_PREFIX_PATH} CMAKE_PREFIX_PATH=/home/cg-tuf/turtlebot4_flask/install/piper_description:/opt/ros/humble /usr/bin/cmake --install /home/cg-tuf/turtlebot4_flask/build/piper_no_gripper_moveit
[0.830s] Level 1:colcon.colcon_core.environment:checking '/home/cg-tuf/turtlebot4_flask/install/piper_no_gripper_moveit' for CMake config files
[0.835s] Level 1:colcon.colcon_core.shell:create_environment_hook('piper_no_gripper_moveit', 'cmake_prefix_path')
[0.835s] INFO:colcon.colcon_core.shell:Creating environment hook '/home/cg-tuf/turtlebot4_flask/install/piper_no_gripper_moveit/share/piper_no_gripper_moveit/hook/cmake_prefix_path.ps1'
[0.836s] INFO:colcon.colcon_core.shell:Creating environment descriptor '/home/cg-tuf/turtlebot4_flask/install/piper_no_gripper_moveit/share/piper_no_gripper_moveit/hook/cmake_prefix_path.dsv'
[0.836s] INFO:colcon.colcon_core.shell:Creating environment hook '/home/cg-tuf/turtlebot4_flask/install/piper_no_gripper_moveit/share/piper_no_gripper_moveit/hook/cmake_prefix_path.sh'
[0.836s] Level 1:colcon.colcon_core.environment:checking '/home/cg-tuf/turtlebot4_flask/install/piper_no_gripper_moveit/bin'
[0.836s] Level 1:colcon.colcon_core.environment:checking '/home/cg-tuf/turtlebot4_flask/install/piper_no_gripper_moveit/lib/pkgconfig/piper_no_gripper_moveit.pc'
[0.837s] Level 1:colcon.colcon_core.environment:checking '/home/cg-tuf/turtlebot4_flask/install/piper_no_gripper_moveit/lib/python3.10/site-packages'
[0.837s] Level 1:colcon.colcon_core.environment:checking '/home/cg-tuf/turtlebot4_flask/install/piper_no_gripper_moveit/bin'
[0.837s] INFO:colcon.colcon_core.shell:Creating package script '/home/cg-tuf/turtlebot4_flask/install/piper_no_gripper_moveit/share/piper_no_gripper_moveit/package.ps1'
[0.837s] INFO:colcon.colcon_core.shell:Creating package descriptor '/home/cg-tuf/turtlebot4_flask/install/piper_no_gripper_moveit/share/piper_no_gripper_moveit/package.dsv'
[0.838s] INFO:colcon.colcon_core.shell:Creating package script '/home/cg-tuf/turtlebot4_flask/install/piper_no_gripper_moveit/share/piper_no_gripper_moveit/package.sh'
[0.838s] INFO:colcon.colcon_core.shell:Creating package script '/home/cg-tuf/turtlebot4_flask/install/piper_no_gripper_moveit/share/piper_no_gripper_moveit/package.bash'
[0.838s] INFO:colcon.colcon_core.shell:Creating package script '/home/cg-tuf/turtlebot4_flask/install/piper_no_gripper_moveit/share/piper_no_gripper_moveit/package.zsh'
[0.838s] Level 1:colcon.colcon_core.environment:create_file_with_runtime_dependencies(/home/cg-tuf/turtlebot4_flask/install/piper_no_gripper_moveit/share/colcon-core/packages/piper_no_gripper_moveit)
[0.839s] Level 1:colcon.colcon_core.environment:create_environment_scripts_only(piper_no_gripper_moveit)
[0.839s] Level 1:colcon.colcon_core.environment:checking '/home/cg-tuf/turtlebot4_flask/install/piper_no_gripper_moveit' for CMake module files
[0.839s] Level 1:colcon.colcon_core.environment:checking '/home/cg-tuf/turtlebot4_flask/install/piper_no_gripper_moveit' for CMake config files
[0.840s] Level 1:colcon.colcon_core.shell:create_environment_hook('piper_no_gripper_moveit', 'cmake_prefix_path')
[0.840s] INFO:colcon.colcon_core.shell:Creating environment hook '/home/cg-tuf/turtlebot4_flask/install/piper_no_gripper_moveit/share/piper_no_gripper_moveit/hook/cmake_prefix_path.ps1'
[0.840s] INFO:colcon.colcon_core.shell:Creating environment descriptor '/home/cg-tuf/turtlebot4_flask/install/piper_no_gripper_moveit/share/piper_no_gripper_moveit/hook/cmake_prefix_path.dsv'
[0.840s] INFO:colcon.colcon_core.shell:Creating environment hook '/home/cg-tuf/turtlebot4_flask/install/piper_no_gripper_moveit/share/piper_no_gripper_moveit/hook/cmake_prefix_path.sh'
[0.841s] Level 1:colcon.colcon_core.environment:checking '/home/cg-tuf/turtlebot4_flask/install/piper_no_gripper_moveit/bin'
[0.841s] Level 1:colcon.colcon_core.environment:checking '/home/cg-tuf/turtlebot4_flask/install/piper_no_gripper_moveit/lib/pkgconfig/piper_no_gripper_moveit.pc'
[0.841s] Level 1:colcon.colcon_core.environment:checking '/home/cg-tuf/turtlebot4_flask/install/piper_no_gripper_moveit/lib/python3.10/site-packages'
[0.841s] Level 1:colcon.colcon_core.environment:checking '/home/cg-tuf/turtlebot4_flask/install/piper_no_gripper_moveit/bin'
[0.841s] INFO:colcon.colcon_core.shell:Creating package script '/home/cg-tuf/turtlebot4_flask/install/piper_no_gripper_moveit/share/piper_no_gripper_moveit/package.ps1'
[0.841s] INFO:colcon.colcon_core.shell:Creating package descriptor '/home/cg-tuf/turtlebot4_flask/install/piper_no_gripper_moveit/share/piper_no_gripper_moveit/package.dsv'
[0.842s] INFO:colcon.colcon_core.shell:Creating package script '/home/cg-tuf/turtlebot4_flask/install/piper_no_gripper_moveit/share/piper_no_gripper_moveit/package.sh'
[0.842s] INFO:colcon.colcon_core.shell:Creating package script '/home/cg-tuf/turtlebot4_flask/install/piper_no_gripper_moveit/share/piper_no_gripper_moveit/package.bash'
[0.842s] INFO:colcon.colcon_core.shell:Creating package script '/home/cg-tuf/turtlebot4_flask/install/piper_no_gripper_moveit/share/piper_no_gripper_moveit/package.zsh'
[0.842s] Level 1:colcon.colcon_core.environment:create_file_with_runtime_dependencies(/home/cg-tuf/turtlebot4_flask/install/piper_no_gripper_moveit/share/colcon-core/packages/piper_no_gripper_moveit)
[0.845s] Level 1:colcon.colcon_core.environment:create_environment_scripts_only(piper_with_gripper_moveit)
[0.846s] Level 1:colcon.colcon_core.environment:checking '/home/cg-tuf/turtlebot4_flask/install/piper_with_gripper_moveit' for CMake module files
[0.846s] DEBUG:colcon.colcon_core.event_handler.log_command:Invoked command in '/home/cg-tuf/turtlebot4_flask/build/piper_with_gripper_moveit' returned '0': AMENT_PREFIX_PATH=/home/cg-tuf/turtlebot4_flask/install/piper_description:${AMENT_PREFIX_PATH} CMAKE_PREFIX_PATH=/home/cg-tuf/turtlebot4_flask/install/piper_description:/opt/ros/humble /usr/bin/cmake --install /home/cg-tuf/turtlebot4_flask/build/piper_with_gripper_moveit
[0.846s] Level 1:colcon.colcon_core.environment:checking '/home/cg-tuf/turtlebot4_flask/install/piper_with_gripper_moveit' for CMake config files
[0.847s] Level 1:colcon.colcon_core.shell:create_environment_hook('piper_with_gripper_moveit', 'cmake_prefix_path')
[0.847s] INFO:colcon.colcon_core.shell:Creating environment hook '/home/cg-tuf/turtlebot4_flask/install/piper_with_gripper_moveit/share/piper_with_gripper_moveit/hook/cmake_prefix_path.ps1'
[0.847s] INFO:colcon.colcon_core.shell:Creating environment descriptor '/home/cg-tuf/turtlebot4_flask/install/piper_with_gripper_moveit/share/piper_with_gripper_moveit/hook/cmake_prefix_path.dsv'
[0.847s] INFO:colcon.colcon_core.shell:Creating environment hook '/home/cg-tuf/turtlebot4_flask/install/piper_with_gripper_moveit/share/piper_with_gripper_moveit/hook/cmake_prefix_path.sh'
[0.848s] Level 1:colcon.colcon_core.environment:checking '/home/cg-tuf/turtlebot4_flask/install/piper_with_gripper_moveit/bin'
[0.848s] Level 1:colcon.colcon_core.environment:checking '/home/cg-tuf/turtlebot4_flask/install/piper_with_gripper_moveit/lib/pkgconfig/piper_with_gripper_moveit.pc'
[0.848s] Level 1:colcon.colcon_core.environment:checking '/home/cg-tuf/turtlebot4_flask/install/piper_with_gripper_moveit/lib/python3.10/site-packages'
[0.848s] Level 1:colcon.colcon_core.environment:checking '/home/cg-tuf/turtlebot4_flask/install/piper_with_gripper_moveit/bin'
[0.848s] INFO:colcon.colcon_core.shell:Creating package script '/home/cg-tuf/turtlebot4_flask/install/piper_with_gripper_moveit/share/piper_with_gripper_moveit/package.ps1'
[0.848s] INFO:colcon.colcon_core.shell:Creating package descriptor '/home/cg-tuf/turtlebot4_flask/install/piper_with_gripper_moveit/share/piper_with_gripper_moveit/package.dsv'
[0.849s] INFO:colcon.colcon_core.shell:Creating package script '/home/cg-tuf/turtlebot4_flask/install/piper_with_gripper_moveit/share/piper_with_gripper_moveit/package.sh'
[0.849s] INFO:colcon.colcon_core.shell:Creating package script '/home/cg-tuf/turtlebot4_flask/install/piper_with_gripper_moveit/share/piper_with_gripper_moveit/package.bash'
[0.849s] INFO:colcon.colcon_core.shell:Creating package script '/home/cg-tuf/turtlebot4_flask/install/piper_with_gripper_moveit/share/piper_with_gripper_moveit/package.zsh'
[0.849s] Level 1:colcon.colcon_core.environment:create_file_with_runtime_dependencies(/home/cg-tuf/turtlebot4_flask/install/piper_with_gripper_moveit/share/colcon-core/packages/piper_with_gripper_moveit)
[0.849s] Level 1:colcon.colcon_core.environment:create_environment_scripts_only(piper_with_gripper_moveit)
[0.850s] Level 1:colcon.colcon_core.environment:checking '/home/cg-tuf/turtlebot4_flask/install/piper_with_gripper_moveit' for CMake module files
[0.850s] Level 1:colcon.colcon_core.environment:checking '/home/cg-tuf/turtlebot4_flask/install/piper_with_gripper_moveit' for CMake config files
[0.850s] Level 1:colcon.colcon_core.shell:create_environment_hook('piper_with_gripper_moveit', 'cmake_prefix_path')
[0.850s] INFO:colcon.colcon_core.shell:Creating environment hook '/home/cg-tuf/turtlebot4_flask/install/piper_with_gripper_moveit/share/piper_with_gripper_moveit/hook/cmake_prefix_path.ps1'
[0.850s] INFO:colcon.colcon_core.shell:Creating environment descriptor '/home/cg-tuf/turtlebot4_flask/install/piper_with_gripper_moveit/share/piper_with_gripper_moveit/hook/cmake_prefix_path.dsv'
[0.850s] INFO:colcon.colcon_core.shell:Creating environment hook '/home/cg-tuf/turtlebot4_flask/install/piper_with_gripper_moveit/share/piper_with_gripper_moveit/hook/cmake_prefix_path.sh'
[0.851s] Level 1:colcon.colcon_core.environment:checking '/home/cg-tuf/turtlebot4_flask/install/piper_with_gripper_moveit/bin'
[0.851s] Level 1:colcon.colcon_core.environment:checking '/home/cg-tuf/turtlebot4_flask/install/piper_with_gripper_moveit/lib/pkgconfig/piper_with_gripper_moveit.pc'
[0.851s] Level 1:colcon.colcon_core.environment:checking '/home/cg-tuf/turtlebot4_flask/install/piper_with_gripper_moveit/lib/python3.10/site-packages'
[0.851s] Level 1:colcon.colcon_core.environment:checking '/home/cg-tuf/turtlebot4_flask/install/piper_with_gripper_moveit/bin'
[0.851s] INFO:colcon.colcon_core.shell:Creating package script '/home/cg-tuf/turtlebot4_flask/install/piper_with_gripper_moveit/share/piper_with_gripper_moveit/package.ps1'
[0.852s] INFO:colcon.colcon_core.shell:Creating package descriptor '/home/cg-tuf/turtlebot4_flask/install/piper_with_gripper_moveit/share/piper_with_gripper_moveit/package.dsv'
[0.852s] INFO:colcon.colcon_core.shell:Creating package script '/home/cg-tuf/turtlebot4_flask/install/piper_with_gripper_moveit/share/piper_with_gripper_moveit/package.sh'
[0.852s] INFO:colcon.colcon_core.shell:Creating package script '/home/cg-tuf/turtlebot4_flask/install/piper_with_gripper_moveit/share/piper_with_gripper_moveit/package.bash'
[0.852s] INFO:colcon.colcon_core.shell:Creating package script '/home/cg-tuf/turtlebot4_flask/install/piper_with_gripper_moveit/share/piper_with_gripper_moveit/package.zsh'
[0.853s] Level 1:colcon.colcon_core.environment:create_file_with_runtime_dependencies(/home/cg-tuf/turtlebot4_flask/install/piper_with_gripper_moveit/share/colcon-core/packages/piper_with_gripper_moveit)
[0.876s] Level 1:colcon.colcon_core.environment:create_environment_scripts_only(piper_msgs)
[0.877s] Level 1:colcon.colcon_core.environment:checking '/home/cg-tuf/turtlebot4_flask/install/piper_msgs' for CMake module files
[0.877s] DEBUG:colcon.colcon_core.event_handler.log_command:Invoked command in '/home/cg-tuf/turtlebot4_flask/build/piper_msgs' returned '0': CMAKE_PREFIX_PATH=/opt/ros/humble /usr/bin/cmake --install /home/cg-tuf/turtlebot4_flask/build/piper_msgs
[0.878s] Level 1:colcon.colcon_core.environment:checking '/home/cg-tuf/turtlebot4_flask/install/piper_msgs' for CMake config files
[0.878s] Level 1:colcon.colcon_core.shell:create_environment_hook('piper_msgs', 'cmake_prefix_path')
[0.878s] INFO:colcon.colcon_core.shell:Creating environment hook '/home/cg-tuf/turtlebot4_flask/install/piper_msgs/share/piper_msgs/hook/cmake_prefix_path.ps1'
[0.879s] INFO:colcon.colcon_core.shell:Creating environment descriptor '/home/cg-tuf/turtlebot4_flask/install/piper_msgs/share/piper_msgs/hook/cmake_prefix_path.dsv'
[0.879s] INFO:colcon.colcon_core.shell:Creating environment hook '/home/cg-tuf/turtlebot4_flask/install/piper_msgs/share/piper_msgs/hook/cmake_prefix_path.sh'
[0.879s] Level 1:colcon.colcon_core.environment:checking '/home/cg-tuf/turtlebot4_flask/install/piper_msgs/lib'
[0.879s] Level 1:colcon.colcon_core.shell:create_environment_hook('piper_msgs', 'ld_library_path_lib')
[0.879s] INFO:colcon.colcon_core.shell:Creating environment hook '/home/cg-tuf/turtlebot4_flask/install/piper_msgs/share/piper_msgs/hook/ld_library_path_lib.ps1'
[0.880s] INFO:colcon.colcon_core.shell:Creating environment descriptor '/home/cg-tuf/turtlebot4_flask/install/piper_msgs/share/piper_msgs/hook/ld_library_path_lib.dsv'
[0.880s] INFO:colcon.colcon_core.shell:Creating environment hook '/home/cg-tuf/turtlebot4_flask/install/piper_msgs/share/piper_msgs/hook/ld_library_path_lib.sh'
[0.880s] Level 1:colcon.colcon_core.environment:checking '/home/cg-tuf/turtlebot4_flask/install/piper_msgs/bin'
[0.880s] Level 1:colcon.colcon_core.environment:checking '/home/cg-tuf/turtlebot4_flask/install/piper_msgs/lib/pkgconfig/piper_msgs.pc'
[0.880s] Level 1:colcon.colcon_core.environment:checking '/home/cg-tuf/turtlebot4_flask/install/piper_msgs/lib/python3.10/site-packages'
[0.880s] Level 1:colcon.colcon_core.environment:checking '/home/cg-tuf/turtlebot4_flask/install/piper_msgs/bin'
[0.880s] INFO:colcon.colcon_core.shell:Creating package script '/home/cg-tuf/turtlebot4_flask/install/piper_msgs/share/piper_msgs/package.ps1'
[0.881s] INFO:colcon.colcon_core.shell:Creating package descriptor '/home/cg-tuf/turtlebot4_flask/install/piper_msgs/share/piper_msgs/package.dsv'
[0.881s] INFO:colcon.colcon_core.shell:Creating package script '/home/cg-tuf/turtlebot4_flask/install/piper_msgs/share/piper_msgs/package.sh'
[0.881s] INFO:colcon.colcon_core.shell:Creating package script '/home/cg-tuf/turtlebot4_flask/install/piper_msgs/share/piper_msgs/package.bash'
[0.881s] INFO:colcon.colcon_core.shell:Creating package script '/home/cg-tuf/turtlebot4_flask/install/piper_msgs/share/piper_msgs/package.zsh'
[0.882s] Level 1:colcon.colcon_core.environment:create_file_with_runtime_dependencies(/home/cg-tuf/turtlebot4_flask/install/piper_msgs/share/colcon-core/packages/piper_msgs)
[0.882s] Level 1:colcon.colcon_core.environment:create_environment_scripts_only(piper_msgs)
[0.882s] Level 1:colcon.colcon_core.environment:checking '/home/cg-tuf/turtlebot4_flask/install/piper_msgs' for CMake module files
[0.883s] Level 1:colcon.colcon_core.environment:checking '/home/cg-tuf/turtlebot4_flask/install/piper_msgs' for CMake config files
[0.883s] Level 1:colcon.colcon_core.shell:create_environment_hook('piper_msgs', 'cmake_prefix_path')
[0.883s] INFO:colcon.colcon_core.shell:Creating environment hook '/home/cg-tuf/turtlebot4_flask/install/piper_msgs/share/piper_msgs/hook/cmake_prefix_path.ps1'
[0.883s] INFO:colcon.colcon_core.shell:Creating environment descriptor '/home/cg-tuf/turtlebot4_flask/install/piper_msgs/share/piper_msgs/hook/cmake_prefix_path.dsv'
[0.883s] INFO:colcon.colcon_core.shell:Creating environment hook '/home/cg-tuf/turtlebot4_flask/install/piper_msgs/share/piper_msgs/hook/cmake_prefix_path.sh'
[0.884s] Level 1:colcon.colcon_core.environment:checking '/home/cg-tuf/turtlebot4_flask/install/piper_msgs/lib'
[0.884s] Level 1:colcon.colcon_core.shell:create_environment_hook('piper_msgs', 'ld_library_path_lib')
[0.884s] INFO:colcon.colcon_core.shell:Creating environment hook '/home/cg-tuf/turtlebot4_flask/install/piper_msgs/share/piper_msgs/hook/ld_library_path_lib.ps1'
[0.884s] INFO:colcon.colcon_core.shell:Creating environment descriptor '/home/cg-tuf/turtlebot4_flask/install/piper_msgs/share/piper_msgs/hook/ld_library_path_lib.dsv'
[0.884s] INFO:colcon.colcon_core.shell:Creating environment hook '/home/cg-tuf/turtlebot4_flask/install/piper_msgs/share/piper_msgs/hook/ld_library_path_lib.sh'
[0.884s] Level 1:colcon.colcon_core.environment:checking '/home/cg-tuf/turtlebot4_flask/install/piper_msgs/bin'
[0.884s] Level 1:colcon.colcon_core.environment:checking '/home/cg-tuf/turtlebot4_flask/install/piper_msgs/lib/pkgconfig/piper_msgs.pc'
[0.884s] Level 1:colcon.colcon_core.environment:checking '/home/cg-tuf/turtlebot4_flask/install/piper_msgs/lib/python3.10/site-packages'
[0.885s] Level 1:colcon.colcon_core.environment:checking '/home/cg-tuf/turtlebot4_flask/install/piper_msgs/bin'
[0.885s] INFO:colcon.colcon_core.shell:Creating package script '/home/cg-tuf/turtlebot4_flask/install/piper_msgs/share/piper_msgs/package.ps1'
[0.885s] INFO:colcon.colcon_core.shell:Creating package descriptor '/home/cg-tuf/turtlebot4_flask/install/piper_msgs/share/piper_msgs/package.dsv'
[0.885s] INFO:colcon.colcon_core.shell:Creating package script '/home/cg-tuf/turtlebot4_flask/install/piper_msgs/share/piper_msgs/package.sh'
[0.886s] INFO:colcon.colcon_core.shell:Creating package script '/home/cg-tuf/turtlebot4_flask/install/piper_msgs/share/piper_msgs/package.bash'
[0.886s] INFO:colcon.colcon_core.shell:Creating package script '/home/cg-tuf/turtlebot4_flask/install/piper_msgs/share/piper_msgs/package.zsh'
[0.886s] Level 1:colcon.colcon_core.environment:create_file_with_runtime_dependencies(/home/cg-tuf/turtlebot4_flask/install/piper_msgs/share/colcon-core/packages/piper_msgs)
[0.886s] INFO:colcon.colcon_ros.task.ament_cmake.build:Building ROS package in '/home/cg-tuf/turtlebot4_flask/piper_ws/src/Piper_ros/src/flask_ui' with build type 'ament_cmake'
[0.886s] INFO:colcon.colcon_cmake.task.cmake.build:Building CMake package in '/home/cg-tuf/turtlebot4_flask/piper_ws/src/Piper_ros/src/flask_ui'
[0.887s] INFO:colcon.colcon_core.shell:Skip shell extension 'powershell' for command environment: Not usable outside of PowerShell
[0.887s] DEBUG:colcon.colcon_core.shell:Skip shell extension 'dsv' for command environment
[0.891s] Level 1:colcon.colcon_core.environment:create_environment_scripts_only(jai_rosbridge)
[0.891s] Level 1:colcon.colcon_core.environment:checking '/home/cg-tuf/turtlebot4_flask/install/jai_rosbridge' for CMake module files
[0.891s] DEBUG:colcon.colcon_core.event_handler.log_command:Invoked command in '/home/cg-tuf/turtlebot4_flask/build/jai_rosbridge' returned '0': CMAKE_PREFIX_PATH=/opt/ros/humble /usr/bin/cmake --install /home/cg-tuf/turtlebot4_flask/build/jai_rosbridge
[0.892s] Level 1:colcon.colcon_core.environment:checking '/home/cg-tuf/turtlebot4_flask/install/jai_rosbridge' for CMake config files
[0.892s] Level 1:colcon.colcon_core.shell:create_environment_hook('jai_rosbridge', 'cmake_prefix_path')
[0.892s] INFO:colcon.colcon_core.shell:Creating environment hook '/home/cg-tuf/turtlebot4_flask/install/jai_rosbridge/share/jai_rosbridge/hook/cmake_prefix_path.ps1'
[0.893s] INFO:colcon.colcon_core.shell:Creating environment descriptor '/home/cg-tuf/turtlebot4_flask/install/jai_rosbridge/share/jai_rosbridge/hook/cmake_prefix_path.dsv'
[0.893s] INFO:colcon.colcon_core.shell:Creating environment hook '/home/cg-tuf/turtlebot4_flask/install/jai_rosbridge/share/jai_rosbridge/hook/cmake_prefix_path.sh'
[0.893s] Level 1:colcon.colcon_core.environment:checking '/home/cg-tuf/turtlebot4_flask/install/jai_rosbridge/lib'
[0.893s] Level 1:colcon.colcon_core.shell:create_environment_hook('jai_rosbridge', 'ld_library_path_lib')
[0.893s] INFO:colcon.colcon_core.shell:Creating environment hook '/home/cg-tuf/turtlebot4_flask/install/jai_rosbridge/share/jai_rosbridge/hook/ld_library_path_lib.ps1'
[0.894s] INFO:colcon.colcon_core.shell:Creating environment descriptor '/home/cg-tuf/turtlebot4_flask/install/jai_rosbridge/share/jai_rosbridge/hook/ld_library_path_lib.dsv'
[0.894s] INFO:colcon.colcon_core.shell:Creating environment hook '/home/cg-tuf/turtlebot4_flask/install/jai_rosbridge/share/jai_rosbridge/hook/ld_library_path_lib.sh'
[0.894s] Level 1:colcon.colcon_core.environment:checking '/home/cg-tuf/turtlebot4_flask/install/jai_rosbridge/bin'
[0.894s] Level 1:colcon.colcon_core.environment:checking '/home/cg-tuf/turtlebot4_flask/install/jai_rosbridge/lib/pkgconfig/jai_rosbridge.pc'
[0.894s] Level 1:colcon.colcon_core.environment:checking '/home/cg-tuf/turtlebot4_flask/install/jai_rosbridge/lib/python3.10/site-packages'
[0.894s] Level 1:colcon.colcon_core.environment:checking '/home/cg-tuf/turtlebot4_flask/install/jai_rosbridge/bin'
[0.895s] INFO:colcon.colcon_core.shell:Creating package script '/home/cg-tuf/turtlebot4_flask/install/jai_rosbridge/share/jai_rosbridge/package.ps1'
[0.895s] INFO:colcon.colcon_core.shell:Creating package descriptor '/home/cg-tuf/turtlebot4_flask/install/jai_rosbridge/share/jai_rosbridge/package.dsv'
[0.895s] INFO:colcon.colcon_core.shell:Creating package script '/home/cg-tuf/turtlebot4_flask/install/jai_rosbridge/share/jai_rosbridge/package.sh'
[0.895s] INFO:colcon.colcon_core.shell:Creating package script '/home/cg-tuf/turtlebot4_flask/install/jai_rosbridge/share/jai_rosbridge/package.bash'
[0.896s] INFO:colcon.colcon_core.shell:Creating package script '/home/cg-tuf/turtlebot4_flask/install/jai_rosbridge/share/jai_rosbridge/package.zsh'
[0.896s] Level 1:colcon.colcon_core.environment:create_file_with_runtime_dependencies(/home/cg-tuf/turtlebot4_flask/install/jai_rosbridge/share/colcon-core/packages/jai_rosbridge)
[0.896s] Level 1:colcon.colcon_core.environment:create_environment_scripts_only(jai_rosbridge)
[0.896s] Level 1:colcon.colcon_core.environment:checking '/home/cg-tuf/turtlebot4_flask/install/jai_rosbridge' for CMake module files
[0.897s] Level 1:colcon.colcon_core.environment:checking '/home/cg-tuf/turtlebot4_flask/install/jai_rosbridge' for CMake config files
[0.897s] Level 1:colcon.colcon_core.shell:create_environment_hook('jai_rosbridge', 'cmake_prefix_path')
[0.897s] INFO:colcon.colcon_core.shell:Creating environment hook '/home/cg-tuf/turtlebot4_flask/install/jai_rosbridge/share/jai_rosbridge/hook/cmake_prefix_path.ps1'
[0.897s] INFO:colcon.colcon_core.shell:Creating environment descriptor '/home/cg-tuf/turtlebot4_flask/install/jai_rosbridge/share/jai_rosbridge/hook/cmake_prefix_path.dsv'
[0.897s] INFO:colcon.colcon_core.shell:Creating environment hook '/home/cg-tuf/turtlebot4_flask/install/jai_rosbridge/share/jai_rosbridge/hook/cmake_prefix_path.sh'
[0.898s] Level 1:colcon.colcon_core.environment:checking '/home/cg-tuf/turtlebot4_flask/install/jai_rosbridge/lib'
[0.898s] Level 1:colcon.colcon_core.shell:create_environment_hook('jai_rosbridge', 'ld_library_path_lib')
[0.898s] INFO:colcon.colcon_core.shell:Creating environment hook '/home/cg-tuf/turtlebot4_flask/install/jai_rosbridge/share/jai_rosbridge/hook/ld_library_path_lib.ps1'
[0.898s] INFO:colcon.colcon_core.shell:Creating environment descriptor '/home/cg-tuf/turtlebot4_flask/install/jai_rosbridge/share/jai_rosbridge/hook/ld_library_path_lib.dsv'
[0.898s] INFO:colcon.colcon_core.shell:Creating environment hook '/home/cg-tuf/turtlebot4_flask/install/jai_rosbridge/share/jai_rosbridge/hook/ld_library_path_lib.sh'
[0.898s] Level 1:colcon.colcon_core.environment:checking '/home/cg-tuf/turtlebot4_flask/install/jai_rosbridge/bin'
[0.898s] Level 1:colcon.colcon_core.environment:checking '/home/cg-tuf/turtlebot4_flask/install/jai_rosbridge/lib/pkgconfig/jai_rosbridge.pc'
[0.899s] Level 1:colcon.colcon_core.environment:checking '/home/cg-tuf/turtlebot4_flask/install/jai_rosbridge/lib/python3.10/site-packages'
[0.899s] Level 1:colcon.colcon_core.environment:checking '/home/cg-tuf/turtlebot4_flask/install/jai_rosbridge/bin'
[0.899s] INFO:colcon.colcon_core.shell:Creating package script '/home/cg-tuf/turtlebot4_flask/install/jai_rosbridge/share/jai_rosbridge/package.ps1'
[0.899s] INFO:colcon.colcon_core.shell:Creating package descriptor '/home/cg-tuf/turtlebot4_flask/install/jai_rosbridge/share/jai_rosbridge/package.dsv'
[0.899s] INFO:colcon.colcon_core.shell:Creating package script '/home/cg-tuf/turtlebot4_flask/install/jai_rosbridge/share/jai_rosbridge/package.sh'
[0.900s] INFO:colcon.colcon_core.shell:Creating package script '/home/cg-tuf/turtlebot4_flask/install/jai_rosbridge/share/jai_rosbridge/package.bash'
[0.900s] INFO:colcon.colcon_core.shell:Creating package script '/home/cg-tuf/turtlebot4_flask/install/jai_rosbridge/share/jai_rosbridge/package.zsh'
[0.900s] Level 1:colcon.colcon_core.environment:create_file_with_runtime_dependencies(/home/cg-tuf/turtlebot4_flask/install/jai_rosbridge/share/colcon-core/packages/jai_rosbridge)
[0.904s] DEBUG:colcon.colcon_core.event_handler.log_command:Invoking command in '/home/cg-tuf/turtlebot4_flask/build/flask_ui': AMENT_PREFIX_PATH=/home/cg-tuf/turtlebot4_flask/install/piper_msgs:${AMENT_PREFIX_PATH} CMAKE_PREFIX_PATH=/home/cg-tuf/turtlebot4_flask/install/piper_msgs:/opt/ros/humble LD_LIBRARY_PATH=/home/cg-tuf/turtlebot4_flask/install/piper_msgs/lib:${LD_LIBRARY_PATH} PYTHONPATH=/home/cg-tuf/turtlebot4_flask/install/piper_msgs/local/lib/python3.10/dist-packages:${PYTHONPATH} /usr/bin/cmake --build /home/cg-tuf/turtlebot4_flask/build/flask_ui -- -j16 -l16
[0.949s] DEBUG:colcon.colcon_core.event_handler.log_command:Invoked command in '/home/cg-tuf/turtlebot4_flask/build/flask_ui' returned '0': AMENT_PREFIX_PATH=/home/cg-tuf/turtlebot4_flask/install/piper_msgs:${AMENT_PREFIX_PATH} CMAKE_PREFIX_PATH=/home/cg-tuf/turtlebot4_flask/install/piper_msgs:/opt/ros/humble LD_LIBRARY_PATH=/home/cg-tuf/turtlebot4_flask/install/piper_msgs/lib:${LD_LIBRARY_PATH} PYTHONPATH=/home/cg-tuf/turtlebot4_flask/install/piper_msgs/local/lib/python3.10/dist-packages:${PYTHONPATH} /usr/bin/cmake --build /home/cg-tuf/turtlebot4_flask/build/flask_ui -- -j16 -l16
[0.951s] DEBUG:colcon.colcon_core.event_handler.log_command:Invoking command in '/home/cg-tuf/turtlebot4_flask/build/flask_ui': AMENT_PREFIX_PATH=/home/cg-tuf/turtlebot4_flask/install/piper_msgs:${AMENT_PREFIX_PATH} CMAKE_PREFIX_PATH=/home/cg-tuf/turtlebot4_flask/install/piper_msgs:/opt/ros/humble LD_LIBRARY_PATH=/home/cg-tuf/turtlebot4_flask/install/piper_msgs/lib:${LD_LIBRARY_PATH} PYTHONPATH=/home/cg-tuf/turtlebot4_flask/install/piper_msgs/local/lib/python3.10/dist-packages:${PYTHONPATH} /usr/bin/cmake --install /home/cg-tuf/turtlebot4_flask/build/flask_ui
[0.964s] Level 1:colcon.colcon_core.environment:create_environment_scripts_only(flask_ui)
[0.964s] Level 1:colcon.colcon_core.environment:checking '/home/cg-tuf/turtlebot4_flask/install/flask_ui' for CMake module files
[0.965s] DEBUG:colcon.colcon_core.event_handler.log_command:Invoked command in '/home/cg-tuf/turtlebot4_flask/build/flask_ui' returned '0': AMENT_PREFIX_PATH=/home/cg-tuf/turtlebot4_flask/install/piper_msgs:${AMENT_PREFIX_PATH} CMAKE_PREFIX_PATH=/home/cg-tuf/turtlebot4_flask/install/piper_msgs:/opt/ros/humble LD_LIBRARY_PATH=/home/cg-tuf/turtlebot4_flask/install/piper_msgs/lib:${LD_LIBRARY_PATH} PYTHONPATH=/home/cg-tuf/turtlebot4_flask/install/piper_msgs/local/lib/python3.10/dist-packages:${PYTHONPATH} /usr/bin/cmake --install /home/cg-tuf/turtlebot4_flask/build/flask_ui
[0.965s] Level 1:colcon.colcon_core.environment:checking '/home/cg-tuf/turtlebot4_flask/install/flask_ui' for CMake config files
[0.966s] Level 1:colcon.colcon_core.shell:create_environment_hook('flask_ui', 'cmake_prefix_path')
[0.966s] INFO:colcon.colcon_core.shell:Creating environment hook '/home/cg-tuf/turtlebot4_flask/install/flask_ui/share/flask_ui/hook/cmake_prefix_path.ps1'
[0.966s] INFO:colcon.colcon_core.shell:Creating environment descriptor '/home/cg-tuf/turtlebot4_flask/install/flask_ui/share/flask_ui/hook/cmake_prefix_path.dsv'
[0.966s] INFO:colcon.colcon_core.shell:Creating environment hook '/home/cg-tuf/turtlebot4_flask/install/flask_ui/share/flask_ui/hook/cmake_prefix_path.sh'
[0.967s] Level 1:colcon.colcon_core.environment:checking '/home/cg-tuf/turtlebot4_flask/install/flask_ui/lib'
[0.967s] Level 1:colcon.colcon_core.environment:checking '/home/cg-tuf/turtlebot4_flask/install/flask_ui/bin'
[0.967s] Level 1:colcon.colcon_core.environment:checking '/home/cg-tuf/turtlebot4_flask/install/flask_ui/lib/pkgconfig/flask_ui.pc'
[0.967s] Level 1:colcon.colcon_core.environment:checking '/home/cg-tuf/turtlebot4_flask/install/flask_ui/lib/python3.10/site-packages'
[0.967s] Level 1:colcon.colcon_core.environment:checking '/home/cg-tuf/turtlebot4_flask/install/flask_ui/bin'
[0.967s] INFO:colcon.colcon_core.shell:Creating package script '/home/cg-tuf/turtlebot4_flask/install/flask_ui/share/flask_ui/package.ps1'
[0.968s] INFO:colcon.colcon_core.shell:Creating package descriptor '/home/cg-tuf/turtlebot4_flask/install/flask_ui/share/flask_ui/package.dsv'
[0.968s] INFO:colcon.colcon_core.shell:Creating package script '/home/cg-tuf/turtlebot4_flask/install/flask_ui/share/flask_ui/package.sh'
[0.968s] INFO:colcon.colcon_core.shell:Creating package script '/home/cg-tuf/turtlebot4_flask/install/flask_ui/share/flask_ui/package.bash'
[0.968s] INFO:colcon.colcon_core.shell:Creating package script '/home/cg-tuf/turtlebot4_flask/install/flask_ui/share/flask_ui/package.zsh'
[0.968s] Level 1:colcon.colcon_core.environment:create_file_with_runtime_dependencies(/home/cg-tuf/turtlebot4_flask/install/flask_ui/share/colcon-core/packages/flask_ui)
[0.969s] Level 1:colcon.colcon_core.environment:create_environment_scripts_only(flask_ui)
[0.969s] Level 1:colcon.colcon_core.environment:checking '/home/cg-tuf/turtlebot4_flask/install/flask_ui' for CMake module files
[0.969s] Level 1:colcon.colcon_core.environment:checking '/home/cg-tuf/turtlebot4_flask/install/flask_ui' for CMake config files
[0.969s] Level 1:colcon.colcon_core.shell:create_environment_hook('flask_ui', 'cmake_prefix_path')
[0.970s] INFO:colcon.colcon_core.shell:Creating environment hook '/home/cg-tuf/turtlebot4_flask/install/flask_ui/share/flask_ui/hook/cmake_prefix_path.ps1'
[0.970s] INFO:colcon.colcon_core.shell:Creating environment descriptor '/home/cg-tuf/turtlebot4_flask/install/flask_ui/share/flask_ui/hook/cmake_prefix_path.dsv'
[0.970s] INFO:colcon.colcon_core.shell:Creating environment hook '/home/cg-tuf/turtlebot4_flask/install/flask_ui/share/flask_ui/hook/cmake_prefix_path.sh'
[0.970s] Level 1:colcon.colcon_core.environment:checking '/home/cg-tuf/turtlebot4_flask/install/flask_ui/lib'
[0.970s] Level 1:colcon.colcon_core.environment:checking '/home/cg-tuf/turtlebot4_flask/install/flask_ui/bin'
[0.970s] Level 1:colcon.colcon_core.environment:checking '/home/cg-tuf/turtlebot4_flask/install/flask_ui/lib/pkgconfig/flask_ui.pc'
[0.970s] Level 1:colcon.colcon_core.environment:checking '/home/cg-tuf/turtlebot4_flask/install/flask_ui/lib/python3.10/site-packages'
[0.971s] Level 1:colcon.colcon_core.environment:checking '/home/cg-tuf/turtlebot4_flask/install/flask_ui/bin'
[0.971s] INFO:colcon.colcon_core.shell:Creating package script '/home/cg-tuf/turtlebot4_flask/install/flask_ui/share/flask_ui/package.ps1'
[0.971s] INFO:colcon.colcon_core.shell:Creating package descriptor '/home/cg-tuf/turtlebot4_flask/install/flask_ui/share/flask_ui/package.dsv'
[0.971s] INFO:colcon.colcon_core.shell:Creating package script '/home/cg-tuf/turtlebot4_flask/install/flask_ui/share/flask_ui/package.sh'
[0.971s] INFO:colcon.colcon_core.shell:Creating package script '/home/cg-tuf/turtlebot4_flask/install/flask_ui/share/flask_ui/package.bash'
[0.972s] INFO:colcon.colcon_core.shell:Creating package script '/home/cg-tuf/turtlebot4_flask/install/flask_ui/share/flask_ui/package.zsh'
[0.972s] Level 1:colcon.colcon_core.environment:create_file_with_runtime_dependencies(/home/cg-tuf/turtlebot4_flask/install/flask_ui/share/colcon-core/packages/flask_ui)
[1.025s] DEBUG:colcon.colcon_core.event_handler.log_command:Invoking command in '/home/cg-tuf/turtlebot4_flask/piper_ws/src/Piper_ros/src/piper': PYTHONPATH=/home/cg-tuf/turtlebot4_flask/build/piper/prefix_override:/usr/lib/python3/dist-packages/colcon_core/task/python/colcon_distutils_commands:/home/cg-tuf/turtlebot4_flask/install/piper/lib/python3.10/site-packages:${PYTHONPATH} /usr/bin/python3 -W ignore:setup.py install is deprecated -W ignore:easy_install command is deprecated setup.py egg_info --egg-base ../../../../../build/piper build --build-base /home/cg-tuf/turtlebot4_flask/build/piper/build install --record /home/cg-tuf/turtlebot4_flask/build/piper/install.log --single-version-externally-managed install_data
[1.207s] Level 1:colcon.colcon_core.environment:checking '/home/cg-tuf/turtlebot4_flask/install/piper' for CMake module files
[1.208s] DEBUG:colcon.colcon_core.event_handler.log_command:Invoked command in '/home/cg-tuf/turtlebot4_flask/piper_ws/src/Piper_ros/src/piper' returned '0': PYTHONPATH=/home/cg-tuf/turtlebot4_flask/build/piper/prefix_override:/usr/lib/python3/dist-packages/colcon_core/task/python/colcon_distutils_commands:/home/cg-tuf/turtlebot4_flask/install/piper/lib/python3.10/site-packages:${PYTHONPATH} /usr/bin/python3 -W ignore:setup.py install is deprecated -W ignore:easy_install command is deprecated setup.py egg_info --egg-base ../../../../../build/piper build --build-base /home/cg-tuf/turtlebot4_flask/build/piper/build install --record /home/cg-tuf/turtlebot4_flask/build/piper/install.log --single-version-externally-managed install_data
[1.208s] Level 1:colcon.colcon_core.environment:checking '/home/cg-tuf/turtlebot4_flask/install/piper' for CMake config files
[1.211s] Level 1:colcon.colcon_core.environment:checking '/home/cg-tuf/turtlebot4_flask/install/piper/lib'
[1.211s] Level 1:colcon.colcon_core.environment:checking '/home/cg-tuf/turtlebot4_flask/install/piper/bin'
[1.211s] Level 1:colcon.colcon_core.environment:checking '/home/cg-tuf/turtlebot4_flask/install/piper/lib/pkgconfig/piper.pc'
[1.211s] Level 1:colcon.colcon_core.environment:checking '/home/cg-tuf/turtlebot4_flask/install/piper/lib/python3.10/site-packages'
[1.211s] Level 1:colcon.colcon_core.shell:create_environment_hook('piper', 'pythonpath')
[1.211s] INFO:colcon.colcon_core.shell:Creating environment hook '/home/cg-tuf/turtlebot4_flask/install/piper/share/piper/hook/pythonpath.ps1'
[1.212s] INFO:colcon.colcon_core.shell:Creating environment descriptor '/home/cg-tuf/turtlebot4_flask/install/piper/share/piper/hook/pythonpath.dsv'
[1.212s] INFO:colcon.colcon_core.shell:Creating environment hook '/home/cg-tuf/turtlebot4_flask/install/piper/share/piper/hook/pythonpath.sh'
[1.212s] Level 1:colcon.colcon_core.environment:checking '/home/cg-tuf/turtlebot4_flask/install/piper/bin'
[1.212s] Level 1:colcon.colcon_core.environment:create_environment_scripts_only(piper)
[1.213s] INFO:colcon.colcon_core.shell:Creating package script '/home/cg-tuf/turtlebot4_flask/install/piper/share/piper/package.ps1'
[1.213s] INFO:colcon.colcon_core.shell:Creating package descriptor '/home/cg-tuf/turtlebot4_flask/install/piper/share/piper/package.dsv'
[1.213s] INFO:colcon.colcon_core.shell:Creating package script '/home/cg-tuf/turtlebot4_flask/install/piper/share/piper/package.sh'
[1.213s] INFO:colcon.colcon_core.shell:Creating package script '/home/cg-tuf/turtlebot4_flask/install/piper/share/piper/package.bash'
[1.214s] INFO:colcon.colcon_core.shell:Creating package script '/home/cg-tuf/turtlebot4_flask/install/piper/share/piper/package.zsh'
[1.214s] Level 1:colcon.colcon_core.environment:create_file_with_runtime_dependencies(/home/cg-tuf/turtlebot4_flask/install/piper/share/colcon-core/packages/piper)
[1.214s] DEBUG:colcon.colcon_parallel_executor.executor.parallel:closing loop
[1.214s] DEBUG:colcon.colcon_parallel_executor.executor.parallel:loop closed
[1.214s] DEBUG:colcon.colcon_parallel_executor.executor.parallel:run_until_complete finished with '0'
[1.214s] DEBUG:colcon.colcon_core.event_reactor:joining thread
[1.220s] INFO:colcon.colcon_core.plugin_system:Skipping extension 'colcon_notification.desktop_notification.terminal_notifier': Not used on non-Darwin systems
[1.220s] INFO:colcon.colcon_core.plugin_system:Skipping extension 'colcon_notification.desktop_notification.win32': Not used on non-Windows systems
[1.220s] INFO:colcon.colcon_notification.desktop_notification:Sending desktop notification using 'notify2'
[1.239s] DEBUG:colcon.colcon_core.event_reactor:joined thread
[1.239s] INFO:colcon.colcon_core.shell:Creating prefix script '/home/cg-tuf/turtlebot4_flask/install/local_setup.ps1'
[1.240s] INFO:colcon.colcon_core.shell:Creating prefix util module '/home/cg-tuf/turtlebot4_flask/install/_local_setup_util_ps1.py'
[1.241s] INFO:colcon.colcon_core.shell:Creating prefix chain script '/home/cg-tuf/turtlebot4_flask/install/setup.ps1'
[1.243s] INFO:colcon.colcon_core.shell:Creating prefix script '/home/cg-tuf/turtlebot4_flask/install/local_setup.sh'
[1.243s] INFO:colcon.colcon_core.shell:Creating prefix util module '/home/cg-tuf/turtlebot4_flask/install/_local_setup_util_sh.py'
[1.244s] INFO:colcon.colcon_core.shell:Creating prefix chain script '/home/cg-tuf/turtlebot4_flask/install/setup.sh'
[1.245s] INFO:colcon.colcon_core.shell:Creating prefix script '/home/cg-tuf/turtlebot4_flask/install/local_setup.bash'
[1.245s] INFO:colcon.colcon_core.shell:Creating prefix chain script '/home/cg-tuf/turtlebot4_flask/install/setup.bash'
[1.246s] INFO:colcon.colcon_core.shell:Creating prefix script '/home/cg-tuf/turtlebot4_flask/install/local_setup.zsh'
[1.247s] INFO:colcon.colcon_core.shell:Creating prefix chain script '/home/cg-tuf/turtlebot4_flask/install/setup.zsh'
