[0.099s] DEBUG:colcon:Command line arguments: ['/usr/bin/colcon', 'build']
[0.099s] DEBUG:colcon:Parsed command line arguments: Namespace(log_base=None, log_level=None, verb_name='build', build_base='build', install_base='install', merge_install=False, symlink_install=False, test_result_base=None, continue_on_error=False, executor='parallel', parallel_workers=16, event_handlers=None, ignore_user_meta=False, metas=['./colcon.meta'], base_paths=['.'], packages_ignore=None, packages_ignore_regex=None, paths=None, packages_up_to=None, packages_up_to_regex=None, packages_above=None, packages_above_and_dependencies=None, packages_above_depth=None, packages_select_by_dep=None, packages_skip_by_dep=None, packages_skip_up_to=None, packages_select_build_failed=False, packages_skip_build_finished=False, packages_select_test_failures=False, packages_skip_test_passed=False, packages_select=None, packages_skip=None, packages_select_regex=None, packages_skip_regex=None, packages_start=None, packages_end=None, allow_overriding=[], cmake_args=None, cmake_target=None, cmake_target_skip_unavailable=False, cmake_clean_cache=False, cmake_clean_first=False, cmake_force_configure=False, ament_cmake_args=None, catkin_cmake_args=None, catkin_skip_building_tests=False, verb_parser=<colcon_defaults.argument_parser.defaults.DefaultArgumentsDecorator object at 0x79338134cbe0>, verb_extension=<colcon_core.verb.build.BuildVerb object at 0x79338134c6a0>, main=<bound method BuildVerb.main of <colcon_core.verb.build.BuildVerb object at 0x79338134c6a0>>)
[0.247s] Level 1:colcon.colcon_core.package_discovery:discover_packages(colcon_meta) check parameters
[0.247s] Level 1:colcon.colcon_core.package_discovery:discover_packages(recursive) check parameters
[0.247s] Level 1:colcon.colcon_core.package_discovery:discover_packages(ignore) check parameters
[0.247s] Level 1:colcon.colcon_core.package_discovery:discover_packages(path) check parameters
[0.247s] Level 1:colcon.colcon_core.package_discovery:discover_packages(colcon_meta) discover
[0.247s] Level 1:colcon.colcon_core.package_discovery:discover_packages(recursive) discover
[0.247s] INFO:colcon.colcon_core.package_discovery:Crawling recursively for packages in '/home/cg-tuf/turtlebot4_flask'
[0.248s] Level 1:colcon.colcon_core.package_identification:_identify(.) by extensions ['ignore', 'ignore_ament_install']
[0.248s] Level 1:colcon.colcon_core.package_identification:_identify(.) by extension 'ignore'
[0.248s] Level 1:colcon.colcon_core.package_identification:_identify(.) by extension 'ignore_ament_install'
[0.248s] Level 1:colcon.colcon_core.package_identification:_identify(.) by extensions ['colcon_pkg']
[0.248s] Level 1:colcon.colcon_core.package_identification:_identify(.) by extension 'colcon_pkg'
[0.248s] Level 1:colcon.colcon_core.package_identification:_identify(.) by extensions ['colcon_meta']
[0.248s] Level 1:colcon.colcon_core.package_identification:_identify(.) by extension 'colcon_meta'
[0.248s] Level 1:colcon.colcon_core.package_identification:_identify(.) by extensions ['ros']
[0.248s] Level 1:colcon.colcon_core.package_identification:_identify(.) by extension 'ros'
[0.254s] Level 1:colcon.colcon_core.package_identification:_identify(.) by extensions ['cmake', 'python']
[0.254s] Level 1:colcon.colcon_core.package_identification:_identify(.) by extension 'cmake'
[0.254s] Level 1:colcon.colcon_core.package_identification:_identify(.) by extension 'python'
[0.254s] Level 1:colcon.colcon_core.package_identification:_identify(.) by extensions ['python_setup_py']
[0.254s] Level 1:colcon.colcon_core.package_identification:_identify(.) by extension 'python_setup_py'
[0.254s] Level 1:colcon.colcon_core.package_identification:_identify(build) by extensions ['ignore', 'ignore_ament_install']
[0.254s] Level 1:colcon.colcon_core.package_identification:_identify(build) by extension 'ignore'
[0.254s] Level 1:colcon.colcon_core.package_identification:_identify(build) ignored
[0.254s] Level 1:colcon.colcon_core.package_identification:_identify(clientapp) by extensions ['ignore', 'ignore_ament_install']
[0.254s] Level 1:colcon.colcon_core.package_identification:_identify(clientapp) by extension 'ignore'
[0.254s] Level 1:colcon.colcon_core.package_identification:_identify(clientapp) by extension 'ignore_ament_install'
[0.254s] Level 1:colcon.colcon_core.package_identification:_identify(clientapp) by extensions ['colcon_pkg']
[0.254s] Level 1:colcon.colcon_core.package_identification:_identify(clientapp) by extension 'colcon_pkg'
[0.254s] Level 1:colcon.colcon_core.package_identification:_identify(clientapp) by extensions ['colcon_meta']
[0.254s] Level 1:colcon.colcon_core.package_identification:_identify(clientapp) by extension 'colcon_meta'
[0.254s] Level 1:colcon.colcon_core.package_identification:_identify(clientapp) by extensions ['ros']
[0.254s] Level 1:colcon.colcon_core.package_identification:_identify(clientapp) by extension 'ros'
[0.254s] Level 1:colcon.colcon_core.package_identification:_identify(clientapp) by extensions ['cmake', 'python']
[0.254s] Level 1:colcon.colcon_core.package_identification:_identify(clientapp) by extension 'cmake'
[0.254s] Level 1:colcon.colcon_core.package_identification:_identify(clientapp) by extension 'python'
[0.254s] Level 1:colcon.colcon_core.package_identification:_identify(clientapp) by extensions ['python_setup_py']
[0.254s] Level 1:colcon.colcon_core.package_identification:_identify(clientapp) by extension 'python_setup_py'
[0.255s] Level 1:colcon.colcon_core.package_identification:_identify(clientapp/instance) by extensions ['ignore', 'ignore_ament_install']
[0.255s] Level 1:colcon.colcon_core.package_identification:_identify(clientapp/instance) by extension 'ignore'
[0.255s] Level 1:colcon.colcon_core.package_identification:_identify(clientapp/instance) by extension 'ignore_ament_install'
[0.255s] Level 1:colcon.colcon_core.package_identification:_identify(clientapp/instance) by extensions ['colcon_pkg']
[0.255s] Level 1:colcon.colcon_core.package_identification:_identify(clientapp/instance) by extension 'colcon_pkg'
[0.255s] Level 1:colcon.colcon_core.package_identification:_identify(clientapp/instance) by extensions ['colcon_meta']
[0.255s] Level 1:colcon.colcon_core.package_identification:_identify(clientapp/instance) by extension 'colcon_meta'
[0.255s] Level 1:colcon.colcon_core.package_identification:_identify(clientapp/instance) by extensions ['ros']
[0.255s] Level 1:colcon.colcon_core.package_identification:_identify(clientapp/instance) by extension 'ros'
[0.255s] Level 1:colcon.colcon_core.package_identification:_identify(clientapp/instance) by extensions ['cmake', 'python']
[0.255s] Level 1:colcon.colcon_core.package_identification:_identify(clientapp/instance) by extension 'cmake'
[0.255s] Level 1:colcon.colcon_core.package_identification:_identify(clientapp/instance) by extension 'python'
[0.255s] Level 1:colcon.colcon_core.package_identification:_identify(clientapp/instance) by extensions ['python_setup_py']
[0.255s] Level 1:colcon.colcon_core.package_identification:_identify(clientapp/instance) by extension 'python_setup_py'
[0.255s] Level 1:colcon.colcon_core.package_identification:_identify(clientapp/instance/capture) by extensions ['ignore', 'ignore_ament_install']
[0.255s] Level 1:colcon.colcon_core.package_identification:_identify(clientapp/instance/capture) by extension 'ignore'
[0.255s] Level 1:colcon.colcon_core.package_identification:_identify(clientapp/instance/capture) by extension 'ignore_ament_install'
[0.255s] Level 1:colcon.colcon_core.package_identification:_identify(clientapp/instance/capture) by extensions ['colcon_pkg']
[0.255s] Level 1:colcon.colcon_core.package_identification:_identify(clientapp/instance/capture) by extension 'colcon_pkg'
[0.255s] Level 1:colcon.colcon_core.package_identification:_identify(clientapp/instance/capture) by extensions ['colcon_meta']
[0.255s] Level 1:colcon.colcon_core.package_identification:_identify(clientapp/instance/capture) by extension 'colcon_meta'
[0.255s] Level 1:colcon.colcon_core.package_identification:_identify(clientapp/instance/capture) by extensions ['ros']
[0.255s] Level 1:colcon.colcon_core.package_identification:_identify(clientapp/instance/capture) by extension 'ros'
[0.255s] Level 1:colcon.colcon_core.package_identification:_identify(clientapp/instance/capture) by extensions ['cmake', 'python']
[0.255s] Level 1:colcon.colcon_core.package_identification:_identify(clientapp/instance/capture) by extension 'cmake'
[0.255s] Level 1:colcon.colcon_core.package_identification:_identify(clientapp/instance/capture) by extension 'python'
[0.255s] Level 1:colcon.colcon_core.package_identification:_identify(clientapp/instance/capture) by extensions ['python_setup_py']
[0.255s] Level 1:colcon.colcon_core.package_identification:_identify(clientapp/instance/capture) by extension 'python_setup_py'
[0.255s] Level 1:colcon.colcon_core.package_identification:_identify(clientapp/instance/ell14) by extensions ['ignore', 'ignore_ament_install']
[0.255s] Level 1:colcon.colcon_core.package_identification:_identify(clientapp/instance/ell14) by extension 'ignore'
[0.255s] Level 1:colcon.colcon_core.package_identification:_identify(clientapp/instance/ell14) by extension 'ignore_ament_install'
[0.255s] Level 1:colcon.colcon_core.package_identification:_identify(clientapp/instance/ell14) by extensions ['colcon_pkg']
[0.255s] Level 1:colcon.colcon_core.package_identification:_identify(clientapp/instance/ell14) by extension 'colcon_pkg'
[0.255s] Level 1:colcon.colcon_core.package_identification:_identify(clientapp/instance/ell14) by extensions ['colcon_meta']
[0.255s] Level 1:colcon.colcon_core.package_identification:_identify(clientapp/instance/ell14) by extension 'colcon_meta'
[0.255s] Level 1:colcon.colcon_core.package_identification:_identify(clientapp/instance/ell14) by extensions ['ros']
[0.255s] Level 1:colcon.colcon_core.package_identification:_identify(clientapp/instance/ell14) by extension 'ros'
[0.255s] Level 1:colcon.colcon_core.package_identification:_identify(clientapp/instance/ell14) by extensions ['cmake', 'python']
[0.255s] Level 1:colcon.colcon_core.package_identification:_identify(clientapp/instance/ell14) by extension 'cmake'
[0.255s] Level 1:colcon.colcon_core.package_identification:_identify(clientapp/instance/ell14) by extension 'python'
[0.255s] Level 1:colcon.colcon_core.package_identification:_identify(clientapp/instance/ell14) by extensions ['python_setup_py']
[0.255s] Level 1:colcon.colcon_core.package_identification:_identify(clientapp/instance/ell14) by extension 'python_setup_py'
[0.255s] Level 1:colcon.colcon_core.package_identification:_identify(clientapp/instance/jai) by extensions ['ignore', 'ignore_ament_install']
[0.255s] Level 1:colcon.colcon_core.package_identification:_identify(clientapp/instance/jai) by extension 'ignore'
[0.255s] Level 1:colcon.colcon_core.package_identification:_identify(clientapp/instance/jai) by extension 'ignore_ament_install'
[0.255s] Level 1:colcon.colcon_core.package_identification:_identify(clientapp/instance/jai) by extensions ['colcon_pkg']
[0.255s] Level 1:colcon.colcon_core.package_identification:_identify(clientapp/instance/jai) by extension 'colcon_pkg'
[0.255s] Level 1:colcon.colcon_core.package_identification:_identify(clientapp/instance/jai) by extensions ['colcon_meta']
[0.255s] Level 1:colcon.colcon_core.package_identification:_identify(clientapp/instance/jai) by extension 'colcon_meta'
[0.255s] Level 1:colcon.colcon_core.package_identification:_identify(clientapp/instance/jai) by extensions ['ros']
[0.255s] Level 1:colcon.colcon_core.package_identification:_identify(clientapp/instance/jai) by extension 'ros'
[0.256s] Level 1:colcon.colcon_core.package_identification:_identify(clientapp/instance/jai) by extensions ['cmake', 'python']
[0.256s] Level 1:colcon.colcon_core.package_identification:_identify(clientapp/instance/jai) by extension 'cmake'
[0.256s] Level 1:colcon.colcon_core.package_identification:_identify(clientapp/instance/jai) by extension 'python'
[0.256s] Level 1:colcon.colcon_core.package_identification:_identify(clientapp/instance/jai) by extensions ['python_setup_py']
[0.256s] Level 1:colcon.colcon_core.package_identification:_identify(clientapp/instance/jai) by extension 'python_setup_py'
[0.256s] Level 1:colcon.colcon_core.package_identification:_identify(clientapp/instance/jai/jai_rosbridge) by extensions ['ignore', 'ignore_ament_install']
[0.256s] Level 1:colcon.colcon_core.package_identification:_identify(clientapp/instance/jai/jai_rosbridge) by extension 'ignore'
[0.256s] Level 1:colcon.colcon_core.package_identification:_identify(clientapp/instance/jai/jai_rosbridge) by extension 'ignore_ament_install'
[0.256s] Level 1:colcon.colcon_core.package_identification:_identify(clientapp/instance/jai/jai_rosbridge) by extensions ['colcon_pkg']
[0.256s] Level 1:colcon.colcon_core.package_identification:_identify(clientapp/instance/jai/jai_rosbridge) by extension 'colcon_pkg'
[0.256s] Level 1:colcon.colcon_core.package_identification:_identify(clientapp/instance/jai/jai_rosbridge) by extensions ['colcon_meta']
[0.256s] Level 1:colcon.colcon_core.package_identification:_identify(clientapp/instance/jai/jai_rosbridge) by extension 'colcon_meta'
[0.256s] Level 1:colcon.colcon_core.package_identification:_identify(clientapp/instance/jai/jai_rosbridge) by extensions ['ros']
[0.256s] Level 1:colcon.colcon_core.package_identification:_identify(clientapp/instance/jai/jai_rosbridge) by extension 'ros'
[0.258s] DEBUG:colcon.colcon_core.package_identification:Package 'clientapp/instance/jai/jai_rosbridge' with type 'ros.ament_cmake' and name 'jai_rosbridge'
[0.258s] Level 1:colcon.colcon_core.package_identification:_identify(clientapp/instance/jai/src) by extensions ['ignore', 'ignore_ament_install']
[0.258s] Level 1:colcon.colcon_core.package_identification:_identify(clientapp/instance/jai/src) by extension 'ignore'
[0.258s] Level 1:colcon.colcon_core.package_identification:_identify(clientapp/instance/jai/src) by extension 'ignore_ament_install'
[0.258s] Level 1:colcon.colcon_core.package_identification:_identify(clientapp/instance/jai/src) by extensions ['colcon_pkg']
[0.258s] Level 1:colcon.colcon_core.package_identification:_identify(clientapp/instance/jai/src) by extension 'colcon_pkg'
[0.258s] Level 1:colcon.colcon_core.package_identification:_identify(clientapp/instance/jai/src) by extensions ['colcon_meta']
[0.258s] Level 1:colcon.colcon_core.package_identification:_identify(clientapp/instance/jai/src) by extension 'colcon_meta'
[0.258s] Level 1:colcon.colcon_core.package_identification:_identify(clientapp/instance/jai/src) by extensions ['ros']
[0.258s] Level 1:colcon.colcon_core.package_identification:_identify(clientapp/instance/jai/src) by extension 'ros'
[0.258s] Level 1:colcon.colcon_core.package_identification:_identify(clientapp/instance/jai/src) by extensions ['cmake', 'python']
[0.258s] Level 1:colcon.colcon_core.package_identification:_identify(clientapp/instance/jai/src) by extension 'cmake'
[0.258s] Level 1:colcon.colcon_core.package_identification:_identify(clientapp/instance/jai/src) by extension 'python'
[0.258s] Level 1:colcon.colcon_core.package_identification:_identify(clientapp/instance/jai/src) by extensions ['python_setup_py']
[0.258s] Level 1:colcon.colcon_core.package_identification:_identify(clientapp/instance/jai/src) by extension 'python_setup_py'
[0.258s] Level 1:colcon.colcon_core.package_identification:_identify(clientapp/instance/jai/src/acquire) by extensions ['ignore', 'ignore_ament_install']
[0.258s] Level 1:colcon.colcon_core.package_identification:_identify(clientapp/instance/jai/src/acquire) by extension 'ignore'
[0.258s] Level 1:colcon.colcon_core.package_identification:_identify(clientapp/instance/jai/src/acquire) by extension 'ignore_ament_install'
[0.258s] Level 1:colcon.colcon_core.package_identification:_identify(clientapp/instance/jai/src/acquire) by extensions ['colcon_pkg']
[0.258s] Level 1:colcon.colcon_core.package_identification:_identify(clientapp/instance/jai/src/acquire) by extension 'colcon_pkg'
[0.258s] Level 1:colcon.colcon_core.package_identification:_identify(clientapp/instance/jai/src/acquire) by extensions ['colcon_meta']
[0.258s] Level 1:colcon.colcon_core.package_identification:_identify(clientapp/instance/jai/src/acquire) by extension 'colcon_meta'
[0.258s] Level 1:colcon.colcon_core.package_identification:_identify(clientapp/instance/jai/src/acquire) by extensions ['ros']
[0.258s] Level 1:colcon.colcon_core.package_identification:_identify(clientapp/instance/jai/src/acquire) by extension 'ros'
[0.258s] Level 1:colcon.colcon_core.package_identification:_identify(clientapp/instance/jai/src/acquire) by extensions ['cmake', 'python']
[0.258s] Level 1:colcon.colcon_core.package_identification:_identify(clientapp/instance/jai/src/acquire) by extension 'cmake'
[0.258s] Level 1:colcon.colcon_core.package_identification:_identify(clientapp/instance/jai/src/acquire) by extension 'python'
[0.258s] Level 1:colcon.colcon_core.package_identification:_identify(clientapp/instance/jai/src/acquire) by extensions ['python_setup_py']
[0.258s] Level 1:colcon.colcon_core.package_identification:_identify(clientapp/instance/jai/src/acquire) by extension 'python_setup_py'
[0.258s] Level 1:colcon.colcon_core.package_identification:_identify(clientapp/instance/jai/src/camera) by extensions ['ignore', 'ignore_ament_install']
[0.258s] Level 1:colcon.colcon_core.package_identification:_identify(clientapp/instance/jai/src/camera) by extension 'ignore'
[0.258s] Level 1:colcon.colcon_core.package_identification:_identify(clientapp/instance/jai/src/camera) by extension 'ignore_ament_install'
[0.258s] Level 1:colcon.colcon_core.package_identification:_identify(clientapp/instance/jai/src/camera) by extensions ['colcon_pkg']
[0.258s] Level 1:colcon.colcon_core.package_identification:_identify(clientapp/instance/jai/src/camera) by extension 'colcon_pkg'
[0.258s] Level 1:colcon.colcon_core.package_identification:_identify(clientapp/instance/jai/src/camera) by extensions ['colcon_meta']
[0.258s] Level 1:colcon.colcon_core.package_identification:_identify(clientapp/instance/jai/src/camera) by extension 'colcon_meta'
[0.258s] Level 1:colcon.colcon_core.package_identification:_identify(clientapp/instance/jai/src/camera) by extensions ['ros']
[0.258s] Level 1:colcon.colcon_core.package_identification:_identify(clientapp/instance/jai/src/camera) by extension 'ros'
[0.258s] Level 1:colcon.colcon_core.package_identification:_identify(clientapp/instance/jai/src/camera) by extensions ['cmake', 'python']
[0.258s] Level 1:colcon.colcon_core.package_identification:_identify(clientapp/instance/jai/src/camera) by extension 'cmake'
[0.258s] Level 1:colcon.colcon_core.package_identification:_identify(clientapp/instance/jai/src/camera) by extension 'python'
[0.259s] Level 1:colcon.colcon_core.package_identification:_identify(clientapp/instance/jai/src/camera) by extensions ['python_setup_py']
[0.259s] Level 1:colcon.colcon_core.package_identification:_identify(clientapp/instance/jai/src/camera) by extension 'python_setup_py'
[0.259s] Level 1:colcon.colcon_core.package_identification:_identify(clientapp/instance/jai/src/device) by extensions ['ignore', 'ignore_ament_install']
[0.259s] Level 1:colcon.colcon_core.package_identification:_identify(clientapp/instance/jai/src/device) by extension 'ignore'
[0.259s] Level 1:colcon.colcon_core.package_identification:_identify(clientapp/instance/jai/src/device) by extension 'ignore_ament_install'
[0.259s] Level 1:colcon.colcon_core.package_identification:_identify(clientapp/instance/jai/src/device) by extensions ['colcon_pkg']
[0.259s] Level 1:colcon.colcon_core.package_identification:_identify(clientapp/instance/jai/src/device) by extension 'colcon_pkg'
[0.259s] Level 1:colcon.colcon_core.package_identification:_identify(clientapp/instance/jai/src/device) by extensions ['colcon_meta']
[0.259s] Level 1:colcon.colcon_core.package_identification:_identify(clientapp/instance/jai/src/device) by extension 'colcon_meta'
[0.259s] Level 1:colcon.colcon_core.package_identification:_identify(clientapp/instance/jai/src/device) by extensions ['ros']
[0.259s] Level 1:colcon.colcon_core.package_identification:_identify(clientapp/instance/jai/src/device) by extension 'ros'
[0.259s] Level 1:colcon.colcon_core.package_identification:_identify(clientapp/instance/jai/src/device) by extensions ['cmake', 'python']
[0.259s] Level 1:colcon.colcon_core.package_identification:_identify(clientapp/instance/jai/src/device) by extension 'cmake'
[0.259s] Level 1:colcon.colcon_core.package_identification:_identify(clientapp/instance/jai/src/device) by extension 'python'
[0.259s] Level 1:colcon.colcon_core.package_identification:_identify(clientapp/instance/jai/src/device) by extensions ['python_setup_py']
[0.259s] Level 1:colcon.colcon_core.package_identification:_identify(clientapp/instance/jai/src/device) by extension 'python_setup_py'
[0.259s] Level 1:colcon.colcon_core.package_identification:_identify(clientapp/instance/jai/src/logger) by extensions ['ignore', 'ignore_ament_install']
[0.259s] Level 1:colcon.colcon_core.package_identification:_identify(clientapp/instance/jai/src/logger) by extension 'ignore'
[0.259s] Level 1:colcon.colcon_core.package_identification:_identify(clientapp/instance/jai/src/logger) by extension 'ignore_ament_install'
[0.259s] Level 1:colcon.colcon_core.package_identification:_identify(clientapp/instance/jai/src/logger) by extensions ['colcon_pkg']
[0.259s] Level 1:colcon.colcon_core.package_identification:_identify(clientapp/instance/jai/src/logger) by extension 'colcon_pkg'
[0.259s] Level 1:colcon.colcon_core.package_identification:_identify(clientapp/instance/jai/src/logger) by extensions ['colcon_meta']
[0.259s] Level 1:colcon.colcon_core.package_identification:_identify(clientapp/instance/jai/src/logger) by extension 'colcon_meta'
[0.259s] Level 1:colcon.colcon_core.package_identification:_identify(clientapp/instance/jai/src/logger) by extensions ['ros']
[0.259s] Level 1:colcon.colcon_core.package_identification:_identify(clientapp/instance/jai/src/logger) by extension 'ros'
[0.259s] Level 1:colcon.colcon_core.package_identification:_identify(clientapp/instance/jai/src/logger) by extensions ['cmake', 'python']
[0.259s] Level 1:colcon.colcon_core.package_identification:_identify(clientapp/instance/jai/src/logger) by extension 'cmake'
[0.259s] Level 1:colcon.colcon_core.package_identification:_identify(clientapp/instance/jai/src/logger) by extension 'python'
[0.259s] Level 1:colcon.colcon_core.package_identification:_identify(clientapp/instance/jai/src/logger) by extensions ['python_setup_py']
[0.259s] Level 1:colcon.colcon_core.package_identification:_identify(clientapp/instance/jai/src/logger) by extension 'python_setup_py'
[0.259s] Level 1:colcon.colcon_core.package_identification:_identify(clientapp/instance/jai/src/stream) by extensions ['ignore', 'ignore_ament_install']
[0.259s] Level 1:colcon.colcon_core.package_identification:_identify(clientapp/instance/jai/src/stream) by extension 'ignore'
[0.259s] Level 1:colcon.colcon_core.package_identification:_identify(clientapp/instance/jai/src/stream) by extension 'ignore_ament_install'
[0.259s] Level 1:colcon.colcon_core.package_identification:_identify(clientapp/instance/jai/src/stream) by extensions ['colcon_pkg']
[0.259s] Level 1:colcon.colcon_core.package_identification:_identify(clientapp/instance/jai/src/stream) by extension 'colcon_pkg'
[0.259s] Level 1:colcon.colcon_core.package_identification:_identify(clientapp/instance/jai/src/stream) by extensions ['colcon_meta']
[0.259s] Level 1:colcon.colcon_core.package_identification:_identify(clientapp/instance/jai/src/stream) by extension 'colcon_meta'
[0.259s] Level 1:colcon.colcon_core.package_identification:_identify(clientapp/instance/jai/src/stream) by extensions ['ros']
[0.259s] Level 1:colcon.colcon_core.package_identification:_identify(clientapp/instance/jai/src/stream) by extension 'ros'
[0.259s] Level 1:colcon.colcon_core.package_identification:_identify(clientapp/instance/jai/src/stream) by extensions ['cmake', 'python']
[0.259s] Level 1:colcon.colcon_core.package_identification:_identify(clientapp/instance/jai/src/stream) by extension 'cmake'
[0.259s] Level 1:colcon.colcon_core.package_identification:_identify(clientapp/instance/jai/src/stream) by extension 'python'
[0.259s] Level 1:colcon.colcon_core.package_identification:_identify(clientapp/instance/jai/src/stream) by extensions ['python_setup_py']
[0.259s] Level 1:colcon.colcon_core.package_identification:_identify(clientapp/instance/jai/src/stream) by extension 'python_setup_py'
[0.259s] Level 1:colcon.colcon_core.package_identification:_identify(clientapp/instance/jai_bridge) by extensions ['ignore', 'ignore_ament_install']
[0.259s] Level 1:colcon.colcon_core.package_identification:_identify(clientapp/instance/jai_bridge) by extension 'ignore'
[0.259s] Level 1:colcon.colcon_core.package_identification:_identify(clientapp/instance/jai_bridge) by extension 'ignore_ament_install'
[0.259s] Level 1:colcon.colcon_core.package_identification:_identify(clientapp/instance/jai_bridge) by extensions ['colcon_pkg']
[0.259s] Level 1:colcon.colcon_core.package_identification:_identify(clientapp/instance/jai_bridge) by extension 'colcon_pkg'
[0.260s] Level 1:colcon.colcon_core.package_identification:_identify(clientapp/instance/jai_bridge) by extensions ['colcon_meta']
[0.260s] Level 1:colcon.colcon_core.package_identification:_identify(clientapp/instance/jai_bridge) by extension 'colcon_meta'
[0.260s] Level 1:colcon.colcon_core.package_identification:_identify(clientapp/instance/jai_bridge) by extensions ['ros']
[0.260s] Level 1:colcon.colcon_core.package_identification:_identify(clientapp/instance/jai_bridge) by extension 'ros'
[0.260s] Level 1:colcon.colcon_core.package_identification:_identify(clientapp/instance/jai_bridge) by extensions ['cmake', 'python']
[0.260s] Level 1:colcon.colcon_core.package_identification:_identify(clientapp/instance/jai_bridge) by extension 'cmake'
[0.260s] Level 1:colcon.colcon_core.package_identification:_identify(clientapp/instance/jai_bridge) by extension 'python'
[0.260s] Level 1:colcon.colcon_core.package_identification:_identify(clientapp/instance/jai_bridge) by extensions ['python_setup_py']
[0.260s] Level 1:colcon.colcon_core.package_identification:_identify(clientapp/instance/jai_bridge) by extension 'python_setup_py'
[0.260s] Level 1:colcon.colcon_core.package_identification:_identify(clientapp/instance/jai_bridge/modules) by extensions ['ignore', 'ignore_ament_install']
[0.260s] Level 1:colcon.colcon_core.package_identification:_identify(clientapp/instance/jai_bridge/modules) by extension 'ignore'
[0.260s] Level 1:colcon.colcon_core.package_identification:_identify(clientapp/instance/jai_bridge/modules) by extension 'ignore_ament_install'
[0.260s] Level 1:colcon.colcon_core.package_identification:_identify(clientapp/instance/jai_bridge/modules) by extensions ['colcon_pkg']
[0.260s] Level 1:colcon.colcon_core.package_identification:_identify(clientapp/instance/jai_bridge/modules) by extension 'colcon_pkg'
[0.260s] Level 1:colcon.colcon_core.package_identification:_identify(clientapp/instance/jai_bridge/modules) by extensions ['colcon_meta']
[0.260s] Level 1:colcon.colcon_core.package_identification:_identify(clientapp/instance/jai_bridge/modules) by extension 'colcon_meta'
[0.260s] Level 1:colcon.colcon_core.package_identification:_identify(clientapp/instance/jai_bridge/modules) by extensions ['ros']
[0.260s] Level 1:colcon.colcon_core.package_identification:_identify(clientapp/instance/jai_bridge/modules) by extension 'ros'
[0.260s] Level 1:colcon.colcon_core.package_identification:_identify(clientapp/instance/jai_bridge/modules) by extensions ['cmake', 'python']
[0.260s] Level 1:colcon.colcon_core.package_identification:_identify(clientapp/instance/jai_bridge/modules) by extension 'cmake'
[0.260s] Level 1:colcon.colcon_core.package_identification:_identify(clientapp/instance/jai_bridge/modules) by extension 'python'
[0.260s] Level 1:colcon.colcon_core.package_identification:_identify(clientapp/instance/jai_bridge/modules) by extensions ['python_setup_py']
[0.260s] Level 1:colcon.colcon_core.package_identification:_identify(clientapp/instance/jai_bridge/modules) by extension 'python_setup_py'
[0.260s] Level 1:colcon.colcon_core.package_identification:_identify(clientapp/instance/laptop) by extensions ['ignore', 'ignore_ament_install']
[0.260s] Level 1:colcon.colcon_core.package_identification:_identify(clientapp/instance/laptop) by extension 'ignore'
[0.260s] Level 1:colcon.colcon_core.package_identification:_identify(clientapp/instance/laptop) by extension 'ignore_ament_install'
[0.260s] Level 1:colcon.colcon_core.package_identification:_identify(clientapp/instance/laptop) by extensions ['colcon_pkg']
[0.260s] Level 1:colcon.colcon_core.package_identification:_identify(clientapp/instance/laptop) by extension 'colcon_pkg'
[0.260s] Level 1:colcon.colcon_core.package_identification:_identify(clientapp/instance/laptop) by extensions ['colcon_meta']
[0.260s] Level 1:colcon.colcon_core.package_identification:_identify(clientapp/instance/laptop) by extension 'colcon_meta'
[0.260s] Level 1:colcon.colcon_core.package_identification:_identify(clientapp/instance/laptop) by extensions ['ros']
[0.260s] Level 1:colcon.colcon_core.package_identification:_identify(clientapp/instance/laptop) by extension 'ros'
[0.260s] Level 1:colcon.colcon_core.package_identification:_identify(clientapp/instance/laptop) by extensions ['cmake', 'python']
[0.260s] Level 1:colcon.colcon_core.package_identification:_identify(clientapp/instance/laptop) by extension 'cmake'
[0.260s] Level 1:colcon.colcon_core.package_identification:_identify(clientapp/instance/laptop) by extension 'python'
[0.260s] Level 1:colcon.colcon_core.package_identification:_identify(clientapp/instance/laptop) by extensions ['python_setup_py']
[0.260s] Level 1:colcon.colcon_core.package_identification:_identify(clientapp/instance/laptop) by extension 'python_setup_py'
[0.260s] Level 1:colcon.colcon_core.package_identification:_identify(clientapp/instance/logger) by extensions ['ignore', 'ignore_ament_install']
[0.260s] Level 1:colcon.colcon_core.package_identification:_identify(clientapp/instance/logger) by extension 'ignore'
[0.260s] Level 1:colcon.colcon_core.package_identification:_identify(clientapp/instance/logger) by extension 'ignore_ament_install'
[0.260s] Level 1:colcon.colcon_core.package_identification:_identify(clientapp/instance/logger) by extensions ['colcon_pkg']
[0.260s] Level 1:colcon.colcon_core.package_identification:_identify(clientapp/instance/logger) by extension 'colcon_pkg'
[0.260s] Level 1:colcon.colcon_core.package_identification:_identify(clientapp/instance/logger) by extensions ['colcon_meta']
[0.260s] Level 1:colcon.colcon_core.package_identification:_identify(clientapp/instance/logger) by extension 'colcon_meta'
[0.260s] Level 1:colcon.colcon_core.package_identification:_identify(clientapp/instance/logger) by extensions ['ros']
[0.260s] Level 1:colcon.colcon_core.package_identification:_identify(clientapp/instance/logger) by extension 'ros'
[0.260s] Level 1:colcon.colcon_core.package_identification:_identify(clientapp/instance/logger) by extensions ['cmake', 'python']
[0.260s] Level 1:colcon.colcon_core.package_identification:_identify(clientapp/instance/logger) by extension 'cmake'
[0.260s] Level 1:colcon.colcon_core.package_identification:_identify(clientapp/instance/logger) by extension 'python'
[0.260s] Level 1:colcon.colcon_core.package_identification:_identify(clientapp/instance/logger) by extensions ['python_setup_py']
[0.260s] Level 1:colcon.colcon_core.package_identification:_identify(clientapp/instance/logger) by extension 'python_setup_py'
[0.260s] Level 1:colcon.colcon_core.package_identification:_identify(clientapp/instance/lucid) by extensions ['ignore', 'ignore_ament_install']
[0.260s] Level 1:colcon.colcon_core.package_identification:_identify(clientapp/instance/lucid) by extension 'ignore'
[0.261s] Level 1:colcon.colcon_core.package_identification:_identify(clientapp/instance/lucid) by extension 'ignore_ament_install'
[0.261s] Level 1:colcon.colcon_core.package_identification:_identify(clientapp/instance/lucid) by extensions ['colcon_pkg']
[0.261s] Level 1:colcon.colcon_core.package_identification:_identify(clientapp/instance/lucid) by extension 'colcon_pkg'
[0.261s] Level 1:colcon.colcon_core.package_identification:_identify(clientapp/instance/lucid) by extensions ['colcon_meta']
[0.261s] Level 1:colcon.colcon_core.package_identification:_identify(clientapp/instance/lucid) by extension 'colcon_meta'
[0.261s] Level 1:colcon.colcon_core.package_identification:_identify(clientapp/instance/lucid) by extensions ['ros']
[0.261s] Level 1:colcon.colcon_core.package_identification:_identify(clientapp/instance/lucid) by extension 'ros'
[0.261s] Level 1:colcon.colcon_core.package_identification:_identify(clientapp/instance/lucid) by extensions ['cmake', 'python']
[0.261s] Level 1:colcon.colcon_core.package_identification:_identify(clientapp/instance/lucid) by extension 'cmake'
[0.261s] Level 1:colcon.colcon_core.package_identification:_identify(clientapp/instance/lucid) by extension 'python'
[0.261s] Level 1:colcon.colcon_core.package_identification:_identify(clientapp/instance/lucid) by extensions ['python_setup_py']
[0.261s] Level 1:colcon.colcon_core.package_identification:_identify(clientapp/instance/lucid) by extension 'python_setup_py'
[0.261s] Level 1:colcon.colcon_core.package_identification:_identify(clientapp/instance/lucid/sensors) by extensions ['ignore', 'ignore_ament_install']
[0.261s] Level 1:colcon.colcon_core.package_identification:_identify(clientapp/instance/lucid/sensors) by extension 'ignore'
[0.261s] Level 1:colcon.colcon_core.package_identification:_identify(clientapp/instance/lucid/sensors) by extension 'ignore_ament_install'
[0.261s] Level 1:colcon.colcon_core.package_identification:_identify(clientapp/instance/lucid/sensors) by extensions ['colcon_pkg']
[0.261s] Level 1:colcon.colcon_core.package_identification:_identify(clientapp/instance/lucid/sensors) by extension 'colcon_pkg'
[0.261s] Level 1:colcon.colcon_core.package_identification:_identify(clientapp/instance/lucid/sensors) by extensions ['colcon_meta']
[0.261s] Level 1:colcon.colcon_core.package_identification:_identify(clientapp/instance/lucid/sensors) by extension 'colcon_meta'
[0.261s] Level 1:colcon.colcon_core.package_identification:_identify(clientapp/instance/lucid/sensors) by extensions ['ros']
[0.261s] Level 1:colcon.colcon_core.package_identification:_identify(clientapp/instance/lucid/sensors) by extension 'ros'
[0.261s] Level 1:colcon.colcon_core.package_identification:_identify(clientapp/instance/lucid/sensors) by extensions ['cmake', 'python']
[0.261s] Level 1:colcon.colcon_core.package_identification:_identify(clientapp/instance/lucid/sensors) by extension 'cmake'
[0.261s] Level 1:colcon.colcon_core.package_identification:_identify(clientapp/instance/lucid/sensors) by extension 'python'
[0.261s] Level 1:colcon.colcon_core.package_identification:_identify(clientapp/instance/lucid/sensors) by extensions ['python_setup_py']
[0.261s] Level 1:colcon.colcon_core.package_identification:_identify(clientapp/instance/lucid/sensors) by extension 'python_setup_py'
[0.261s] Level 1:colcon.colcon_core.package_identification:_identify(clientapp/instance/lucid/sensors/cameras) by extensions ['ignore', 'ignore_ament_install']
[0.261s] Level 1:colcon.colcon_core.package_identification:_identify(clientapp/instance/lucid/sensors/cameras) by extension 'ignore'
[0.261s] Level 1:colcon.colcon_core.package_identification:_identify(clientapp/instance/lucid/sensors/cameras) by extension 'ignore_ament_install'
[0.261s] Level 1:colcon.colcon_core.package_identification:_identify(clientapp/instance/lucid/sensors/cameras) by extensions ['colcon_pkg']
[0.261s] Level 1:colcon.colcon_core.package_identification:_identify(clientapp/instance/lucid/sensors/cameras) by extension 'colcon_pkg'
[0.261s] Level 1:colcon.colcon_core.package_identification:_identify(clientapp/instance/lucid/sensors/cameras) by extensions ['colcon_meta']
[0.261s] Level 1:colcon.colcon_core.package_identification:_identify(clientapp/instance/lucid/sensors/cameras) by extension 'colcon_meta'
[0.261s] Level 1:colcon.colcon_core.package_identification:_identify(clientapp/instance/lucid/sensors/cameras) by extensions ['ros']
[0.261s] Level 1:colcon.colcon_core.package_identification:_identify(clientapp/instance/lucid/sensors/cameras) by extension 'ros'
[0.261s] Level 1:colcon.colcon_core.package_identification:_identify(clientapp/instance/lucid/sensors/cameras) by extensions ['cmake', 'python']
[0.261s] Level 1:colcon.colcon_core.package_identification:_identify(clientapp/instance/lucid/sensors/cameras) by extension 'cmake'
[0.261s] Level 1:colcon.colcon_core.package_identification:_identify(clientapp/instance/lucid/sensors/cameras) by extension 'python'
[0.261s] Level 1:colcon.colcon_core.package_identification:_identify(clientapp/instance/lucid/sensors/cameras) by extensions ['python_setup_py']
[0.261s] Level 1:colcon.colcon_core.package_identification:_identify(clientapp/instance/lucid/sensors/cameras) by extension 'python_setup_py'
[0.261s] Level 1:colcon.colcon_core.package_identification:_identify(clientapp/instance/lucid/sensors/lidar) by extensions ['ignore', 'ignore_ament_install']
[0.261s] Level 1:colcon.colcon_core.package_identification:_identify(clientapp/instance/lucid/sensors/lidar) by extension 'ignore'
[0.261s] Level 1:colcon.colcon_core.package_identification:_identify(clientapp/instance/lucid/sensors/lidar) by extension 'ignore_ament_install'
[0.261s] Level 1:colcon.colcon_core.package_identification:_identify(clientapp/instance/lucid/sensors/lidar) by extensions ['colcon_pkg']
[0.261s] Level 1:colcon.colcon_core.package_identification:_identify(clientapp/instance/lucid/sensors/lidar) by extension 'colcon_pkg'
[0.261s] Level 1:colcon.colcon_core.package_identification:_identify(clientapp/instance/lucid/sensors/lidar) by extensions ['colcon_meta']
[0.261s] Level 1:colcon.colcon_core.package_identification:_identify(clientapp/instance/lucid/sensors/lidar) by extension 'colcon_meta'
[0.261s] Level 1:colcon.colcon_core.package_identification:_identify(clientapp/instance/lucid/sensors/lidar) by extensions ['ros']
[0.261s] Level 1:colcon.colcon_core.package_identification:_identify(clientapp/instance/lucid/sensors/lidar) by extension 'ros'
[0.261s] Level 1:colcon.colcon_core.package_identification:_identify(clientapp/instance/lucid/sensors/lidar) by extensions ['cmake', 'python']
[0.261s] Level 1:colcon.colcon_core.package_identification:_identify(clientapp/instance/lucid/sensors/lidar) by extension 'cmake'
[0.261s] Level 1:colcon.colcon_core.package_identification:_identify(clientapp/instance/lucid/sensors/lidar) by extension 'python'
[0.261s] Level 1:colcon.colcon_core.package_identification:_identify(clientapp/instance/lucid/sensors/lidar) by extensions ['python_setup_py']
[0.262s] Level 1:colcon.colcon_core.package_identification:_identify(clientapp/instance/lucid/sensors/lidar) by extension 'python_setup_py'
[0.262s] Level 1:colcon.colcon_core.package_identification:_identify(clientapp/instance/ouster_lidar) by extensions ['ignore', 'ignore_ament_install']
[0.262s] Level 1:colcon.colcon_core.package_identification:_identify(clientapp/instance/ouster_lidar) by extension 'ignore'
[0.262s] Level 1:colcon.colcon_core.package_identification:_identify(clientapp/instance/ouster_lidar) by extension 'ignore_ament_install'
[0.262s] Level 1:colcon.colcon_core.package_identification:_identify(clientapp/instance/ouster_lidar) by extensions ['colcon_pkg']
[0.262s] Level 1:colcon.colcon_core.package_identification:_identify(clientapp/instance/ouster_lidar) by extension 'colcon_pkg'
[0.262s] Level 1:colcon.colcon_core.package_identification:_identify(clientapp/instance/ouster_lidar) by extensions ['colcon_meta']
[0.262s] Level 1:colcon.colcon_core.package_identification:_identify(clientapp/instance/ouster_lidar) by extension 'colcon_meta'
[0.262s] Level 1:colcon.colcon_core.package_identification:_identify(clientapp/instance/ouster_lidar) by extensions ['ros']
[0.262s] Level 1:colcon.colcon_core.package_identification:_identify(clientapp/instance/ouster_lidar) by extension 'ros'
[0.262s] Level 1:colcon.colcon_core.package_identification:_identify(clientapp/instance/ouster_lidar) by extensions ['cmake', 'python']
[0.262s] Level 1:colcon.colcon_core.package_identification:_identify(clientapp/instance/ouster_lidar) by extension 'cmake'
[0.262s] Level 1:colcon.colcon_core.package_identification:_identify(clientapp/instance/ouster_lidar) by extension 'python'
[0.262s] Level 1:colcon.colcon_core.package_identification:_identify(clientapp/instance/ouster_lidar) by extensions ['python_setup_py']
[0.262s] Level 1:colcon.colcon_core.package_identification:_identify(clientapp/instance/ouster_lidar) by extension 'python_setup_py'
[0.262s] Level 1:colcon.colcon_core.package_identification:_identify(clientapp/instance/ranger) by extensions ['ignore', 'ignore_ament_install']
[0.262s] Level 1:colcon.colcon_core.package_identification:_identify(clientapp/instance/ranger) by extension 'ignore'
[0.262s] Level 1:colcon.colcon_core.package_identification:_identify(clientapp/instance/ranger) by extension 'ignore_ament_install'
[0.262s] Level 1:colcon.colcon_core.package_identification:_identify(clientapp/instance/ranger) by extensions ['colcon_pkg']
[0.262s] Level 1:colcon.colcon_core.package_identification:_identify(clientapp/instance/ranger) by extension 'colcon_pkg'
[0.262s] Level 1:colcon.colcon_core.package_identification:_identify(clientapp/instance/ranger) by extensions ['colcon_meta']
[0.262s] Level 1:colcon.colcon_core.package_identification:_identify(clientapp/instance/ranger) by extension 'colcon_meta'
[0.262s] Level 1:colcon.colcon_core.package_identification:_identify(clientapp/instance/ranger) by extensions ['ros']
[0.262s] Level 1:colcon.colcon_core.package_identification:_identify(clientapp/instance/ranger) by extension 'ros'
[0.262s] Level 1:colcon.colcon_core.package_identification:_identify(clientapp/instance/ranger) by extensions ['cmake', 'python']
[0.262s] Level 1:colcon.colcon_core.package_identification:_identify(clientapp/instance/ranger) by extension 'cmake'
[0.262s] Level 1:colcon.colcon_core.package_identification:_identify(clientapp/instance/ranger) by extension 'python'
[0.262s] Level 1:colcon.colcon_core.package_identification:_identify(clientapp/instance/ranger) by extensions ['python_setup_py']
[0.262s] Level 1:colcon.colcon_core.package_identification:_identify(clientapp/instance/ranger) by extension 'python_setup_py'
[0.262s] Level 1:colcon.colcon_core.package_identification:_identify(clientapp/instance/slam) by extensions ['ignore', 'ignore_ament_install']
[0.262s] Level 1:colcon.colcon_core.package_identification:_identify(clientapp/instance/slam) by extension 'ignore'
[0.262s] Level 1:colcon.colcon_core.package_identification:_identify(clientapp/instance/slam) by extension 'ignore_ament_install'
[0.262s] Level 1:colcon.colcon_core.package_identification:_identify(clientapp/instance/slam) by extensions ['colcon_pkg']
[0.262s] Level 1:colcon.colcon_core.package_identification:_identify(clientapp/instance/slam) by extension 'colcon_pkg'
[0.262s] Level 1:colcon.colcon_core.package_identification:_identify(clientapp/instance/slam) by extensions ['colcon_meta']
[0.262s] Level 1:colcon.colcon_core.package_identification:_identify(clientapp/instance/slam) by extension 'colcon_meta'
[0.262s] Level 1:colcon.colcon_core.package_identification:_identify(clientapp/instance/slam) by extensions ['ros']
[0.262s] Level 1:colcon.colcon_core.package_identification:_identify(clientapp/instance/slam) by extension 'ros'
[0.262s] Level 1:colcon.colcon_core.package_identification:_identify(clientapp/instance/slam) by extensions ['cmake', 'python']
[0.262s] Level 1:colcon.colcon_core.package_identification:_identify(clientapp/instance/slam) by extension 'cmake'
[0.262s] Level 1:colcon.colcon_core.package_identification:_identify(clientapp/instance/slam) by extension 'python'
[0.262s] Level 1:colcon.colcon_core.package_identification:_identify(clientapp/instance/slam) by extensions ['python_setup_py']
[0.262s] Level 1:colcon.colcon_core.package_identification:_identify(clientapp/instance/slam) by extension 'python_setup_py'
[0.262s] Level 1:colcon.colcon_core.package_identification:_identify(clientapp/nginx) by extensions ['ignore', 'ignore_ament_install']
[0.262s] Level 1:colcon.colcon_core.package_identification:_identify(clientapp/nginx) by extension 'ignore'
[0.262s] Level 1:colcon.colcon_core.package_identification:_identify(clientapp/nginx) by extension 'ignore_ament_install'
[0.262s] Level 1:colcon.colcon_core.package_identification:_identify(clientapp/nginx) by extensions ['colcon_pkg']
[0.262s] Level 1:colcon.colcon_core.package_identification:_identify(clientapp/nginx) by extension 'colcon_pkg'
[0.262s] Level 1:colcon.colcon_core.package_identification:_identify(clientapp/nginx) by extensions ['colcon_meta']
[0.262s] Level 1:colcon.colcon_core.package_identification:_identify(clientapp/nginx) by extension 'colcon_meta'
[0.262s] Level 1:colcon.colcon_core.package_identification:_identify(clientapp/nginx) by extensions ['ros']
[0.262s] Level 1:colcon.colcon_core.package_identification:_identify(clientapp/nginx) by extension 'ros'
[0.263s] Level 1:colcon.colcon_core.package_identification:_identify(clientapp/nginx) by extensions ['cmake', 'python']
[0.263s] Level 1:colcon.colcon_core.package_identification:_identify(clientapp/nginx) by extension 'cmake'
[0.263s] Level 1:colcon.colcon_core.package_identification:_identify(clientapp/nginx) by extension 'python'
[0.263s] Level 1:colcon.colcon_core.package_identification:_identify(clientapp/nginx) by extensions ['python_setup_py']
[0.263s] Level 1:colcon.colcon_core.package_identification:_identify(clientapp/nginx) by extension 'python_setup_py'
[0.263s] Level 1:colcon.colcon_core.package_identification:_identify(clientapp/nodes) by extensions ['ignore', 'ignore_ament_install']
[0.263s] Level 1:colcon.colcon_core.package_identification:_identify(clientapp/nodes) by extension 'ignore'
[0.263s] Level 1:colcon.colcon_core.package_identification:_identify(clientapp/nodes) by extension 'ignore_ament_install'
[0.263s] Level 1:colcon.colcon_core.package_identification:_identify(clientapp/nodes) by extensions ['colcon_pkg']
[0.263s] Level 1:colcon.colcon_core.package_identification:_identify(clientapp/nodes) by extension 'colcon_pkg'
[0.263s] Level 1:colcon.colcon_core.package_identification:_identify(clientapp/nodes) by extensions ['colcon_meta']
[0.263s] Level 1:colcon.colcon_core.package_identification:_identify(clientapp/nodes) by extension 'colcon_meta'
[0.263s] Level 1:colcon.colcon_core.package_identification:_identify(clientapp/nodes) by extensions ['ros']
[0.263s] Level 1:colcon.colcon_core.package_identification:_identify(clientapp/nodes) by extension 'ros'
[0.263s] Level 1:colcon.colcon_core.package_identification:_identify(clientapp/nodes) by extensions ['cmake', 'python']
[0.263s] Level 1:colcon.colcon_core.package_identification:_identify(clientapp/nodes) by extension 'cmake'
[0.263s] Level 1:colcon.colcon_core.package_identification:_identify(clientapp/nodes) by extension 'python'
[0.263s] Level 1:colcon.colcon_core.package_identification:_identify(clientapp/nodes) by extensions ['python_setup_py']
[0.263s] Level 1:colcon.colcon_core.package_identification:_identify(clientapp/nodes) by extension 'python_setup_py'
[0.263s] Level 1:colcon.colcon_core.package_identification:_identify(clientapp/public) by extensions ['ignore', 'ignore_ament_install']
[0.263s] Level 1:colcon.colcon_core.package_identification:_identify(clientapp/public) by extension 'ignore'
[0.263s] Level 1:colcon.colcon_core.package_identification:_identify(clientapp/public) by extension 'ignore_ament_install'
[0.263s] Level 1:colcon.colcon_core.package_identification:_identify(clientapp/public) by extensions ['colcon_pkg']
[0.263s] Level 1:colcon.colcon_core.package_identification:_identify(clientapp/public) by extension 'colcon_pkg'
[0.263s] Level 1:colcon.colcon_core.package_identification:_identify(clientapp/public) by extensions ['colcon_meta']
[0.263s] Level 1:colcon.colcon_core.package_identification:_identify(clientapp/public) by extension 'colcon_meta'
[0.263s] Level 1:colcon.colcon_core.package_identification:_identify(clientapp/public) by extensions ['ros']
[0.263s] Level 1:colcon.colcon_core.package_identification:_identify(clientapp/public) by extension 'ros'
[0.263s] Level 1:colcon.colcon_core.package_identification:_identify(clientapp/public) by extensions ['cmake', 'python']
[0.263s] Level 1:colcon.colcon_core.package_identification:_identify(clientapp/public) by extension 'cmake'
[0.263s] Level 1:colcon.colcon_core.package_identification:_identify(clientapp/public) by extension 'python'
[0.263s] Level 1:colcon.colcon_core.package_identification:_identify(clientapp/public) by extensions ['python_setup_py']
[0.263s] Level 1:colcon.colcon_core.package_identification:_identify(clientapp/public) by extension 'python_setup_py'
[0.263s] Level 1:colcon.colcon_core.package_identification:_identify(clientapp/share) by extensions ['ignore', 'ignore_ament_install']
[0.263s] Level 1:colcon.colcon_core.package_identification:_identify(clientapp/share) by extension 'ignore'
[0.263s] Level 1:colcon.colcon_core.package_identification:_identify(clientapp/share) by extension 'ignore_ament_install'
[0.263s] Level 1:colcon.colcon_core.package_identification:_identify(clientapp/share) by extensions ['colcon_pkg']
[0.263s] Level 1:colcon.colcon_core.package_identification:_identify(clientapp/share) by extension 'colcon_pkg'
[0.263s] Level 1:colcon.colcon_core.package_identification:_identify(clientapp/share) by extensions ['colcon_meta']
[0.263s] Level 1:colcon.colcon_core.package_identification:_identify(clientapp/share) by extension 'colcon_meta'
[0.263s] Level 1:colcon.colcon_core.package_identification:_identify(clientapp/share) by extensions ['ros']
[0.263s] Level 1:colcon.colcon_core.package_identification:_identify(clientapp/share) by extension 'ros'
[0.263s] Level 1:colcon.colcon_core.package_identification:_identify(clientapp/share) by extensions ['cmake', 'python']
[0.263s] Level 1:colcon.colcon_core.package_identification:_identify(clientapp/share) by extension 'cmake'
[0.263s] Level 1:colcon.colcon_core.package_identification:_identify(clientapp/share) by extension 'python'
[0.263s] Level 1:colcon.colcon_core.package_identification:_identify(clientapp/share) by extensions ['python_setup_py']
[0.263s] Level 1:colcon.colcon_core.package_identification:_identify(clientapp/share) by extension 'python_setup_py'
[0.263s] Level 1:colcon.colcon_core.package_identification:_identify(downstream) by extensions ['ignore', 'ignore_ament_install']
[0.263s] Level 1:colcon.colcon_core.package_identification:_identify(downstream) by extension 'ignore'
[0.263s] Level 1:colcon.colcon_core.package_identification:_identify(downstream) by extension 'ignore_ament_install'
[0.263s] Level 1:colcon.colcon_core.package_identification:_identify(downstream) by extensions ['colcon_pkg']
[0.263s] Level 1:colcon.colcon_core.package_identification:_identify(downstream) by extension 'colcon_pkg'
[0.263s] Level 1:colcon.colcon_core.package_identification:_identify(downstream) by extensions ['colcon_meta']
[0.263s] Level 1:colcon.colcon_core.package_identification:_identify(downstream) by extension 'colcon_meta'
[0.263s] Level 1:colcon.colcon_core.package_identification:_identify(downstream) by extensions ['ros']
[0.263s] Level 1:colcon.colcon_core.package_identification:_identify(downstream) by extension 'ros'
[0.264s] Level 1:colcon.colcon_core.package_identification:_identify(downstream) by extensions ['cmake', 'python']
[0.264s] Level 1:colcon.colcon_core.package_identification:_identify(downstream) by extension 'cmake'
[0.264s] Level 1:colcon.colcon_core.package_identification:_identify(downstream) by extension 'python'
[0.264s] Level 1:colcon.colcon_core.package_identification:_identify(downstream) by extensions ['python_setup_py']
[0.264s] Level 1:colcon.colcon_core.package_identification:_identify(downstream) by extension 'python_setup_py'
[0.264s] Level 1:colcon.colcon_core.package_identification:_identify(install) by extensions ['ignore', 'ignore_ament_install']
[0.264s] Level 1:colcon.colcon_core.package_identification:_identify(install) by extension 'ignore'
[0.264s] Level 1:colcon.colcon_core.package_identification:_identify(install) ignored
[0.264s] Level 1:colcon.colcon_core.package_identification:_identify(log) by extensions ['ignore', 'ignore_ament_install']
[0.264s] Level 1:colcon.colcon_core.package_identification:_identify(log) by extension 'ignore'
[0.264s] Level 1:colcon.colcon_core.package_identification:_identify(log) ignored
[0.264s] Level 1:colcon.colcon_core.package_identification:_identify(piper_ws) by extensions ['ignore', 'ignore_ament_install']
[0.264s] Level 1:colcon.colcon_core.package_identification:_identify(piper_ws) by extension 'ignore'
[0.264s] Level 1:colcon.colcon_core.package_identification:_identify(piper_ws) by extension 'ignore_ament_install'
[0.264s] Level 1:colcon.colcon_core.package_identification:_identify(piper_ws) by extensions ['colcon_pkg']
[0.264s] Level 1:colcon.colcon_core.package_identification:_identify(piper_ws) by extension 'colcon_pkg'
[0.264s] Level 1:colcon.colcon_core.package_identification:_identify(piper_ws) by extensions ['colcon_meta']
[0.264s] Level 1:colcon.colcon_core.package_identification:_identify(piper_ws) by extension 'colcon_meta'
[0.264s] Level 1:colcon.colcon_core.package_identification:_identify(piper_ws) by extensions ['ros']
[0.264s] Level 1:colcon.colcon_core.package_identification:_identify(piper_ws) by extension 'ros'
[0.264s] Level 1:colcon.colcon_core.package_identification:_identify(piper_ws) by extensions ['cmake', 'python']
[0.264s] Level 1:colcon.colcon_core.package_identification:_identify(piper_ws) by extension 'cmake'
[0.264s] Level 1:colcon.colcon_core.package_identification:_identify(piper_ws) by extension 'python'
[0.264s] Level 1:colcon.colcon_core.package_identification:_identify(piper_ws) by extensions ['python_setup_py']
[0.264s] Level 1:colcon.colcon_core.package_identification:_identify(piper_ws) by extension 'python_setup_py'
[0.264s] Level 1:colcon.colcon_core.package_identification:_identify(piper_ws/build) by extensions ['ignore', 'ignore_ament_install']
[0.264s] Level 1:colcon.colcon_core.package_identification:_identify(piper_ws/build) by extension 'ignore'
[0.264s] Level 1:colcon.colcon_core.package_identification:_identify(piper_ws/build) ignored
[0.264s] Level 1:colcon.colcon_core.package_identification:_identify(piper_ws/install) by extensions ['ignore', 'ignore_ament_install']
[0.264s] Level 1:colcon.colcon_core.package_identification:_identify(piper_ws/install) by extension 'ignore'
[0.264s] Level 1:colcon.colcon_core.package_identification:_identify(piper_ws/install) ignored
[0.264s] Level 1:colcon.colcon_core.package_identification:_identify(piper_ws/log) by extensions ['ignore', 'ignore_ament_install']
[0.264s] Level 1:colcon.colcon_core.package_identification:_identify(piper_ws/log) by extension 'ignore'
[0.264s] Level 1:colcon.colcon_core.package_identification:_identify(piper_ws/log) ignored
[0.264s] Level 1:colcon.colcon_core.package_identification:_identify(piper_ws/src) by extensions ['ignore', 'ignore_ament_install']
[0.264s] Level 1:colcon.colcon_core.package_identification:_identify(piper_ws/src) by extension 'ignore'
[0.264s] Level 1:colcon.colcon_core.package_identification:_identify(piper_ws/src) by extension 'ignore_ament_install'
[0.264s] Level 1:colcon.colcon_core.package_identification:_identify(piper_ws/src) by extensions ['colcon_pkg']
[0.264s] Level 1:colcon.colcon_core.package_identification:_identify(piper_ws/src) by extension 'colcon_pkg'
[0.264s] Level 1:colcon.colcon_core.package_identification:_identify(piper_ws/src) by extensions ['colcon_meta']
[0.264s] Level 1:colcon.colcon_core.package_identification:_identify(piper_ws/src) by extension 'colcon_meta'
[0.264s] Level 1:colcon.colcon_core.package_identification:_identify(piper_ws/src) by extensions ['ros']
[0.264s] Level 1:colcon.colcon_core.package_identification:_identify(piper_ws/src) by extension 'ros'
[0.264s] Level 1:colcon.colcon_core.package_identification:_identify(piper_ws/src) by extensions ['cmake', 'python']
[0.264s] Level 1:colcon.colcon_core.package_identification:_identify(piper_ws/src) by extension 'cmake'
[0.264s] Level 1:colcon.colcon_core.package_identification:_identify(piper_ws/src) by extension 'python'
[0.264s] Level 1:colcon.colcon_core.package_identification:_identify(piper_ws/src) by extensions ['python_setup_py']
[0.265s] Level 1:colcon.colcon_core.package_identification:_identify(piper_ws/src) by extension 'python_setup_py'
[0.265s] Level 1:colcon.colcon_core.package_identification:_identify(piper_ws/src/Piper_ros) by extensions ['ignore', 'ignore_ament_install']
[0.265s] Level 1:colcon.colcon_core.package_identification:_identify(piper_ws/src/Piper_ros) by extension 'ignore'
[0.265s] Level 1:colcon.colcon_core.package_identification:_identify(piper_ws/src/Piper_ros) by extension 'ignore_ament_install'
[0.265s] Level 1:colcon.colcon_core.package_identification:_identify(piper_ws/src/Piper_ros) by extensions ['colcon_pkg']
[0.265s] Level 1:colcon.colcon_core.package_identification:_identify(piper_ws/src/Piper_ros) by extension 'colcon_pkg'
[0.265s] Level 1:colcon.colcon_core.package_identification:_identify(piper_ws/src/Piper_ros) by extensions ['colcon_meta']
[0.265s] Level 1:colcon.colcon_core.package_identification:_identify(piper_ws/src/Piper_ros) by extension 'colcon_meta'
[0.265s] Level 1:colcon.colcon_core.package_identification:_identify(piper_ws/src/Piper_ros) by extensions ['ros']
[0.265s] Level 1:colcon.colcon_core.package_identification:_identify(piper_ws/src/Piper_ros) by extension 'ros'
[0.265s] Level 1:colcon.colcon_core.package_identification:_identify(piper_ws/src/Piper_ros) by extensions ['cmake', 'python']
[0.265s] Level 1:colcon.colcon_core.package_identification:_identify(piper_ws/src/Piper_ros) by extension 'cmake'
[0.265s] Level 1:colcon.colcon_core.package_identification:_identify(piper_ws/src/Piper_ros) by extension 'python'
[0.265s] Level 1:colcon.colcon_core.package_identification:_identify(piper_ws/src/Piper_ros) by extensions ['python_setup_py']
[0.265s] Level 1:colcon.colcon_core.package_identification:_identify(piper_ws/src/Piper_ros) by extension 'python_setup_py'
[0.265s] Level 1:colcon.colcon_core.package_identification:_identify(piper_ws/src/Piper_ros/asserts) by extensions ['ignore', 'ignore_ament_install']
[0.265s] Level 1:colcon.colcon_core.package_identification:_identify(piper_ws/src/Piper_ros/asserts) by extension 'ignore'
[0.265s] Level 1:colcon.colcon_core.package_identification:_identify(piper_ws/src/Piper_ros/asserts) by extension 'ignore_ament_install'
[0.265s] Level 1:colcon.colcon_core.package_identification:_identify(piper_ws/src/Piper_ros/asserts) by extensions ['colcon_pkg']
[0.265s] Level 1:colcon.colcon_core.package_identification:_identify(piper_ws/src/Piper_ros/asserts) by extension 'colcon_pkg'
[0.265s] Level 1:colcon.colcon_core.package_identification:_identify(piper_ws/src/Piper_ros/asserts) by extensions ['colcon_meta']
[0.265s] Level 1:colcon.colcon_core.package_identification:_identify(piper_ws/src/Piper_ros/asserts) by extension 'colcon_meta'
[0.265s] Level 1:colcon.colcon_core.package_identification:_identify(piper_ws/src/Piper_ros/asserts) by extensions ['ros']
[0.265s] Level 1:colcon.colcon_core.package_identification:_identify(piper_ws/src/Piper_ros/asserts) by extension 'ros'
[0.265s] Level 1:colcon.colcon_core.package_identification:_identify(piper_ws/src/Piper_ros/asserts) by extensions ['cmake', 'python']
[0.265s] Level 1:colcon.colcon_core.package_identification:_identify(piper_ws/src/Piper_ros/asserts) by extension 'cmake'
[0.265s] Level 1:colcon.colcon_core.package_identification:_identify(piper_ws/src/Piper_ros/asserts) by extension 'python'
[0.265s] Level 1:colcon.colcon_core.package_identification:_identify(piper_ws/src/Piper_ros/asserts) by extensions ['python_setup_py']
[0.265s] Level 1:colcon.colcon_core.package_identification:_identify(piper_ws/src/Piper_ros/asserts) by extension 'python_setup_py'
[0.265s] Level 1:colcon.colcon_core.package_identification:_identify(piper_ws/src/Piper_ros/asserts/pictures) by extensions ['ignore', 'ignore_ament_install']
[0.265s] Level 1:colcon.colcon_core.package_identification:_identify(piper_ws/src/Piper_ros/asserts/pictures) by extension 'ignore'
[0.265s] Level 1:colcon.colcon_core.package_identification:_identify(piper_ws/src/Piper_ros/asserts/pictures) by extension 'ignore_ament_install'
[0.265s] Level 1:colcon.colcon_core.package_identification:_identify(piper_ws/src/Piper_ros/asserts/pictures) by extensions ['colcon_pkg']
[0.265s] Level 1:colcon.colcon_core.package_identification:_identify(piper_ws/src/Piper_ros/asserts/pictures) by extension 'colcon_pkg'
[0.265s] Level 1:colcon.colcon_core.package_identification:_identify(piper_ws/src/Piper_ros/asserts/pictures) by extensions ['colcon_meta']
[0.265s] Level 1:colcon.colcon_core.package_identification:_identify(piper_ws/src/Piper_ros/asserts/pictures) by extension 'colcon_meta'
[0.265s] Level 1:colcon.colcon_core.package_identification:_identify(piper_ws/src/Piper_ros/asserts/pictures) by extensions ['ros']
[0.265s] Level 1:colcon.colcon_core.package_identification:_identify(piper_ws/src/Piper_ros/asserts/pictures) by extension 'ros'
[0.265s] Level 1:colcon.colcon_core.package_identification:_identify(piper_ws/src/Piper_ros/asserts/pictures) by extensions ['cmake', 'python']
[0.265s] Level 1:colcon.colcon_core.package_identification:_identify(piper_ws/src/Piper_ros/asserts/pictures) by extension 'cmake'
[0.265s] Level 1:colcon.colcon_core.package_identification:_identify(piper_ws/src/Piper_ros/asserts/pictures) by extension 'python'
[0.265s] Level 1:colcon.colcon_core.package_identification:_identify(piper_ws/src/Piper_ros/asserts/pictures) by extensions ['python_setup_py']
[0.265s] Level 1:colcon.colcon_core.package_identification:_identify(piper_ws/src/Piper_ros/asserts/pictures) by extension 'python_setup_py'
[0.265s] Level 1:colcon.colcon_core.package_identification:_identify(piper_ws/src/Piper_ros/src) by extensions ['ignore', 'ignore_ament_install']
[0.265s] Level 1:colcon.colcon_core.package_identification:_identify(piper_ws/src/Piper_ros/src) by extension 'ignore'
[0.265s] Level 1:colcon.colcon_core.package_identification:_identify(piper_ws/src/Piper_ros/src) by extension 'ignore_ament_install'
[0.265s] Level 1:colcon.colcon_core.package_identification:_identify(piper_ws/src/Piper_ros/src) by extensions ['colcon_pkg']
[0.265s] Level 1:colcon.colcon_core.package_identification:_identify(piper_ws/src/Piper_ros/src) by extension 'colcon_pkg'
[0.265s] Level 1:colcon.colcon_core.package_identification:_identify(piper_ws/src/Piper_ros/src) by extensions ['colcon_meta']
[0.265s] Level 1:colcon.colcon_core.package_identification:_identify(piper_ws/src/Piper_ros/src) by extension 'colcon_meta'
[0.265s] Level 1:colcon.colcon_core.package_identification:_identify(piper_ws/src/Piper_ros/src) by extensions ['ros']
[0.266s] Level 1:colcon.colcon_core.package_identification:_identify(piper_ws/src/Piper_ros/src) by extension 'ros'
[0.266s] Level 1:colcon.colcon_core.package_identification:_identify(piper_ws/src/Piper_ros/src) by extensions ['cmake', 'python']
[0.266s] Level 1:colcon.colcon_core.package_identification:_identify(piper_ws/src/Piper_ros/src) by extension 'cmake'
[0.266s] Level 1:colcon.colcon_core.package_identification:_identify(piper_ws/src/Piper_ros/src) by extension 'python'
[0.266s] Level 1:colcon.colcon_core.package_identification:_identify(piper_ws/src/Piper_ros/src) by extensions ['python_setup_py']
[0.266s] Level 1:colcon.colcon_core.package_identification:_identify(piper_ws/src/Piper_ros/src) by extension 'python_setup_py'
[0.266s] Level 1:colcon.colcon_core.package_identification:_identify(piper_ws/src/Piper_ros/src/flask_ui) by extensions ['ignore', 'ignore_ament_install']
[0.266s] Level 1:colcon.colcon_core.package_identification:_identify(piper_ws/src/Piper_ros/src/flask_ui) by extension 'ignore'
[0.266s] Level 1:colcon.colcon_core.package_identification:_identify(piper_ws/src/Piper_ros/src/flask_ui) by extension 'ignore_ament_install'
[0.266s] Level 1:colcon.colcon_core.package_identification:_identify(piper_ws/src/Piper_ros/src/flask_ui) by extensions ['colcon_pkg']
[0.266s] Level 1:colcon.colcon_core.package_identification:_identify(piper_ws/src/Piper_ros/src/flask_ui) by extension 'colcon_pkg'
[0.266s] Level 1:colcon.colcon_core.package_identification:_identify(piper_ws/src/Piper_ros/src/flask_ui) by extensions ['colcon_meta']
[0.266s] Level 1:colcon.colcon_core.package_identification:_identify(piper_ws/src/Piper_ros/src/flask_ui) by extension 'colcon_meta'
[0.266s] Level 1:colcon.colcon_core.package_identification:_identify(piper_ws/src/Piper_ros/src/flask_ui) by extensions ['ros']
[0.266s] Level 1:colcon.colcon_core.package_identification:_identify(piper_ws/src/Piper_ros/src/flask_ui) by extension 'ros'
[0.266s] DEBUG:colcon.colcon_core.package_identification:Package 'piper_ws/src/Piper_ros/src/flask_ui' with type 'ros.ament_cmake' and name 'flask_ui'
[0.266s] Level 1:colcon.colcon_core.package_identification:_identify(piper_ws/src/Piper_ros/src/piper) by extensions ['ignore', 'ignore_ament_install']
[0.266s] Level 1:colcon.colcon_core.package_identification:_identify(piper_ws/src/Piper_ros/src/piper) by extension 'ignore'
[0.266s] Level 1:colcon.colcon_core.package_identification:_identify(piper_ws/src/Piper_ros/src/piper) by extension 'ignore_ament_install'
[0.266s] Level 1:colcon.colcon_core.package_identification:_identify(piper_ws/src/Piper_ros/src/piper) by extensions ['colcon_pkg']
[0.266s] Level 1:colcon.colcon_core.package_identification:_identify(piper_ws/src/Piper_ros/src/piper) by extension 'colcon_pkg'
[0.266s] Level 1:colcon.colcon_core.package_identification:_identify(piper_ws/src/Piper_ros/src/piper) by extensions ['colcon_meta']
[0.266s] Level 1:colcon.colcon_core.package_identification:_identify(piper_ws/src/Piper_ros/src/piper) by extension 'colcon_meta'
[0.267s] Level 1:colcon.colcon_core.package_identification:_identify(piper_ws/src/Piper_ros/src/piper) by extensions ['ros']
[0.267s] Level 1:colcon.colcon_core.package_identification:_identify(piper_ws/src/Piper_ros/src/piper) by extension 'ros'
[0.267s] DEBUG:colcon.colcon_core.package_identification:Package 'piper_ws/src/Piper_ros/src/piper' with type 'ros.ament_python' and name 'piper'
[0.267s] Level 1:colcon.colcon_core.package_identification:_identify(piper_ws/src/Piper_ros/src/piper_description) by extensions ['ignore', 'ignore_ament_install']
[0.267s] Level 1:colcon.colcon_core.package_identification:_identify(piper_ws/src/Piper_ros/src/piper_description) by extension 'ignore'
[0.267s] Level 1:colcon.colcon_core.package_identification:_identify(piper_ws/src/Piper_ros/src/piper_description) by extension 'ignore_ament_install'
[0.267s] Level 1:colcon.colcon_core.package_identification:_identify(piper_ws/src/Piper_ros/src/piper_description) by extensions ['colcon_pkg']
[0.267s] Level 1:colcon.colcon_core.package_identification:_identify(piper_ws/src/Piper_ros/src/piper_description) by extension 'colcon_pkg'
[0.267s] Level 1:colcon.colcon_core.package_identification:_identify(piper_ws/src/Piper_ros/src/piper_description) by extensions ['colcon_meta']
[0.267s] Level 1:colcon.colcon_core.package_identification:_identify(piper_ws/src/Piper_ros/src/piper_description) by extension 'colcon_meta'
[0.267s] Level 1:colcon.colcon_core.package_identification:_identify(piper_ws/src/Piper_ros/src/piper_description) by extensions ['ros']
[0.267s] Level 1:colcon.colcon_core.package_identification:_identify(piper_ws/src/Piper_ros/src/piper_description) by extension 'ros'
[0.268s] DEBUG:colcon.colcon_core.package_identification:Package 'piper_ws/src/Piper_ros/src/piper_description' with type 'ros.ament_cmake' and name 'piper_description'
[0.268s] Level 1:colcon.colcon_core.package_identification:_identify(piper_ws/src/Piper_ros/src/piper_humble) by extensions ['ignore', 'ignore_ament_install']
[0.268s] Level 1:colcon.colcon_core.package_identification:_identify(piper_ws/src/Piper_ros/src/piper_humble) by extension 'ignore'
[0.268s] Level 1:colcon.colcon_core.package_identification:_identify(piper_ws/src/Piper_ros/src/piper_humble) by extension 'ignore_ament_install'
[0.268s] Level 1:colcon.colcon_core.package_identification:_identify(piper_ws/src/Piper_ros/src/piper_humble) by extensions ['colcon_pkg']
[0.268s] Level 1:colcon.colcon_core.package_identification:_identify(piper_ws/src/Piper_ros/src/piper_humble) by extension 'colcon_pkg'
[0.268s] Level 1:colcon.colcon_core.package_identification:_identify(piper_ws/src/Piper_ros/src/piper_humble) by extensions ['colcon_meta']
[0.268s] Level 1:colcon.colcon_core.package_identification:_identify(piper_ws/src/Piper_ros/src/piper_humble) by extension 'colcon_meta'
[0.268s] Level 1:colcon.colcon_core.package_identification:_identify(piper_ws/src/Piper_ros/src/piper_humble) by extensions ['ros']
[0.268s] Level 1:colcon.colcon_core.package_identification:_identify(piper_ws/src/Piper_ros/src/piper_humble) by extension 'ros'
[0.269s] DEBUG:colcon.colcon_core.package_identification:Package 'piper_ws/src/Piper_ros/src/piper_humble' with type 'ros.ament_cmake' and name 'piper_humble'
[0.269s] Level 1:colcon.colcon_core.package_identification:_identify(piper_ws/src/Piper_ros/src/piper_moveit) by extensions ['ignore', 'ignore_ament_install']
[0.269s] Level 1:colcon.colcon_core.package_identification:_identify(piper_ws/src/Piper_ros/src/piper_moveit) by extension 'ignore'
[0.269s] Level 1:colcon.colcon_core.package_identification:_identify(piper_ws/src/Piper_ros/src/piper_moveit) by extension 'ignore_ament_install'
[0.269s] Level 1:colcon.colcon_core.package_identification:_identify(piper_ws/src/Piper_ros/src/piper_moveit) by extensions ['colcon_pkg']
[0.269s] Level 1:colcon.colcon_core.package_identification:_identify(piper_ws/src/Piper_ros/src/piper_moveit) by extension 'colcon_pkg'
[0.269s] Level 1:colcon.colcon_core.package_identification:_identify(piper_ws/src/Piper_ros/src/piper_moveit) by extensions ['colcon_meta']
[0.269s] Level 1:colcon.colcon_core.package_identification:_identify(piper_ws/src/Piper_ros/src/piper_moveit) by extension 'colcon_meta'
[0.269s] Level 1:colcon.colcon_core.package_identification:_identify(piper_ws/src/Piper_ros/src/piper_moveit) by extensions ['ros']
[0.269s] Level 1:colcon.colcon_core.package_identification:_identify(piper_ws/src/Piper_ros/src/piper_moveit) by extension 'ros'
[0.269s] Level 1:colcon.colcon_core.package_identification:_identify(piper_ws/src/Piper_ros/src/piper_moveit) by extensions ['cmake', 'python']
[0.269s] Level 1:colcon.colcon_core.package_identification:_identify(piper_ws/src/Piper_ros/src/piper_moveit) by extension 'cmake'
[0.269s] Level 1:colcon.colcon_core.package_identification:_identify(piper_ws/src/Piper_ros/src/piper_moveit) by extension 'python'
[0.269s] Level 1:colcon.colcon_core.package_identification:_identify(piper_ws/src/Piper_ros/src/piper_moveit) by extensions ['python_setup_py']
[0.269s] Level 1:colcon.colcon_core.package_identification:_identify(piper_ws/src/Piper_ros/src/piper_moveit) by extension 'python_setup_py'
[0.269s] Level 1:colcon.colcon_core.package_identification:_identify(piper_ws/src/Piper_ros/src/piper_moveit/piper_no_gripper_moveit) by extensions ['ignore', 'ignore_ament_install']
[0.269s] Level 1:colcon.colcon_core.package_identification:_identify(piper_ws/src/Piper_ros/src/piper_moveit/piper_no_gripper_moveit) by extension 'ignore'
[0.269s] Level 1:colcon.colcon_core.package_identification:_identify(piper_ws/src/Piper_ros/src/piper_moveit/piper_no_gripper_moveit) by extension 'ignore_ament_install'
[0.269s] Level 1:colcon.colcon_core.package_identification:_identify(piper_ws/src/Piper_ros/src/piper_moveit/piper_no_gripper_moveit) by extensions ['colcon_pkg']
[0.269s] Level 1:colcon.colcon_core.package_identification:_identify(piper_ws/src/Piper_ros/src/piper_moveit/piper_no_gripper_moveit) by extension 'colcon_pkg'
[0.269s] Level 1:colcon.colcon_core.package_identification:_identify(piper_ws/src/Piper_ros/src/piper_moveit/piper_no_gripper_moveit) by extensions ['colcon_meta']
[0.269s] Level 1:colcon.colcon_core.package_identification:_identify(piper_ws/src/Piper_ros/src/piper_moveit/piper_no_gripper_moveit) by extension 'colcon_meta'
[0.269s] Level 1:colcon.colcon_core.package_identification:_identify(piper_ws/src/Piper_ros/src/piper_moveit/piper_no_gripper_moveit) by extensions ['ros']
[0.269s] Level 1:colcon.colcon_core.package_identification:_identify(piper_ws/src/Piper_ros/src/piper_moveit/piper_no_gripper_moveit) by extension 'ros'
[0.270s] DEBUG:colcon.colcon_core.package_identification:Package 'piper_ws/src/Piper_ros/src/piper_moveit/piper_no_gripper_moveit' with type 'ros.ament_cmake' and name 'piper_no_gripper_moveit'
[0.270s] Level 1:colcon.colcon_core.package_identification:_identify(piper_ws/src/Piper_ros/src/piper_moveit/piper_with_gripper_moveit) by extensions ['ignore', 'ignore_ament_install']
[0.270s] Level 1:colcon.colcon_core.package_identification:_identify(piper_ws/src/Piper_ros/src/piper_moveit/piper_with_gripper_moveit) by extension 'ignore'
[0.270s] Level 1:colcon.colcon_core.package_identification:_identify(piper_ws/src/Piper_ros/src/piper_moveit/piper_with_gripper_moveit) by extension 'ignore_ament_install'
[0.270s] Level 1:colcon.colcon_core.package_identification:_identify(piper_ws/src/Piper_ros/src/piper_moveit/piper_with_gripper_moveit) by extensions ['colcon_pkg']
[0.270s] Level 1:colcon.colcon_core.package_identification:_identify(piper_ws/src/Piper_ros/src/piper_moveit/piper_with_gripper_moveit) by extension 'colcon_pkg'
[0.270s] Level 1:colcon.colcon_core.package_identification:_identify(piper_ws/src/Piper_ros/src/piper_moveit/piper_with_gripper_moveit) by extensions ['colcon_meta']
[0.270s] Level 1:colcon.colcon_core.package_identification:_identify(piper_ws/src/Piper_ros/src/piper_moveit/piper_with_gripper_moveit) by extension 'colcon_meta'
[0.270s] Level 1:colcon.colcon_core.package_identification:_identify(piper_ws/src/Piper_ros/src/piper_moveit/piper_with_gripper_moveit) by extensions ['ros']
[0.270s] Level 1:colcon.colcon_core.package_identification:_identify(piper_ws/src/Piper_ros/src/piper_moveit/piper_with_gripper_moveit) by extension 'ros'
[0.271s] DEBUG:colcon.colcon_core.package_identification:Package 'piper_ws/src/Piper_ros/src/piper_moveit/piper_with_gripper_moveit' with type 'ros.ament_cmake' and name 'piper_with_gripper_moveit'
[0.271s] Level 1:colcon.colcon_core.package_identification:_identify(piper_ws/src/Piper_ros/src/piper_msgs) by extensions ['ignore', 'ignore_ament_install']
[0.271s] Level 1:colcon.colcon_core.package_identification:_identify(piper_ws/src/Piper_ros/src/piper_msgs) by extension 'ignore'
[0.271s] Level 1:colcon.colcon_core.package_identification:_identify(piper_ws/src/Piper_ros/src/piper_msgs) by extension 'ignore_ament_install'
[0.271s] Level 1:colcon.colcon_core.package_identification:_identify(piper_ws/src/Piper_ros/src/piper_msgs) by extensions ['colcon_pkg']
[0.271s] Level 1:colcon.colcon_core.package_identification:_identify(piper_ws/src/Piper_ros/src/piper_msgs) by extension 'colcon_pkg'
[0.271s] Level 1:colcon.colcon_core.package_identification:_identify(piper_ws/src/Piper_ros/src/piper_msgs) by extensions ['colcon_meta']
[0.271s] Level 1:colcon.colcon_core.package_identification:_identify(piper_ws/src/Piper_ros/src/piper_msgs) by extension 'colcon_meta'
[0.271s] Level 1:colcon.colcon_core.package_identification:_identify(piper_ws/src/Piper_ros/src/piper_msgs) by extensions ['ros']
[0.271s] Level 1:colcon.colcon_core.package_identification:_identify(piper_ws/src/Piper_ros/src/piper_msgs) by extension 'ros'
[0.271s] DEBUG:colcon.colcon_core.package_identification:Package 'piper_ws/src/Piper_ros/src/piper_msgs' with type 'ros.ament_cmake' and name 'piper_msgs'
[0.271s] Level 1:colcon.colcon_core.package_identification:_identify(piper_ws/src/Piper_ros/src/piper_sim) by extensions ['ignore', 'ignore_ament_install']
[0.271s] Level 1:colcon.colcon_core.package_identification:_identify(piper_ws/src/Piper_ros/src/piper_sim) by extension 'ignore'
[0.271s] Level 1:colcon.colcon_core.package_identification:_identify(piper_ws/src/Piper_ros/src/piper_sim) by extension 'ignore_ament_install'
[0.271s] Level 1:colcon.colcon_core.package_identification:_identify(piper_ws/src/Piper_ros/src/piper_sim) by extensions ['colcon_pkg']
[0.272s] Level 1:colcon.colcon_core.package_identification:_identify(piper_ws/src/Piper_ros/src/piper_sim) by extension 'colcon_pkg'
[0.272s] Level 1:colcon.colcon_core.package_identification:_identify(piper_ws/src/Piper_ros/src/piper_sim) by extensions ['colcon_meta']
[0.272s] Level 1:colcon.colcon_core.package_identification:_identify(piper_ws/src/Piper_ros/src/piper_sim) by extension 'colcon_meta'
[0.272s] Level 1:colcon.colcon_core.package_identification:_identify(piper_ws/src/Piper_ros/src/piper_sim) by extensions ['ros']
[0.272s] Level 1:colcon.colcon_core.package_identification:_identify(piper_ws/src/Piper_ros/src/piper_sim) by extension 'ros'
[0.272s] Level 1:colcon.colcon_core.package_identification:_identify(piper_ws/src/Piper_ros/src/piper_sim) by extensions ['cmake', 'python']
[0.272s] Level 1:colcon.colcon_core.package_identification:_identify(piper_ws/src/Piper_ros/src/piper_sim) by extension 'cmake'
[0.272s] Level 1:colcon.colcon_core.package_identification:_identify(piper_ws/src/Piper_ros/src/piper_sim) by extension 'python'
[0.272s] Level 1:colcon.colcon_core.package_identification:_identify(piper_ws/src/Piper_ros/src/piper_sim) by extensions ['python_setup_py']
[0.272s] Level 1:colcon.colcon_core.package_identification:_identify(piper_ws/src/Piper_ros/src/piper_sim) by extension 'python_setup_py'
[0.272s] Level 1:colcon.colcon_core.package_identification:_identify(piper_ws/src/Piper_ros/src/piper_sim/piper_gazebo) by extensions ['ignore', 'ignore_ament_install']
[0.272s] Level 1:colcon.colcon_core.package_identification:_identify(piper_ws/src/Piper_ros/src/piper_sim/piper_gazebo) by extension 'ignore'
[0.272s] Level 1:colcon.colcon_core.package_identification:_identify(piper_ws/src/Piper_ros/src/piper_sim/piper_gazebo) by extension 'ignore_ament_install'
[0.272s] Level 1:colcon.colcon_core.package_identification:_identify(piper_ws/src/Piper_ros/src/piper_sim/piper_gazebo) by extensions ['colcon_pkg']
[0.272s] Level 1:colcon.colcon_core.package_identification:_identify(piper_ws/src/Piper_ros/src/piper_sim/piper_gazebo) by extension 'colcon_pkg'
[0.272s] Level 1:colcon.colcon_core.package_identification:_identify(piper_ws/src/Piper_ros/src/piper_sim/piper_gazebo) by extensions ['colcon_meta']
[0.272s] Level 1:colcon.colcon_core.package_identification:_identify(piper_ws/src/Piper_ros/src/piper_sim/piper_gazebo) by extension 'colcon_meta'
[0.272s] Level 1:colcon.colcon_core.package_identification:_identify(piper_ws/src/Piper_ros/src/piper_sim/piper_gazebo) by extensions ['ros']
[0.272s] Level 1:colcon.colcon_core.package_identification:_identify(piper_ws/src/Piper_ros/src/piper_sim/piper_gazebo) by extension 'ros'
[0.272s] DEBUG:colcon.colcon_core.package_identification:Package 'piper_ws/src/Piper_ros/src/piper_sim/piper_gazebo' with type 'ros.ament_cmake' and name 'piper_gazebo'
[0.272s] Level 1:colcon.colcon_core.package_identification:_identify(piper_ws/src/Piper_ros/src/piper_sim/piper_mujoco) by extensions ['ignore', 'ignore_ament_install']
[0.272s] Level 1:colcon.colcon_core.package_identification:_identify(piper_ws/src/Piper_ros/src/piper_sim/piper_mujoco) by extension 'ignore'
[0.272s] Level 1:colcon.colcon_core.package_identification:_identify(piper_ws/src/Piper_ros/src/piper_sim/piper_mujoco) by extension 'ignore_ament_install'
[0.273s] Level 1:colcon.colcon_core.package_identification:_identify(piper_ws/src/Piper_ros/src/piper_sim/piper_mujoco) by extensions ['colcon_pkg']
[0.273s] Level 1:colcon.colcon_core.package_identification:_identify(piper_ws/src/Piper_ros/src/piper_sim/piper_mujoco) by extension 'colcon_pkg'
[0.273s] Level 1:colcon.colcon_core.package_identification:_identify(piper_ws/src/Piper_ros/src/piper_sim/piper_mujoco) by extensions ['colcon_meta']
[0.273s] Level 1:colcon.colcon_core.package_identification:_identify(piper_ws/src/Piper_ros/src/piper_sim/piper_mujoco) by extension 'colcon_meta'
[0.273s] Level 1:colcon.colcon_core.package_identification:_identify(piper_ws/src/Piper_ros/src/piper_sim/piper_mujoco) by extensions ['ros']
[0.273s] Level 1:colcon.colcon_core.package_identification:_identify(piper_ws/src/Piper_ros/src/piper_sim/piper_mujoco) by extension 'ros'
[0.273s] DEBUG:colcon.colcon_core.package_identification:Package 'piper_ws/src/Piper_ros/src/piper_sim/piper_mujoco' with type 'ros.ament_cmake' and name 'piper_mujoco'
[0.273s] Level 1:colcon.colcon_core.package_identification:_identify(public) by extensions ['ignore', 'ignore_ament_install']
[0.273s] Level 1:colcon.colcon_core.package_identification:_identify(public) by extension 'ignore'
[0.273s] Level 1:colcon.colcon_core.package_identification:_identify(public) by extension 'ignore_ament_install'
[0.273s] Level 1:colcon.colcon_core.package_identification:_identify(public) by extensions ['colcon_pkg']
[0.273s] Level 1:colcon.colcon_core.package_identification:_identify(public) by extension 'colcon_pkg'
[0.273s] Level 1:colcon.colcon_core.package_identification:_identify(public) by extensions ['colcon_meta']
[0.273s] Level 1:colcon.colcon_core.package_identification:_identify(public) by extension 'colcon_meta'
[0.273s] Level 1:colcon.colcon_core.package_identification:_identify(public) by extensions ['ros']
[0.273s] Level 1:colcon.colcon_core.package_identification:_identify(public) by extension 'ros'
[0.273s] Level 1:colcon.colcon_core.package_identification:_identify(public) by extensions ['cmake', 'python']
[0.273s] Level 1:colcon.colcon_core.package_identification:_identify(public) by extension 'cmake'
[0.273s] Level 1:colcon.colcon_core.package_identification:_identify(public) by extension 'python'
[0.273s] Level 1:colcon.colcon_core.package_identification:_identify(public) by extensions ['python_setup_py']
[0.273s] Level 1:colcon.colcon_core.package_identification:_identify(public) by extension 'python_setup_py'
[0.273s] Level 1:colcon.colcon_core.package_identification:_identify(public/proto) by extensions ['ignore', 'ignore_ament_install']
[0.273s] Level 1:colcon.colcon_core.package_identification:_identify(public/proto) by extension 'ignore'
[0.273s] Level 1:colcon.colcon_core.package_identification:_identify(public/proto) by extension 'ignore_ament_install'
[0.273s] Level 1:colcon.colcon_core.package_identification:_identify(public/proto) by extensions ['colcon_pkg']
[0.273s] Level 1:colcon.colcon_core.package_identification:_identify(public/proto) by extension 'colcon_pkg'
[0.273s] Level 1:colcon.colcon_core.package_identification:_identify(public/proto) by extensions ['colcon_meta']
[0.273s] Level 1:colcon.colcon_core.package_identification:_identify(public/proto) by extension 'colcon_meta'
[0.273s] Level 1:colcon.colcon_core.package_identification:_identify(public/proto) by extensions ['ros']
[0.273s] Level 1:colcon.colcon_core.package_identification:_identify(public/proto) by extension 'ros'
[0.274s] Level 1:colcon.colcon_core.package_identification:_identify(public/proto) by extensions ['cmake', 'python']
[0.274s] Level 1:colcon.colcon_core.package_identification:_identify(public/proto) by extension 'cmake'
[0.274s] Level 1:colcon.colcon_core.package_identification:_identify(public/proto) by extension 'python'
[0.274s] Level 1:colcon.colcon_core.package_identification:_identify(public/proto) by extensions ['python_setup_py']
[0.274s] Level 1:colcon.colcon_core.package_identification:_identify(public/proto) by extension 'python_setup_py'
[0.274s] Level 1:colcon.colcon_core.package_identification:_identify(public/proto/cpp) by extensions ['ignore', 'ignore_ament_install']
[0.274s] Level 1:colcon.colcon_core.package_identification:_identify(public/proto/cpp) by extension 'ignore'
[0.274s] Level 1:colcon.colcon_core.package_identification:_identify(public/proto/cpp) by extension 'ignore_ament_install'
[0.274s] Level 1:colcon.colcon_core.package_identification:_identify(public/proto/cpp) by extensions ['colcon_pkg']
[0.274s] Level 1:colcon.colcon_core.package_identification:_identify(public/proto/cpp) by extension 'colcon_pkg'
[0.274s] Level 1:colcon.colcon_core.package_identification:_identify(public/proto/cpp) by extensions ['colcon_meta']
[0.274s] Level 1:colcon.colcon_core.package_identification:_identify(public/proto/cpp) by extension 'colcon_meta'
[0.274s] Level 1:colcon.colcon_core.package_identification:_identify(public/proto/cpp) by extensions ['ros']
[0.274s] Level 1:colcon.colcon_core.package_identification:_identify(public/proto/cpp) by extension 'ros'
[0.274s] Level 1:colcon.colcon_core.package_identification:_identify(public/proto/cpp) by extensions ['cmake', 'python']
[0.274s] Level 1:colcon.colcon_core.package_identification:_identify(public/proto/cpp) by extension 'cmake'
[0.274s] Level 1:colcon.colcon_core.package_identification:_identify(public/proto/cpp) by extension 'python'
[0.274s] Level 1:colcon.colcon_core.package_identification:_identify(public/proto/cpp) by extensions ['python_setup_py']
[0.274s] Level 1:colcon.colcon_core.package_identification:_identify(public/proto/cpp) by extension 'python_setup_py'
[0.274s] Level 1:colcon.colcon_core.package_identification:_identify(reactapp) by extensions ['ignore', 'ignore_ament_install']
[0.274s] Level 1:colcon.colcon_core.package_identification:_identify(reactapp) by extension 'ignore'
[0.274s] Level 1:colcon.colcon_core.package_identification:_identify(reactapp) by extension 'ignore_ament_install'
[0.274s] Level 1:colcon.colcon_core.package_identification:_identify(reactapp) by extensions ['colcon_pkg']
[0.274s] Level 1:colcon.colcon_core.package_identification:_identify(reactapp) by extension 'colcon_pkg'
[0.274s] Level 1:colcon.colcon_core.package_identification:_identify(reactapp) by extensions ['colcon_meta']
[0.274s] Level 1:colcon.colcon_core.package_identification:_identify(reactapp) by extension 'colcon_meta'
[0.274s] Level 1:colcon.colcon_core.package_identification:_identify(reactapp) by extensions ['ros']
[0.274s] Level 1:colcon.colcon_core.package_identification:_identify(reactapp) by extension 'ros'
[0.274s] Level 1:colcon.colcon_core.package_identification:_identify(reactapp) by extensions ['cmake', 'python']
[0.274s] Level 1:colcon.colcon_core.package_identification:_identify(reactapp) by extension 'cmake'
[0.274s] Level 1:colcon.colcon_core.package_identification:_identify(reactapp) by extension 'python'
[0.274s] Level 1:colcon.colcon_core.package_identification:_identify(reactapp) by extensions ['python_setup_py']
[0.274s] Level 1:colcon.colcon_core.package_identification:_identify(reactapp) by extension 'python_setup_py'
[0.274s] Level 1:colcon.colcon_core.package_identification:_identify(reactapp/public) by extensions ['ignore', 'ignore_ament_install']
[0.274s] Level 1:colcon.colcon_core.package_identification:_identify(reactapp/public) by extension 'ignore'
[0.274s] Level 1:colcon.colcon_core.package_identification:_identify(reactapp/public) by extension 'ignore_ament_install'
[0.274s] Level 1:colcon.colcon_core.package_identification:_identify(reactapp/public) by extensions ['colcon_pkg']
[0.274s] Level 1:colcon.colcon_core.package_identification:_identify(reactapp/public) by extension 'colcon_pkg'
[0.274s] Level 1:colcon.colcon_core.package_identification:_identify(reactapp/public) by extensions ['colcon_meta']
[0.274s] Level 1:colcon.colcon_core.package_identification:_identify(reactapp/public) by extension 'colcon_meta'
[0.274s] Level 1:colcon.colcon_core.package_identification:_identify(reactapp/public) by extensions ['ros']
[0.274s] Level 1:colcon.colcon_core.package_identification:_identify(reactapp/public) by extension 'ros'
[0.274s] Level 1:colcon.colcon_core.package_identification:_identify(reactapp/public) by extensions ['cmake', 'python']
[0.274s] Level 1:colcon.colcon_core.package_identification:_identify(reactapp/public) by extension 'cmake'
[0.274s] Level 1:colcon.colcon_core.package_identification:_identify(reactapp/public) by extension 'python'
[0.274s] Level 1:colcon.colcon_core.package_identification:_identify(reactapp/public) by extensions ['python_setup_py']
[0.274s] Level 1:colcon.colcon_core.package_identification:_identify(reactapp/public) by extension 'python_setup_py'
[0.274s] Level 1:colcon.colcon_core.package_identification:_identify(reactapp/src) by extensions ['ignore', 'ignore_ament_install']
[0.274s] Level 1:colcon.colcon_core.package_identification:_identify(reactapp/src) by extension 'ignore'
[0.274s] Level 1:colcon.colcon_core.package_identification:_identify(reactapp/src) by extension 'ignore_ament_install'
[0.274s] Level 1:colcon.colcon_core.package_identification:_identify(reactapp/src) by extensions ['colcon_pkg']
[0.274s] Level 1:colcon.colcon_core.package_identification:_identify(reactapp/src) by extension 'colcon_pkg'
[0.274s] Level 1:colcon.colcon_core.package_identification:_identify(reactapp/src) by extensions ['colcon_meta']
[0.275s] Level 1:colcon.colcon_core.package_identification:_identify(reactapp/src) by extension 'colcon_meta'
[0.275s] Level 1:colcon.colcon_core.package_identification:_identify(reactapp/src) by extensions ['ros']
[0.275s] Level 1:colcon.colcon_core.package_identification:_identify(reactapp/src) by extension 'ros'
[0.275s] Level 1:colcon.colcon_core.package_identification:_identify(reactapp/src) by extensions ['cmake', 'python']
[0.275s] Level 1:colcon.colcon_core.package_identification:_identify(reactapp/src) by extension 'cmake'
[0.275s] Level 1:colcon.colcon_core.package_identification:_identify(reactapp/src) by extension 'python'
[0.275s] Level 1:colcon.colcon_core.package_identification:_identify(reactapp/src) by extensions ['python_setup_py']
[0.275s] Level 1:colcon.colcon_core.package_identification:_identify(reactapp/src) by extension 'python_setup_py'
[0.275s] Level 1:colcon.colcon_core.package_identification:_identify(reactapp/src/connect) by extensions ['ignore', 'ignore_ament_install']
[0.275s] Level 1:colcon.colcon_core.package_identification:_identify(reactapp/src/connect) by extension 'ignore'
[0.275s] Level 1:colcon.colcon_core.package_identification:_identify(reactapp/src/connect) by extension 'ignore_ament_install'
[0.275s] Level 1:colcon.colcon_core.package_identification:_identify(reactapp/src/connect) by extensions ['colcon_pkg']
[0.275s] Level 1:colcon.colcon_core.package_identification:_identify(reactapp/src/connect) by extension 'colcon_pkg'
[0.275s] Level 1:colcon.colcon_core.package_identification:_identify(reactapp/src/connect) by extensions ['colcon_meta']
[0.275s] Level 1:colcon.colcon_core.package_identification:_identify(reactapp/src/connect) by extension 'colcon_meta'
[0.275s] Level 1:colcon.colcon_core.package_identification:_identify(reactapp/src/connect) by extensions ['ros']
[0.275s] Level 1:colcon.colcon_core.package_identification:_identify(reactapp/src/connect) by extension 'ros'
[0.275s] Level 1:colcon.colcon_core.package_identification:_identify(reactapp/src/connect) by extensions ['cmake', 'python']
[0.275s] Level 1:colcon.colcon_core.package_identification:_identify(reactapp/src/connect) by extension 'cmake'
[0.275s] Level 1:colcon.colcon_core.package_identification:_identify(reactapp/src/connect) by extension 'python'
[0.275s] Level 1:colcon.colcon_core.package_identification:_identify(reactapp/src/connect) by extensions ['python_setup_py']
[0.275s] Level 1:colcon.colcon_core.package_identification:_identify(reactapp/src/connect) by extension 'python_setup_py'
[0.275s] Level 1:colcon.colcon_core.package_identification:_identify(reactapp/src/connect/http) by extensions ['ignore', 'ignore_ament_install']
[0.275s] Level 1:colcon.colcon_core.package_identification:_identify(reactapp/src/connect/http) by extension 'ignore'
[0.275s] Level 1:colcon.colcon_core.package_identification:_identify(reactapp/src/connect/http) by extension 'ignore_ament_install'
[0.275s] Level 1:colcon.colcon_core.package_identification:_identify(reactapp/src/connect/http) by extensions ['colcon_pkg']
[0.275s] Level 1:colcon.colcon_core.package_identification:_identify(reactapp/src/connect/http) by extension 'colcon_pkg'
[0.275s] Level 1:colcon.colcon_core.package_identification:_identify(reactapp/src/connect/http) by extensions ['colcon_meta']
[0.275s] Level 1:colcon.colcon_core.package_identification:_identify(reactapp/src/connect/http) by extension 'colcon_meta'
[0.275s] Level 1:colcon.colcon_core.package_identification:_identify(reactapp/src/connect/http) by extensions ['ros']
[0.275s] Level 1:colcon.colcon_core.package_identification:_identify(reactapp/src/connect/http) by extension 'ros'
[0.275s] Level 1:colcon.colcon_core.package_identification:_identify(reactapp/src/connect/http) by extensions ['cmake', 'python']
[0.275s] Level 1:colcon.colcon_core.package_identification:_identify(reactapp/src/connect/http) by extension 'cmake'
[0.275s] Level 1:colcon.colcon_core.package_identification:_identify(reactapp/src/connect/http) by extension 'python'
[0.275s] Level 1:colcon.colcon_core.package_identification:_identify(reactapp/src/connect/http) by extensions ['python_setup_py']
[0.275s] Level 1:colcon.colcon_core.package_identification:_identify(reactapp/src/connect/http) by extension 'python_setup_py'
[0.275s] Level 1:colcon.colcon_core.package_identification:_identify(reactapp/src/connect/socket) by extensions ['ignore', 'ignore_ament_install']
[0.275s] Level 1:colcon.colcon_core.package_identification:_identify(reactapp/src/connect/socket) by extension 'ignore'
[0.275s] Level 1:colcon.colcon_core.package_identification:_identify(reactapp/src/connect/socket) by extension 'ignore_ament_install'
[0.275s] Level 1:colcon.colcon_core.package_identification:_identify(reactapp/src/connect/socket) by extensions ['colcon_pkg']
[0.275s] Level 1:colcon.colcon_core.package_identification:_identify(reactapp/src/connect/socket) by extension 'colcon_pkg'
[0.275s] Level 1:colcon.colcon_core.package_identification:_identify(reactapp/src/connect/socket) by extensions ['colcon_meta']
[0.275s] Level 1:colcon.colcon_core.package_identification:_identify(reactapp/src/connect/socket) by extension 'colcon_meta'
[0.275s] Level 1:colcon.colcon_core.package_identification:_identify(reactapp/src/connect/socket) by extensions ['ros']
[0.275s] Level 1:colcon.colcon_core.package_identification:_identify(reactapp/src/connect/socket) by extension 'ros'
[0.275s] Level 1:colcon.colcon_core.package_identification:_identify(reactapp/src/connect/socket) by extensions ['cmake', 'python']
[0.275s] Level 1:colcon.colcon_core.package_identification:_identify(reactapp/src/connect/socket) by extension 'cmake'
[0.275s] Level 1:colcon.colcon_core.package_identification:_identify(reactapp/src/connect/socket) by extension 'python'
[0.275s] Level 1:colcon.colcon_core.package_identification:_identify(reactapp/src/connect/socket) by extensions ['python_setup_py']
[0.275s] Level 1:colcon.colcon_core.package_identification:_identify(reactapp/src/connect/socket) by extension 'python_setup_py'
[0.275s] Level 1:colcon.colcon_core.package_identification:_identify(reactapp/src/data) by extensions ['ignore', 'ignore_ament_install']
[0.275s] Level 1:colcon.colcon_core.package_identification:_identify(reactapp/src/data) by extension 'ignore'
[0.275s] Level 1:colcon.colcon_core.package_identification:_identify(reactapp/src/data) by extension 'ignore_ament_install'
[0.276s] Level 1:colcon.colcon_core.package_identification:_identify(reactapp/src/data) by extensions ['colcon_pkg']
[0.276s] Level 1:colcon.colcon_core.package_identification:_identify(reactapp/src/data) by extension 'colcon_pkg'
[0.276s] Level 1:colcon.colcon_core.package_identification:_identify(reactapp/src/data) by extensions ['colcon_meta']
[0.276s] Level 1:colcon.colcon_core.package_identification:_identify(reactapp/src/data) by extension 'colcon_meta'
[0.276s] Level 1:colcon.colcon_core.package_identification:_identify(reactapp/src/data) by extensions ['ros']
[0.276s] Level 1:colcon.colcon_core.package_identification:_identify(reactapp/src/data) by extension 'ros'
[0.276s] Level 1:colcon.colcon_core.package_identification:_identify(reactapp/src/data) by extensions ['cmake', 'python']
[0.276s] Level 1:colcon.colcon_core.package_identification:_identify(reactapp/src/data) by extension 'cmake'
[0.276s] Level 1:colcon.colcon_core.package_identification:_identify(reactapp/src/data) by extension 'python'
[0.276s] Level 1:colcon.colcon_core.package_identification:_identify(reactapp/src/data) by extensions ['python_setup_py']
[0.276s] Level 1:colcon.colcon_core.package_identification:_identify(reactapp/src/data) by extension 'python_setup_py'
[0.276s] Level 1:colcon.colcon_core.package_identification:_identify(reactapp/src/design) by extensions ['ignore', 'ignore_ament_install']
[0.276s] Level 1:colcon.colcon_core.package_identification:_identify(reactapp/src/design) by extension 'ignore'
[0.276s] Level 1:colcon.colcon_core.package_identification:_identify(reactapp/src/design) by extension 'ignore_ament_install'
[0.276s] Level 1:colcon.colcon_core.package_identification:_identify(reactapp/src/design) by extensions ['colcon_pkg']
[0.276s] Level 1:colcon.colcon_core.package_identification:_identify(reactapp/src/design) by extension 'colcon_pkg'
[0.276s] Level 1:colcon.colcon_core.package_identification:_identify(reactapp/src/design) by extensions ['colcon_meta']
[0.276s] Level 1:colcon.colcon_core.package_identification:_identify(reactapp/src/design) by extension 'colcon_meta'
[0.276s] Level 1:colcon.colcon_core.package_identification:_identify(reactapp/src/design) by extensions ['ros']
[0.276s] Level 1:colcon.colcon_core.package_identification:_identify(reactapp/src/design) by extension 'ros'
[0.276s] Level 1:colcon.colcon_core.package_identification:_identify(reactapp/src/design) by extensions ['cmake', 'python']
[0.276s] Level 1:colcon.colcon_core.package_identification:_identify(reactapp/src/design) by extension 'cmake'
[0.276s] Level 1:colcon.colcon_core.package_identification:_identify(reactapp/src/design) by extension 'python'
[0.276s] Level 1:colcon.colcon_core.package_identification:_identify(reactapp/src/design) by extensions ['python_setup_py']
[0.276s] Level 1:colcon.colcon_core.package_identification:_identify(reactapp/src/design) by extension 'python_setup_py'
[0.276s] Level 1:colcon.colcon_core.package_identification:_identify(reactapp/src/design/button) by extensions ['ignore', 'ignore_ament_install']
[0.276s] Level 1:colcon.colcon_core.package_identification:_identify(reactapp/src/design/button) by extension 'ignore'
[0.276s] Level 1:colcon.colcon_core.package_identification:_identify(reactapp/src/design/button) by extension 'ignore_ament_install'
[0.276s] Level 1:colcon.colcon_core.package_identification:_identify(reactapp/src/design/button) by extensions ['colcon_pkg']
[0.276s] Level 1:colcon.colcon_core.package_identification:_identify(reactapp/src/design/button) by extension 'colcon_pkg'
[0.276s] Level 1:colcon.colcon_core.package_identification:_identify(reactapp/src/design/button) by extensions ['colcon_meta']
[0.276s] Level 1:colcon.colcon_core.package_identification:_identify(reactapp/src/design/button) by extension 'colcon_meta'
[0.276s] Level 1:colcon.colcon_core.package_identification:_identify(reactapp/src/design/button) by extensions ['ros']
[0.276s] Level 1:colcon.colcon_core.package_identification:_identify(reactapp/src/design/button) by extension 'ros'
[0.276s] Level 1:colcon.colcon_core.package_identification:_identify(reactapp/src/design/button) by extensions ['cmake', 'python']
[0.276s] Level 1:colcon.colcon_core.package_identification:_identify(reactapp/src/design/button) by extension 'cmake'
[0.276s] Level 1:colcon.colcon_core.package_identification:_identify(reactapp/src/design/button) by extension 'python'
[0.276s] Level 1:colcon.colcon_core.package_identification:_identify(reactapp/src/design/button) by extensions ['python_setup_py']
[0.276s] Level 1:colcon.colcon_core.package_identification:_identify(reactapp/src/design/button) by extension 'python_setup_py'
[0.276s] Level 1:colcon.colcon_core.package_identification:_identify(reactapp/src/design/other) by extensions ['ignore', 'ignore_ament_install']
[0.276s] Level 1:colcon.colcon_core.package_identification:_identify(reactapp/src/design/other) by extension 'ignore'
[0.276s] Level 1:colcon.colcon_core.package_identification:_identify(reactapp/src/design/other) by extension 'ignore_ament_install'
[0.276s] Level 1:colcon.colcon_core.package_identification:_identify(reactapp/src/design/other) by extensions ['colcon_pkg']
[0.276s] Level 1:colcon.colcon_core.package_identification:_identify(reactapp/src/design/other) by extension 'colcon_pkg'
[0.276s] Level 1:colcon.colcon_core.package_identification:_identify(reactapp/src/design/other) by extensions ['colcon_meta']
[0.276s] Level 1:colcon.colcon_core.package_identification:_identify(reactapp/src/design/other) by extension 'colcon_meta'
[0.276s] Level 1:colcon.colcon_core.package_identification:_identify(reactapp/src/design/other) by extensions ['ros']
[0.276s] Level 1:colcon.colcon_core.package_identification:_identify(reactapp/src/design/other) by extension 'ros'
[0.276s] Level 1:colcon.colcon_core.package_identification:_identify(reactapp/src/design/other) by extensions ['cmake', 'python']
[0.276s] Level 1:colcon.colcon_core.package_identification:_identify(reactapp/src/design/other) by extension 'cmake'
[0.276s] Level 1:colcon.colcon_core.package_identification:_identify(reactapp/src/design/other) by extension 'python'
[0.276s] Level 1:colcon.colcon_core.package_identification:_identify(reactapp/src/design/other) by extensions ['python_setup_py']
[0.276s] Level 1:colcon.colcon_core.package_identification:_identify(reactapp/src/design/other) by extension 'python_setup_py'
[0.276s] Level 1:colcon.colcon_core.package_identification:_identify(reactapp/src/design/text) by extensions ['ignore', 'ignore_ament_install']
[0.276s] Level 1:colcon.colcon_core.package_identification:_identify(reactapp/src/design/text) by extension 'ignore'
[0.277s] Level 1:colcon.colcon_core.package_identification:_identify(reactapp/src/design/text) by extension 'ignore_ament_install'
[0.277s] Level 1:colcon.colcon_core.package_identification:_identify(reactapp/src/design/text) by extensions ['colcon_pkg']
[0.277s] Level 1:colcon.colcon_core.package_identification:_identify(reactapp/src/design/text) by extension 'colcon_pkg'
[0.277s] Level 1:colcon.colcon_core.package_identification:_identify(reactapp/src/design/text) by extensions ['colcon_meta']
[0.277s] Level 1:colcon.colcon_core.package_identification:_identify(reactapp/src/design/text) by extension 'colcon_meta'
[0.277s] Level 1:colcon.colcon_core.package_identification:_identify(reactapp/src/design/text) by extensions ['ros']
[0.277s] Level 1:colcon.colcon_core.package_identification:_identify(reactapp/src/design/text) by extension 'ros'
[0.277s] Level 1:colcon.colcon_core.package_identification:_identify(reactapp/src/design/text) by extensions ['cmake', 'python']
[0.277s] Level 1:colcon.colcon_core.package_identification:_identify(reactapp/src/design/text) by extension 'cmake'
[0.277s] Level 1:colcon.colcon_core.package_identification:_identify(reactapp/src/design/text) by extension 'python'
[0.277s] Level 1:colcon.colcon_core.package_identification:_identify(reactapp/src/design/text) by extensions ['python_setup_py']
[0.277s] Level 1:colcon.colcon_core.package_identification:_identify(reactapp/src/design/text) by extension 'python_setup_py'
[0.277s] Level 1:colcon.colcon_core.package_identification:_identify(reactapp/src/page) by extensions ['ignore', 'ignore_ament_install']
[0.277s] Level 1:colcon.colcon_core.package_identification:_identify(reactapp/src/page) by extension 'ignore'
[0.277s] Level 1:colcon.colcon_core.package_identification:_identify(reactapp/src/page) by extension 'ignore_ament_install'
[0.277s] Level 1:colcon.colcon_core.package_identification:_identify(reactapp/src/page) by extensions ['colcon_pkg']
[0.277s] Level 1:colcon.colcon_core.package_identification:_identify(reactapp/src/page) by extension 'colcon_pkg'
[0.277s] Level 1:colcon.colcon_core.package_identification:_identify(reactapp/src/page) by extensions ['colcon_meta']
[0.277s] Level 1:colcon.colcon_core.package_identification:_identify(reactapp/src/page) by extension 'colcon_meta'
[0.277s] Level 1:colcon.colcon_core.package_identification:_identify(reactapp/src/page) by extensions ['ros']
[0.277s] Level 1:colcon.colcon_core.package_identification:_identify(reactapp/src/page) by extension 'ros'
[0.277s] Level 1:colcon.colcon_core.package_identification:_identify(reactapp/src/page) by extensions ['cmake', 'python']
[0.277s] Level 1:colcon.colcon_core.package_identification:_identify(reactapp/src/page) by extension 'cmake'
[0.277s] Level 1:colcon.colcon_core.package_identification:_identify(reactapp/src/page) by extension 'python'
[0.277s] Level 1:colcon.colcon_core.package_identification:_identify(reactapp/src/page) by extensions ['python_setup_py']
[0.277s] Level 1:colcon.colcon_core.package_identification:_identify(reactapp/src/page) by extension 'python_setup_py'
[0.277s] Level 1:colcon.colcon_core.package_identification:_identify(reactapp/src/page/appbar) by extensions ['ignore', 'ignore_ament_install']
[0.277s] Level 1:colcon.colcon_core.package_identification:_identify(reactapp/src/page/appbar) by extension 'ignore'
[0.277s] Level 1:colcon.colcon_core.package_identification:_identify(reactapp/src/page/appbar) by extension 'ignore_ament_install'
[0.277s] Level 1:colcon.colcon_core.package_identification:_identify(reactapp/src/page/appbar) by extensions ['colcon_pkg']
[0.277s] Level 1:colcon.colcon_core.package_identification:_identify(reactapp/src/page/appbar) by extension 'colcon_pkg'
[0.277s] Level 1:colcon.colcon_core.package_identification:_identify(reactapp/src/page/appbar) by extensions ['colcon_meta']
[0.277s] Level 1:colcon.colcon_core.package_identification:_identify(reactapp/src/page/appbar) by extension 'colcon_meta'
[0.277s] Level 1:colcon.colcon_core.package_identification:_identify(reactapp/src/page/appbar) by extensions ['ros']
[0.277s] Level 1:colcon.colcon_core.package_identification:_identify(reactapp/src/page/appbar) by extension 'ros'
[0.277s] Level 1:colcon.colcon_core.package_identification:_identify(reactapp/src/page/appbar) by extensions ['cmake', 'python']
[0.277s] Level 1:colcon.colcon_core.package_identification:_identify(reactapp/src/page/appbar) by extension 'cmake'
[0.277s] Level 1:colcon.colcon_core.package_identification:_identify(reactapp/src/page/appbar) by extension 'python'
[0.277s] Level 1:colcon.colcon_core.package_identification:_identify(reactapp/src/page/appbar) by extensions ['python_setup_py']
[0.277s] Level 1:colcon.colcon_core.package_identification:_identify(reactapp/src/page/appbar) by extension 'python_setup_py'
[0.277s] Level 1:colcon.colcon_core.package_identification:_identify(reactapp/src/page/appbar/battery) by extensions ['ignore', 'ignore_ament_install']
[0.277s] Level 1:colcon.colcon_core.package_identification:_identify(reactapp/src/page/appbar/battery) by extension 'ignore'
[0.277s] Level 1:colcon.colcon_core.package_identification:_identify(reactapp/src/page/appbar/battery) by extension 'ignore_ament_install'
[0.277s] Level 1:colcon.colcon_core.package_identification:_identify(reactapp/src/page/appbar/battery) by extensions ['colcon_pkg']
[0.277s] Level 1:colcon.colcon_core.package_identification:_identify(reactapp/src/page/appbar/battery) by extension 'colcon_pkg'
[0.277s] Level 1:colcon.colcon_core.package_identification:_identify(reactapp/src/page/appbar/battery) by extensions ['colcon_meta']
[0.277s] Level 1:colcon.colcon_core.package_identification:_identify(reactapp/src/page/appbar/battery) by extension 'colcon_meta'
[0.277s] Level 1:colcon.colcon_core.package_identification:_identify(reactapp/src/page/appbar/battery) by extensions ['ros']
[0.277s] Level 1:colcon.colcon_core.package_identification:_identify(reactapp/src/page/appbar/battery) by extension 'ros'
[0.277s] Level 1:colcon.colcon_core.package_identification:_identify(reactapp/src/page/appbar/battery) by extensions ['cmake', 'python']
[0.277s] Level 1:colcon.colcon_core.package_identification:_identify(reactapp/src/page/appbar/battery) by extension 'cmake'
[0.277s] Level 1:colcon.colcon_core.package_identification:_identify(reactapp/src/page/appbar/battery) by extension 'python'
[0.277s] Level 1:colcon.colcon_core.package_identification:_identify(reactapp/src/page/appbar/battery) by extensions ['python_setup_py']
[0.277s] Level 1:colcon.colcon_core.package_identification:_identify(reactapp/src/page/appbar/battery) by extension 'python_setup_py'
[0.278s] Level 1:colcon.colcon_core.package_identification:_identify(reactapp/src/page/appbar/robotmonitor) by extensions ['ignore', 'ignore_ament_install']
[0.278s] Level 1:colcon.colcon_core.package_identification:_identify(reactapp/src/page/appbar/robotmonitor) by extension 'ignore'
[0.278s] Level 1:colcon.colcon_core.package_identification:_identify(reactapp/src/page/appbar/robotmonitor) by extension 'ignore_ament_install'
[0.278s] Level 1:colcon.colcon_core.package_identification:_identify(reactapp/src/page/appbar/robotmonitor) by extensions ['colcon_pkg']
[0.278s] Level 1:colcon.colcon_core.package_identification:_identify(reactapp/src/page/appbar/robotmonitor) by extension 'colcon_pkg'
[0.278s] Level 1:colcon.colcon_core.package_identification:_identify(reactapp/src/page/appbar/robotmonitor) by extensions ['colcon_meta']
[0.278s] Level 1:colcon.colcon_core.package_identification:_identify(reactapp/src/page/appbar/robotmonitor) by extension 'colcon_meta'
[0.278s] Level 1:colcon.colcon_core.package_identification:_identify(reactapp/src/page/appbar/robotmonitor) by extensions ['ros']
[0.278s] Level 1:colcon.colcon_core.package_identification:_identify(reactapp/src/page/appbar/robotmonitor) by extension 'ros'
[0.278s] Level 1:colcon.colcon_core.package_identification:_identify(reactapp/src/page/appbar/robotmonitor) by extensions ['cmake', 'python']
[0.278s] Level 1:colcon.colcon_core.package_identification:_identify(reactapp/src/page/appbar/robotmonitor) by extension 'cmake'
[0.278s] Level 1:colcon.colcon_core.package_identification:_identify(reactapp/src/page/appbar/robotmonitor) by extension 'python'
[0.278s] Level 1:colcon.colcon_core.package_identification:_identify(reactapp/src/page/appbar/robotmonitor) by extensions ['python_setup_py']
[0.278s] Level 1:colcon.colcon_core.package_identification:_identify(reactapp/src/page/appbar/robotmonitor) by extension 'python_setup_py'
[0.278s] Level 1:colcon.colcon_core.package_identification:_identify(reactapp/src/page/capture) by extensions ['ignore', 'ignore_ament_install']
[0.278s] Level 1:colcon.colcon_core.package_identification:_identify(reactapp/src/page/capture) by extension 'ignore'
[0.278s] Level 1:colcon.colcon_core.package_identification:_identify(reactapp/src/page/capture) by extension 'ignore_ament_install'
[0.278s] Level 1:colcon.colcon_core.package_identification:_identify(reactapp/src/page/capture) by extensions ['colcon_pkg']
[0.278s] Level 1:colcon.colcon_core.package_identification:_identify(reactapp/src/page/capture) by extension 'colcon_pkg'
[0.278s] Level 1:colcon.colcon_core.package_identification:_identify(reactapp/src/page/capture) by extensions ['colcon_meta']
[0.278s] Level 1:colcon.colcon_core.package_identification:_identify(reactapp/src/page/capture) by extension 'colcon_meta'
[0.278s] Level 1:colcon.colcon_core.package_identification:_identify(reactapp/src/page/capture) by extensions ['ros']
[0.278s] Level 1:colcon.colcon_core.package_identification:_identify(reactapp/src/page/capture) by extension 'ros'
[0.278s] Level 1:colcon.colcon_core.package_identification:_identify(reactapp/src/page/capture) by extensions ['cmake', 'python']
[0.278s] Level 1:colcon.colcon_core.package_identification:_identify(reactapp/src/page/capture) by extension 'cmake'
[0.278s] Level 1:colcon.colcon_core.package_identification:_identify(reactapp/src/page/capture) by extension 'python'
[0.278s] Level 1:colcon.colcon_core.package_identification:_identify(reactapp/src/page/capture) by extensions ['python_setup_py']
[0.278s] Level 1:colcon.colcon_core.package_identification:_identify(reactapp/src/page/capture) by extension 'python_setup_py'
[0.278s] Level 1:colcon.colcon_core.package_identification:_identify(reactapp/src/page/diagnotics) by extensions ['ignore', 'ignore_ament_install']
[0.278s] Level 1:colcon.colcon_core.package_identification:_identify(reactapp/src/page/diagnotics) by extension 'ignore'
[0.278s] Level 1:colcon.colcon_core.package_identification:_identify(reactapp/src/page/diagnotics) by extension 'ignore_ament_install'
[0.278s] Level 1:colcon.colcon_core.package_identification:_identify(reactapp/src/page/diagnotics) by extensions ['colcon_pkg']
[0.278s] Level 1:colcon.colcon_core.package_identification:_identify(reactapp/src/page/diagnotics) by extension 'colcon_pkg'
[0.278s] Level 1:colcon.colcon_core.package_identification:_identify(reactapp/src/page/diagnotics) by extensions ['colcon_meta']
[0.278s] Level 1:colcon.colcon_core.package_identification:_identify(reactapp/src/page/diagnotics) by extension 'colcon_meta'
[0.278s] Level 1:colcon.colcon_core.package_identification:_identify(reactapp/src/page/diagnotics) by extensions ['ros']
[0.278s] Level 1:colcon.colcon_core.package_identification:_identify(reactapp/src/page/diagnotics) by extension 'ros'
[0.278s] Level 1:colcon.colcon_core.package_identification:_identify(reactapp/src/page/diagnotics) by extensions ['cmake', 'python']
[0.278s] Level 1:colcon.colcon_core.package_identification:_identify(reactapp/src/page/diagnotics) by extension 'cmake'
[0.278s] Level 1:colcon.colcon_core.package_identification:_identify(reactapp/src/page/diagnotics) by extension 'python'
[0.278s] Level 1:colcon.colcon_core.package_identification:_identify(reactapp/src/page/diagnotics) by extensions ['python_setup_py']
[0.278s] Level 1:colcon.colcon_core.package_identification:_identify(reactapp/src/page/diagnotics) by extension 'python_setup_py'
[0.278s] Level 1:colcon.colcon_core.package_identification:_identify(reactapp/src/page/jaibridge) by extensions ['ignore', 'ignore_ament_install']
[0.278s] Level 1:colcon.colcon_core.package_identification:_identify(reactapp/src/page/jaibridge) by extension 'ignore'
[0.278s] Level 1:colcon.colcon_core.package_identification:_identify(reactapp/src/page/jaibridge) by extension 'ignore_ament_install'
[0.278s] Level 1:colcon.colcon_core.package_identification:_identify(reactapp/src/page/jaibridge) by extensions ['colcon_pkg']
[0.278s] Level 1:colcon.colcon_core.package_identification:_identify(reactapp/src/page/jaibridge) by extension 'colcon_pkg'
[0.278s] Level 1:colcon.colcon_core.package_identification:_identify(reactapp/src/page/jaibridge) by extensions ['colcon_meta']
[0.278s] Level 1:colcon.colcon_core.package_identification:_identify(reactapp/src/page/jaibridge) by extension 'colcon_meta'
[0.278s] Level 1:colcon.colcon_core.package_identification:_identify(reactapp/src/page/jaibridge) by extensions ['ros']
[0.278s] Level 1:colcon.colcon_core.package_identification:_identify(reactapp/src/page/jaibridge) by extension 'ros'
[0.279s] Level 1:colcon.colcon_core.package_identification:_identify(reactapp/src/page/jaibridge) by extensions ['cmake', 'python']
[0.279s] Level 1:colcon.colcon_core.package_identification:_identify(reactapp/src/page/jaibridge) by extension 'cmake'
[0.279s] Level 1:colcon.colcon_core.package_identification:_identify(reactapp/src/page/jaibridge) by extension 'python'
[0.279s] Level 1:colcon.colcon_core.package_identification:_identify(reactapp/src/page/jaibridge) by extensions ['python_setup_py']
[0.279s] Level 1:colcon.colcon_core.package_identification:_identify(reactapp/src/page/jaibridge) by extension 'python_setup_py'
[0.279s] Level 1:colcon.colcon_core.package_identification:_identify(reactapp/src/page/launch) by extensions ['ignore', 'ignore_ament_install']
[0.279s] Level 1:colcon.colcon_core.package_identification:_identify(reactapp/src/page/launch) by extension 'ignore'
[0.279s] Level 1:colcon.colcon_core.package_identification:_identify(reactapp/src/page/launch) by extension 'ignore_ament_install'
[0.279s] Level 1:colcon.colcon_core.package_identification:_identify(reactapp/src/page/launch) by extensions ['colcon_pkg']
[0.279s] Level 1:colcon.colcon_core.package_identification:_identify(reactapp/src/page/launch) by extension 'colcon_pkg'
[0.279s] Level 1:colcon.colcon_core.package_identification:_identify(reactapp/src/page/launch) by extensions ['colcon_meta']
[0.279s] Level 1:colcon.colcon_core.package_identification:_identify(reactapp/src/page/launch) by extension 'colcon_meta'
[0.279s] Level 1:colcon.colcon_core.package_identification:_identify(reactapp/src/page/launch) by extensions ['ros']
[0.279s] Level 1:colcon.colcon_core.package_identification:_identify(reactapp/src/page/launch) by extension 'ros'
[0.279s] Level 1:colcon.colcon_core.package_identification:_identify(reactapp/src/page/launch) by extensions ['cmake', 'python']
[0.279s] Level 1:colcon.colcon_core.package_identification:_identify(reactapp/src/page/launch) by extension 'cmake'
[0.279s] Level 1:colcon.colcon_core.package_identification:_identify(reactapp/src/page/launch) by extension 'python'
[0.279s] Level 1:colcon.colcon_core.package_identification:_identify(reactapp/src/page/launch) by extensions ['python_setup_py']
[0.279s] Level 1:colcon.colcon_core.package_identification:_identify(reactapp/src/page/launch) by extension 'python_setup_py'
[0.279s] Level 1:colcon.colcon_core.package_identification:_identify(reactapp/src/page/lidar) by extensions ['ignore', 'ignore_ament_install']
[0.279s] Level 1:colcon.colcon_core.package_identification:_identify(reactapp/src/page/lidar) by extension 'ignore'
[0.279s] Level 1:colcon.colcon_core.package_identification:_identify(reactapp/src/page/lidar) by extension 'ignore_ament_install'
[0.279s] Level 1:colcon.colcon_core.package_identification:_identify(reactapp/src/page/lidar) by extensions ['colcon_pkg']
[0.279s] Level 1:colcon.colcon_core.package_identification:_identify(reactapp/src/page/lidar) by extension 'colcon_pkg'
[0.279s] Level 1:colcon.colcon_core.package_identification:_identify(reactapp/src/page/lidar) by extensions ['colcon_meta']
[0.279s] Level 1:colcon.colcon_core.package_identification:_identify(reactapp/src/page/lidar) by extension 'colcon_meta'
[0.279s] Level 1:colcon.colcon_core.package_identification:_identify(reactapp/src/page/lidar) by extensions ['ros']
[0.279s] Level 1:colcon.colcon_core.package_identification:_identify(reactapp/src/page/lidar) by extension 'ros'
[0.280s] Level 1:colcon.colcon_core.package_identification:_identify(reactapp/src/page/lidar) by extensions ['cmake', 'python']
[0.280s] Level 1:colcon.colcon_core.package_identification:_identify(reactapp/src/page/lidar) by extension 'cmake'
[0.280s] Level 1:colcon.colcon_core.package_identification:_identify(reactapp/src/page/lidar) by extension 'python'
[0.280s] Level 1:colcon.colcon_core.package_identification:_identify(reactapp/src/page/lidar) by extensions ['python_setup_py']
[0.280s] Level 1:colcon.colcon_core.package_identification:_identify(reactapp/src/page/lidar) by extension 'python_setup_py'
[0.280s] Level 1:colcon.colcon_core.package_identification:_identify(reactapp/src/page/lucid) by extensions ['ignore', 'ignore_ament_install']
[0.280s] Level 1:colcon.colcon_core.package_identification:_identify(reactapp/src/page/lucid) by extension 'ignore'
[0.280s] Level 1:colcon.colcon_core.package_identification:_identify(reactapp/src/page/lucid) by extension 'ignore_ament_install'
[0.280s] Level 1:colcon.colcon_core.package_identification:_identify(reactapp/src/page/lucid) by extensions ['colcon_pkg']
[0.280s] Level 1:colcon.colcon_core.package_identification:_identify(reactapp/src/page/lucid) by extension 'colcon_pkg'
[0.280s] Level 1:colcon.colcon_core.package_identification:_identify(reactapp/src/page/lucid) by extensions ['colcon_meta']
[0.280s] Level 1:colcon.colcon_core.package_identification:_identify(reactapp/src/page/lucid) by extension 'colcon_meta'
[0.280s] Level 1:colcon.colcon_core.package_identification:_identify(reactapp/src/page/lucid) by extensions ['ros']
[0.280s] Level 1:colcon.colcon_core.package_identification:_identify(reactapp/src/page/lucid) by extension 'ros'
[0.280s] Level 1:colcon.colcon_core.package_identification:_identify(reactapp/src/page/lucid) by extensions ['cmake', 'python']
[0.280s] Level 1:colcon.colcon_core.package_identification:_identify(reactapp/src/page/lucid) by extension 'cmake'
[0.280s] Level 1:colcon.colcon_core.package_identification:_identify(reactapp/src/page/lucid) by extension 'python'
[0.280s] Level 1:colcon.colcon_core.package_identification:_identify(reactapp/src/page/lucid) by extensions ['python_setup_py']
[0.280s] Level 1:colcon.colcon_core.package_identification:_identify(reactapp/src/page/lucid) by extension 'python_setup_py'
[0.280s] Level 1:colcon.colcon_core.package_identification:_identify(reactapp/src/page/nodes) by extensions ['ignore', 'ignore_ament_install']
[0.280s] Level 1:colcon.colcon_core.package_identification:_identify(reactapp/src/page/nodes) by extension 'ignore'
[0.280s] Level 1:colcon.colcon_core.package_identification:_identify(reactapp/src/page/nodes) by extension 'ignore_ament_install'
[0.280s] Level 1:colcon.colcon_core.package_identification:_identify(reactapp/src/page/nodes) by extensions ['colcon_pkg']
[0.280s] Level 1:colcon.colcon_core.package_identification:_identify(reactapp/src/page/nodes) by extension 'colcon_pkg'
[0.280s] Level 1:colcon.colcon_core.package_identification:_identify(reactapp/src/page/nodes) by extensions ['colcon_meta']
[0.280s] Level 1:colcon.colcon_core.package_identification:_identify(reactapp/src/page/nodes) by extension 'colcon_meta'
[0.280s] Level 1:colcon.colcon_core.package_identification:_identify(reactapp/src/page/nodes) by extensions ['ros']
[0.280s] Level 1:colcon.colcon_core.package_identification:_identify(reactapp/src/page/nodes) by extension 'ros'
[0.280s] Level 1:colcon.colcon_core.package_identification:_identify(reactapp/src/page/nodes) by extensions ['cmake', 'python']
[0.280s] Level 1:colcon.colcon_core.package_identification:_identify(reactapp/src/page/nodes) by extension 'cmake'
[0.280s] Level 1:colcon.colcon_core.package_identification:_identify(reactapp/src/page/nodes) by extension 'python'
[0.280s] Level 1:colcon.colcon_core.package_identification:_identify(reactapp/src/page/nodes) by extensions ['python_setup_py']
[0.280s] Level 1:colcon.colcon_core.package_identification:_identify(reactapp/src/page/nodes) by extension 'python_setup_py'
[0.280s] Level 1:colcon.colcon_core.package_identification:_identify(reactapp/src/page/polarization) by extensions ['ignore', 'ignore_ament_install']
[0.280s] Level 1:colcon.colcon_core.package_identification:_identify(reactapp/src/page/polarization) by extension 'ignore'
[0.280s] Level 1:colcon.colcon_core.package_identification:_identify(reactapp/src/page/polarization) by extension 'ignore_ament_install'
[0.280s] Level 1:colcon.colcon_core.package_identification:_identify(reactapp/src/page/polarization) by extensions ['colcon_pkg']
[0.280s] Level 1:colcon.colcon_core.package_identification:_identify(reactapp/src/page/polarization) by extension 'colcon_pkg'
[0.280s] Level 1:colcon.colcon_core.package_identification:_identify(reactapp/src/page/polarization) by extensions ['colcon_meta']
[0.280s] Level 1:colcon.colcon_core.package_identification:_identify(reactapp/src/page/polarization) by extension 'colcon_meta'
[0.280s] Level 1:colcon.colcon_core.package_identification:_identify(reactapp/src/page/polarization) by extensions ['ros']
[0.280s] Level 1:colcon.colcon_core.package_identification:_identify(reactapp/src/page/polarization) by extension 'ros'
[0.280s] Level 1:colcon.colcon_core.package_identification:_identify(reactapp/src/page/polarization) by extensions ['cmake', 'python']
[0.280s] Level 1:colcon.colcon_core.package_identification:_identify(reactapp/src/page/polarization) by extension 'cmake'
[0.280s] Level 1:colcon.colcon_core.package_identification:_identify(reactapp/src/page/polarization) by extension 'python'
[0.280s] Level 1:colcon.colcon_core.package_identification:_identify(reactapp/src/page/polarization) by extensions ['python_setup_py']
[0.280s] Level 1:colcon.colcon_core.package_identification:_identify(reactapp/src/page/polarization) by extension 'python_setup_py'
[0.280s] Level 1:colcon.colcon_core.package_identification:_identify(reactapp/src/page/sensors) by extensions ['ignore', 'ignore_ament_install']
[0.280s] Level 1:colcon.colcon_core.package_identification:_identify(reactapp/src/page/sensors) by extension 'ignore'
[0.280s] Level 1:colcon.colcon_core.package_identification:_identify(reactapp/src/page/sensors) by extension 'ignore_ament_install'
[0.280s] Level 1:colcon.colcon_core.package_identification:_identify(reactapp/src/page/sensors) by extensions ['colcon_pkg']
[0.280s] Level 1:colcon.colcon_core.package_identification:_identify(reactapp/src/page/sensors) by extension 'colcon_pkg'
[0.280s] Level 1:colcon.colcon_core.package_identification:_identify(reactapp/src/page/sensors) by extensions ['colcon_meta']
[0.280s] Level 1:colcon.colcon_core.package_identification:_identify(reactapp/src/page/sensors) by extension 'colcon_meta'
[0.281s] Level 1:colcon.colcon_core.package_identification:_identify(reactapp/src/page/sensors) by extensions ['ros']
[0.281s] Level 1:colcon.colcon_core.package_identification:_identify(reactapp/src/page/sensors) by extension 'ros'
[0.281s] Level 1:colcon.colcon_core.package_identification:_identify(reactapp/src/page/sensors) by extensions ['cmake', 'python']
[0.281s] Level 1:colcon.colcon_core.package_identification:_identify(reactapp/src/page/sensors) by extension 'cmake'
[0.281s] Level 1:colcon.colcon_core.package_identification:_identify(reactapp/src/page/sensors) by extension 'python'
[0.281s] Level 1:colcon.colcon_core.package_identification:_identify(reactapp/src/page/sensors) by extensions ['python_setup_py']
[0.281s] Level 1:colcon.colcon_core.package_identification:_identify(reactapp/src/page/sensors) by extension 'python_setup_py'
[0.281s] Level 1:colcon.colcon_core.package_identification:_identify(reactapp/src/page/service) by extensions ['ignore', 'ignore_ament_install']
[0.281s] Level 1:colcon.colcon_core.package_identification:_identify(reactapp/src/page/service) by extension 'ignore'
[0.281s] Level 1:colcon.colcon_core.package_identification:_identify(reactapp/src/page/service) by extension 'ignore_ament_install'
[0.281s] Level 1:colcon.colcon_core.package_identification:_identify(reactapp/src/page/service) by extensions ['colcon_pkg']
[0.281s] Level 1:colcon.colcon_core.package_identification:_identify(reactapp/src/page/service) by extension 'colcon_pkg'
[0.281s] Level 1:colcon.colcon_core.package_identification:_identify(reactapp/src/page/service) by extensions ['colcon_meta']
[0.281s] Level 1:colcon.colcon_core.package_identification:_identify(reactapp/src/page/service) by extension 'colcon_meta'
[0.281s] Level 1:colcon.colcon_core.package_identification:_identify(reactapp/src/page/service) by extensions ['ros']
[0.281s] Level 1:colcon.colcon_core.package_identification:_identify(reactapp/src/page/service) by extension 'ros'
[0.281s] Level 1:colcon.colcon_core.package_identification:_identify(reactapp/src/page/service) by extensions ['cmake', 'python']
[0.281s] Level 1:colcon.colcon_core.package_identification:_identify(reactapp/src/page/service) by extension 'cmake'
[0.281s] Level 1:colcon.colcon_core.package_identification:_identify(reactapp/src/page/service) by extension 'python'
[0.281s] Level 1:colcon.colcon_core.package_identification:_identify(reactapp/src/page/service) by extensions ['python_setup_py']
[0.281s] Level 1:colcon.colcon_core.package_identification:_identify(reactapp/src/page/service) by extension 'python_setup_py'
[0.281s] Level 1:colcon.colcon_core.package_identification:_identify(reactapp/src/page/slam) by extensions ['ignore', 'ignore_ament_install']
[0.281s] Level 1:colcon.colcon_core.package_identification:_identify(reactapp/src/page/slam) by extension 'ignore'
[0.281s] Level 1:colcon.colcon_core.package_identification:_identify(reactapp/src/page/slam) by extension 'ignore_ament_install'
[0.281s] Level 1:colcon.colcon_core.package_identification:_identify(reactapp/src/page/slam) by extensions ['colcon_pkg']
[0.281s] Level 1:colcon.colcon_core.package_identification:_identify(reactapp/src/page/slam) by extension 'colcon_pkg'
[0.281s] Level 1:colcon.colcon_core.package_identification:_identify(reactapp/src/page/slam) by extensions ['colcon_meta']
[0.281s] Level 1:colcon.colcon_core.package_identification:_identify(reactapp/src/page/slam) by extension 'colcon_meta'
[0.281s] Level 1:colcon.colcon_core.package_identification:_identify(reactapp/src/page/slam) by extensions ['ros']
[0.281s] Level 1:colcon.colcon_core.package_identification:_identify(reactapp/src/page/slam) by extension 'ros'
[0.281s] Level 1:colcon.colcon_core.package_identification:_identify(reactapp/src/page/slam) by extensions ['cmake', 'python']
[0.281s] Level 1:colcon.colcon_core.package_identification:_identify(reactapp/src/page/slam) by extension 'cmake'
[0.281s] Level 1:colcon.colcon_core.package_identification:_identify(reactapp/src/page/slam) by extension 'python'
[0.281s] Level 1:colcon.colcon_core.package_identification:_identify(reactapp/src/page/slam) by extensions ['python_setup_py']
[0.281s] Level 1:colcon.colcon_core.package_identification:_identify(reactapp/src/page/slam) by extension 'python_setup_py'
[0.281s] Level 1:colcon.colcon_core.package_identification:_identify(reactapp/src/page/topic) by extensions ['ignore', 'ignore_ament_install']
[0.281s] Level 1:colcon.colcon_core.package_identification:_identify(reactapp/src/page/topic) by extension 'ignore'
[0.281s] Level 1:colcon.colcon_core.package_identification:_identify(reactapp/src/page/topic) by extension 'ignore_ament_install'
[0.281s] Level 1:colcon.colcon_core.package_identification:_identify(reactapp/src/page/topic) by extensions ['colcon_pkg']
[0.281s] Level 1:colcon.colcon_core.package_identification:_identify(reactapp/src/page/topic) by extension 'colcon_pkg'
[0.281s] Level 1:colcon.colcon_core.package_identification:_identify(reactapp/src/page/topic) by extensions ['colcon_meta']
[0.281s] Level 1:colcon.colcon_core.package_identification:_identify(reactapp/src/page/topic) by extension 'colcon_meta'
[0.281s] Level 1:colcon.colcon_core.package_identification:_identify(reactapp/src/page/topic) by extensions ['ros']
[0.281s] Level 1:colcon.colcon_core.package_identification:_identify(reactapp/src/page/topic) by extension 'ros'
[0.281s] Level 1:colcon.colcon_core.package_identification:_identify(reactapp/src/page/topic) by extensions ['cmake', 'python']
[0.281s] Level 1:colcon.colcon_core.package_identification:_identify(reactapp/src/page/topic) by extension 'cmake'
[0.281s] Level 1:colcon.colcon_core.package_identification:_identify(reactapp/src/page/topic) by extension 'python'
[0.281s] Level 1:colcon.colcon_core.package_identification:_identify(reactapp/src/page/topic) by extensions ['python_setup_py']
[0.281s] Level 1:colcon.colcon_core.package_identification:_identify(reactapp/src/page/topic) by extension 'python_setup_py'
[0.281s] Level 1:colcon.colcon_core.package_identification:_identify(reactapp/src/public) by extensions ['ignore', 'ignore_ament_install']
[0.281s] Level 1:colcon.colcon_core.package_identification:_identify(reactapp/src/public) by extension 'ignore'
[0.281s] Level 1:colcon.colcon_core.package_identification:_identify(reactapp/src/public) by extension 'ignore_ament_install'
[0.282s] Level 1:colcon.colcon_core.package_identification:_identify(reactapp/src/public) by extensions ['colcon_pkg']
[0.282s] Level 1:colcon.colcon_core.package_identification:_identify(reactapp/src/public) by extension 'colcon_pkg'
[0.282s] Level 1:colcon.colcon_core.package_identification:_identify(reactapp/src/public) by extensions ['colcon_meta']
[0.282s] Level 1:colcon.colcon_core.package_identification:_identify(reactapp/src/public) by extension 'colcon_meta'
[0.282s] Level 1:colcon.colcon_core.package_identification:_identify(reactapp/src/public) by extensions ['ros']
[0.282s] Level 1:colcon.colcon_core.package_identification:_identify(reactapp/src/public) by extension 'ros'
[0.282s] Level 1:colcon.colcon_core.package_identification:_identify(reactapp/src/public) by extensions ['cmake', 'python']
[0.282s] Level 1:colcon.colcon_core.package_identification:_identify(reactapp/src/public) by extension 'cmake'
[0.282s] Level 1:colcon.colcon_core.package_identification:_identify(reactapp/src/public) by extension 'python'
[0.282s] Level 1:colcon.colcon_core.package_identification:_identify(reactapp/src/public) by extensions ['python_setup_py']
[0.282s] Level 1:colcon.colcon_core.package_identification:_identify(reactapp/src/public) by extension 'python_setup_py'
[0.282s] Level 1:colcon.colcon_core.package_identification:_identify(reactapp/src/public/proto) by extensions ['ignore', 'ignore_ament_install']
[0.282s] Level 1:colcon.colcon_core.package_identification:_identify(reactapp/src/public/proto) by extension 'ignore'
[0.282s] Level 1:colcon.colcon_core.package_identification:_identify(reactapp/src/public/proto) by extension 'ignore_ament_install'
[0.282s] Level 1:colcon.colcon_core.package_identification:_identify(reactapp/src/public/proto) by extensions ['colcon_pkg']
[0.282s] Level 1:colcon.colcon_core.package_identification:_identify(reactapp/src/public/proto) by extension 'colcon_pkg'
[0.282s] Level 1:colcon.colcon_core.package_identification:_identify(reactapp/src/public/proto) by extensions ['colcon_meta']
[0.282s] Level 1:colcon.colcon_core.package_identification:_identify(reactapp/src/public/proto) by extension 'colcon_meta'
[0.282s] Level 1:colcon.colcon_core.package_identification:_identify(reactapp/src/public/proto) by extensions ['ros']
[0.282s] Level 1:colcon.colcon_core.package_identification:_identify(reactapp/src/public/proto) by extension 'ros'
[0.282s] Level 1:colcon.colcon_core.package_identification:_identify(reactapp/src/public/proto) by extensions ['cmake', 'python']
[0.282s] Level 1:colcon.colcon_core.package_identification:_identify(reactapp/src/public/proto) by extension 'cmake'
[0.282s] Level 1:colcon.colcon_core.package_identification:_identify(reactapp/src/public/proto) by extension 'python'
[0.282s] Level 1:colcon.colcon_core.package_identification:_identify(reactapp/src/public/proto) by extensions ['python_setup_py']
[0.282s] Level 1:colcon.colcon_core.package_identification:_identify(reactapp/src/public/proto) by extension 'python_setup_py'
[0.282s] Level 1:colcon.colcon_core.package_identification:_identify(reactapp/src/resource) by extensions ['ignore', 'ignore_ament_install']
[0.282s] Level 1:colcon.colcon_core.package_identification:_identify(reactapp/src/resource) by extension 'ignore'
[0.282s] Level 1:colcon.colcon_core.package_identification:_identify(reactapp/src/resource) by extension 'ignore_ament_install'
[0.282s] Level 1:colcon.colcon_core.package_identification:_identify(reactapp/src/resource) by extensions ['colcon_pkg']
[0.282s] Level 1:colcon.colcon_core.package_identification:_identify(reactapp/src/resource) by extension 'colcon_pkg'
[0.282s] Level 1:colcon.colcon_core.package_identification:_identify(reactapp/src/resource) by extensions ['colcon_meta']
[0.282s] Level 1:colcon.colcon_core.package_identification:_identify(reactapp/src/resource) by extension 'colcon_meta'
[0.282s] Level 1:colcon.colcon_core.package_identification:_identify(reactapp/src/resource) by extensions ['ros']
[0.282s] Level 1:colcon.colcon_core.package_identification:_identify(reactapp/src/resource) by extension 'ros'
[0.282s] Level 1:colcon.colcon_core.package_identification:_identify(reactapp/src/resource) by extensions ['cmake', 'python']
[0.282s] Level 1:colcon.colcon_core.package_identification:_identify(reactapp/src/resource) by extension 'cmake'
[0.282s] Level 1:colcon.colcon_core.package_identification:_identify(reactapp/src/resource) by extension 'python'
[0.282s] Level 1:colcon.colcon_core.package_identification:_identify(reactapp/src/resource) by extensions ['python_setup_py']
[0.282s] Level 1:colcon.colcon_core.package_identification:_identify(reactapp/src/resource) by extension 'python_setup_py'
[0.282s] Level 1:colcon.colcon_core.package_identification:_identify(reactapp/src/static) by extensions ['ignore', 'ignore_ament_install']
[0.282s] Level 1:colcon.colcon_core.package_identification:_identify(reactapp/src/static) by extension 'ignore'
[0.282s] Level 1:colcon.colcon_core.package_identification:_identify(reactapp/src/static) by extension 'ignore_ament_install'
[0.282s] Level 1:colcon.colcon_core.package_identification:_identify(reactapp/src/static) by extensions ['colcon_pkg']
[0.282s] Level 1:colcon.colcon_core.package_identification:_identify(reactapp/src/static) by extension 'colcon_pkg'
[0.282s] Level 1:colcon.colcon_core.package_identification:_identify(reactapp/src/static) by extensions ['colcon_meta']
[0.282s] Level 1:colcon.colcon_core.package_identification:_identify(reactapp/src/static) by extension 'colcon_meta'
[0.282s] Level 1:colcon.colcon_core.package_identification:_identify(reactapp/src/static) by extensions ['ros']
[0.282s] Level 1:colcon.colcon_core.package_identification:_identify(reactapp/src/static) by extension 'ros'
[0.282s] Level 1:colcon.colcon_core.package_identification:_identify(reactapp/src/static) by extensions ['cmake', 'python']
[0.282s] Level 1:colcon.colcon_core.package_identification:_identify(reactapp/src/static) by extension 'cmake'
[0.282s] Level 1:colcon.colcon_core.package_identification:_identify(reactapp/src/static) by extension 'python'
[0.282s] Level 1:colcon.colcon_core.package_identification:_identify(reactapp/src/static) by extensions ['python_setup_py']
[0.282s] Level 1:colcon.colcon_core.package_identification:_identify(reactapp/src/static) by extension 'python_setup_py'
[0.282s] Level 1:colcon.colcon_core.package_identification:_identify(reactapp/src/stores) by extensions ['ignore', 'ignore_ament_install']
[0.282s] Level 1:colcon.colcon_core.package_identification:_identify(reactapp/src/stores) by extension 'ignore'
[0.282s] Level 1:colcon.colcon_core.package_identification:_identify(reactapp/src/stores) by extension 'ignore_ament_install'
[0.283s] Level 1:colcon.colcon_core.package_identification:_identify(reactapp/src/stores) by extensions ['colcon_pkg']
[0.283s] Level 1:colcon.colcon_core.package_identification:_identify(reactapp/src/stores) by extension 'colcon_pkg'
[0.283s] Level 1:colcon.colcon_core.package_identification:_identify(reactapp/src/stores) by extensions ['colcon_meta']
[0.283s] Level 1:colcon.colcon_core.package_identification:_identify(reactapp/src/stores) by extension 'colcon_meta'
[0.283s] Level 1:colcon.colcon_core.package_identification:_identify(reactapp/src/stores) by extensions ['ros']
[0.283s] Level 1:colcon.colcon_core.package_identification:_identify(reactapp/src/stores) by extension 'ros'
[0.283s] Level 1:colcon.colcon_core.package_identification:_identify(reactapp/src/stores) by extensions ['cmake', 'python']
[0.283s] Level 1:colcon.colcon_core.package_identification:_identify(reactapp/src/stores) by extension 'cmake'
[0.283s] Level 1:colcon.colcon_core.package_identification:_identify(reactapp/src/stores) by extension 'python'
[0.283s] Level 1:colcon.colcon_core.package_identification:_identify(reactapp/src/stores) by extensions ['python_setup_py']
[0.283s] Level 1:colcon.colcon_core.package_identification:_identify(reactapp/src/stores) by extension 'python_setup_py'
[0.283s] Level 1:colcon.colcon_core.package_identification:_identify(rosapp) by extensions ['ignore', 'ignore_ament_install']
[0.283s] Level 1:colcon.colcon_core.package_identification:_identify(rosapp) by extension 'ignore'
[0.283s] Level 1:colcon.colcon_core.package_identification:_identify(rosapp) by extension 'ignore_ament_install'
[0.283s] Level 1:colcon.colcon_core.package_identification:_identify(rosapp) by extensions ['colcon_pkg']
[0.283s] Level 1:colcon.colcon_core.package_identification:_identify(rosapp) by extension 'colcon_pkg'
[0.283s] Level 1:colcon.colcon_core.package_identification:_identify(rosapp) by extensions ['colcon_meta']
[0.283s] Level 1:colcon.colcon_core.package_identification:_identify(rosapp) by extension 'colcon_meta'
[0.283s] Level 1:colcon.colcon_core.package_identification:_identify(rosapp) by extensions ['ros']
[0.283s] Level 1:colcon.colcon_core.package_identification:_identify(rosapp) by extension 'ros'
[0.283s] Level 1:colcon.colcon_core.package_identification:_identify(rosapp) by extensions ['cmake', 'python']
[0.283s] Level 1:colcon.colcon_core.package_identification:_identify(rosapp) by extension 'cmake'
[0.283s] Level 1:colcon.colcon_core.package_identification:_identify(rosapp) by extension 'python'
[0.283s] Level 1:colcon.colcon_core.package_identification:_identify(rosapp) by extensions ['python_setup_py']
[0.283s] Level 1:colcon.colcon_core.package_identification:_identify(rosapp) by extension 'python_setup_py'
[0.283s] Level 1:colcon.colcon_core.package_identification:_identify(rosapp/bash) by extensions ['ignore', 'ignore_ament_install']
[0.283s] Level 1:colcon.colcon_core.package_identification:_identify(rosapp/bash) by extension 'ignore'
[0.283s] Level 1:colcon.colcon_core.package_identification:_identify(rosapp/bash) by extension 'ignore_ament_install'
[0.283s] Level 1:colcon.colcon_core.package_identification:_identify(rosapp/bash) by extensions ['colcon_pkg']
[0.283s] Level 1:colcon.colcon_core.package_identification:_identify(rosapp/bash) by extension 'colcon_pkg'
[0.283s] Level 1:colcon.colcon_core.package_identification:_identify(rosapp/bash) by extensions ['colcon_meta']
[0.283s] Level 1:colcon.colcon_core.package_identification:_identify(rosapp/bash) by extension 'colcon_meta'
[0.283s] Level 1:colcon.colcon_core.package_identification:_identify(rosapp/bash) by extensions ['ros']
[0.283s] Level 1:colcon.colcon_core.package_identification:_identify(rosapp/bash) by extension 'ros'
[0.283s] Level 1:colcon.colcon_core.package_identification:_identify(rosapp/bash) by extensions ['cmake', 'python']
[0.283s] Level 1:colcon.colcon_core.package_identification:_identify(rosapp/bash) by extension 'cmake'
[0.283s] Level 1:colcon.colcon_core.package_identification:_identify(rosapp/bash) by extension 'python'
[0.283s] Level 1:colcon.colcon_core.package_identification:_identify(rosapp/bash) by extensions ['python_setup_py']
[0.283s] Level 1:colcon.colcon_core.package_identification:_identify(rosapp/bash) by extension 'python_setup_py'
[0.283s] Level 1:colcon.colcon_core.package_identification:_identify(rosapp/camera_function) by extensions ['ignore', 'ignore_ament_install']
[0.283s] Level 1:colcon.colcon_core.package_identification:_identify(rosapp/camera_function) by extension 'ignore'
[0.283s] Level 1:colcon.colcon_core.package_identification:_identify(rosapp/camera_function) by extension 'ignore_ament_install'
[0.283s] Level 1:colcon.colcon_core.package_identification:_identify(rosapp/camera_function) by extensions ['colcon_pkg']
[0.283s] Level 1:colcon.colcon_core.package_identification:_identify(rosapp/camera_function) by extension 'colcon_pkg'
[0.283s] Level 1:colcon.colcon_core.package_identification:_identify(rosapp/camera_function) by extensions ['colcon_meta']
[0.283s] Level 1:colcon.colcon_core.package_identification:_identify(rosapp/camera_function) by extension 'colcon_meta'
[0.283s] Level 1:colcon.colcon_core.package_identification:_identify(rosapp/camera_function) by extensions ['ros']
[0.283s] Level 1:colcon.colcon_core.package_identification:_identify(rosapp/camera_function) by extension 'ros'
[0.283s] Level 1:colcon.colcon_core.package_identification:_identify(rosapp/camera_function) by extensions ['cmake', 'python']
[0.283s] Level 1:colcon.colcon_core.package_identification:_identify(rosapp/camera_function) by extension 'cmake'
[0.283s] Level 1:colcon.colcon_core.package_identification:_identify(rosapp/camera_function) by extension 'python'
[0.283s] Level 1:colcon.colcon_core.package_identification:_identify(rosapp/camera_function) by extensions ['python_setup_py']
[0.283s] Level 1:colcon.colcon_core.package_identification:_identify(rosapp/camera_function) by extension 'python_setup_py'
[0.283s] Level 1:colcon.colcon_core.package_identification:_identify(rosapp/share) by extensions ['ignore', 'ignore_ament_install']
[0.283s] Level 1:colcon.colcon_core.package_identification:_identify(rosapp/share) by extension 'ignore'
[0.283s] Level 1:colcon.colcon_core.package_identification:_identify(rosapp/share) by extension 'ignore_ament_install'
[0.283s] Level 1:colcon.colcon_core.package_identification:_identify(rosapp/share) by extensions ['colcon_pkg']
[0.284s] Level 1:colcon.colcon_core.package_identification:_identify(rosapp/share) by extension 'colcon_pkg'
[0.284s] Level 1:colcon.colcon_core.package_identification:_identify(rosapp/share) by extensions ['colcon_meta']
[0.284s] Level 1:colcon.colcon_core.package_identification:_identify(rosapp/share) by extension 'colcon_meta'
[0.284s] Level 1:colcon.colcon_core.package_identification:_identify(rosapp/share) by extensions ['ros']
[0.284s] Level 1:colcon.colcon_core.package_identification:_identify(rosapp/share) by extension 'ros'
[0.284s] Level 1:colcon.colcon_core.package_identification:_identify(rosapp/share) by extensions ['cmake', 'python']
[0.284s] Level 1:colcon.colcon_core.package_identification:_identify(rosapp/share) by extension 'cmake'
[0.284s] Level 1:colcon.colcon_core.package_identification:_identify(rosapp/share) by extension 'python'
[0.284s] Level 1:colcon.colcon_core.package_identification:_identify(rosapp/share) by extensions ['python_setup_py']
[0.284s] Level 1:colcon.colcon_core.package_identification:_identify(rosapp/share) by extension 'python_setup_py'
[0.284s] Level 1:colcon.colcon_core.package_discovery:discover_packages(recursive) using defaults
[0.284s] Level 1:colcon.colcon_core.package_discovery:discover_packages(ignore) discover
[0.284s] Level 1:colcon.colcon_core.package_discovery:discover_packages(ignore) using defaults
[0.284s] Level 1:colcon.colcon_core.package_discovery:discover_packages(path) discover
[0.284s] Level 1:colcon.colcon_core.package_discovery:discover_packages(path) using defaults
[0.316s] Level 1:colcon.colcon_core.package_discovery:discover_packages(prefix_path) check parameters
[0.316s] Level 1:colcon.colcon_core.package_discovery:discover_packages(prefix_path) discover
[0.318s] DEBUG:colcon.colcon_installed_package_information.package_discovery:Found 315 installed packages in /opt/ros/humble
[0.319s] Level 1:colcon.colcon_core.package_discovery:discover_packages(prefix_path) using defaults
[0.340s] Level 5:colcon.colcon_core.verb:set package 'jai_rosbridge' build argument 'cmake_args' from command line to 'None'
[0.340s] Level 5:colcon.colcon_core.verb:set package 'jai_rosbridge' build argument 'cmake_target' from command line to 'None'
[0.340s] Level 5:colcon.colcon_core.verb:set package 'jai_rosbridge' build argument 'cmake_target_skip_unavailable' from command line to 'False'
[0.340s] Level 5:colcon.colcon_core.verb:set package 'jai_rosbridge' build argument 'cmake_clean_cache' from command line to 'False'
[0.340s] Level 5:colcon.colcon_core.verb:set package 'jai_rosbridge' build argument 'cmake_clean_first' from command line to 'False'
[0.340s] Level 5:colcon.colcon_core.verb:set package 'jai_rosbridge' build argument 'cmake_force_configure' from command line to 'False'
[0.340s] Level 5:colcon.colcon_core.verb:set package 'jai_rosbridge' build argument 'ament_cmake_args' from command line to 'None'
[0.340s] Level 5:colcon.colcon_core.verb:set package 'jai_rosbridge' build argument 'catkin_cmake_args' from command line to 'None'
[0.340s] Level 5:colcon.colcon_core.verb:set package 'jai_rosbridge' build argument 'catkin_skip_building_tests' from command line to 'False'
[0.340s] DEBUG:colcon.colcon_core.verb:Building package 'jai_rosbridge' with the following arguments: {'ament_cmake_args': None, 'build_base': '/home/cg-tuf/turtlebot4_flask/build/jai_rosbridge', 'catkin_cmake_args': None, 'catkin_skip_building_tests': False, 'cmake_args': None, 'cmake_clean_cache': False, 'cmake_clean_first': False, 'cmake_force_configure': False, 'cmake_target': None, 'cmake_target_skip_unavailable': False, 'install_base': '/home/cg-tuf/turtlebot4_flask/install/jai_rosbridge', 'merge_install': False, 'path': '/home/cg-tuf/turtlebot4_flask/clientapp/instance/jai/jai_rosbridge', 'symlink_install': False, 'test_result_base': None}
[0.340s] Level 5:colcon.colcon_core.verb:set package 'piper' build argument 'cmake_args' from command line to 'None'
[0.340s] Level 5:colcon.colcon_core.verb:set package 'piper' build argument 'cmake_target' from command line to 'None'
[0.340s] Level 5:colcon.colcon_core.verb:set package 'piper' build argument 'cmake_target_skip_unavailable' from command line to 'False'
[0.340s] Level 5:colcon.colcon_core.verb:set package 'piper' build argument 'cmake_clean_cache' from command line to 'False'
[0.340s] Level 5:colcon.colcon_core.verb:set package 'piper' build argument 'cmake_clean_first' from command line to 'False'
[0.340s] Level 5:colcon.colcon_core.verb:set package 'piper' build argument 'cmake_force_configure' from command line to 'False'
[0.340s] Level 5:colcon.colcon_core.verb:set package 'piper' build argument 'ament_cmake_args' from command line to 'None'
[0.340s] Level 5:colcon.colcon_core.verb:set package 'piper' build argument 'catkin_cmake_args' from command line to 'None'
[0.340s] Level 5:colcon.colcon_core.verb:set package 'piper' build argument 'catkin_skip_building_tests' from command line to 'False'
[0.340s] DEBUG:colcon.colcon_core.verb:Building package 'piper' with the following arguments: {'ament_cmake_args': None, 'build_base': '/home/cg-tuf/turtlebot4_flask/build/piper', 'catkin_cmake_args': None, 'catkin_skip_building_tests': False, 'cmake_args': None, 'cmake_clean_cache': False, 'cmake_clean_first': False, 'cmake_force_configure': False, 'cmake_target': None, 'cmake_target_skip_unavailable': False, 'install_base': '/home/cg-tuf/turtlebot4_flask/install/piper', 'merge_install': False, 'path': '/home/cg-tuf/turtlebot4_flask/piper_ws/src/Piper_ros/src/piper', 'symlink_install': False, 'test_result_base': None}
[0.340s] Level 5:colcon.colcon_core.verb:set package 'piper_description' build argument 'cmake_args' from command line to 'None'
[0.340s] Level 5:colcon.colcon_core.verb:set package 'piper_description' build argument 'cmake_target' from command line to 'None'
[0.340s] Level 5:colcon.colcon_core.verb:set package 'piper_description' build argument 'cmake_target_skip_unavailable' from command line to 'False'
[0.340s] Level 5:colcon.colcon_core.verb:set package 'piper_description' build argument 'cmake_clean_cache' from command line to 'False'
[0.340s] Level 5:colcon.colcon_core.verb:set package 'piper_description' build argument 'cmake_clean_first' from command line to 'False'
[0.340s] Level 5:colcon.colcon_core.verb:set package 'piper_description' build argument 'cmake_force_configure' from command line to 'False'
[0.340s] Level 5:colcon.colcon_core.verb:set package 'piper_description' build argument 'ament_cmake_args' from command line to 'None'
[0.340s] Level 5:colcon.colcon_core.verb:set package 'piper_description' build argument 'catkin_cmake_args' from command line to 'None'
[0.341s] Level 5:colcon.colcon_core.verb:set package 'piper_description' build argument 'catkin_skip_building_tests' from command line to 'False'
[0.341s] DEBUG:colcon.colcon_core.verb:Building package 'piper_description' with the following arguments: {'ament_cmake_args': None, 'build_base': '/home/cg-tuf/turtlebot4_flask/build/piper_description', 'catkin_cmake_args': None, 'catkin_skip_building_tests': False, 'cmake_args': None, 'cmake_clean_cache': False, 'cmake_clean_first': False, 'cmake_force_configure': False, 'cmake_target': None, 'cmake_target_skip_unavailable': False, 'install_base': '/home/cg-tuf/turtlebot4_flask/install/piper_description', 'merge_install': False, 'path': '/home/cg-tuf/turtlebot4_flask/piper_ws/src/Piper_ros/src/piper_description', 'symlink_install': False, 'test_result_base': None}
[0.341s] Level 5:colcon.colcon_core.verb:set package 'piper_gazebo' build argument 'cmake_args' from command line to 'None'
[0.341s] Level 5:colcon.colcon_core.verb:set package 'piper_gazebo' build argument 'cmake_target' from command line to 'None'
[0.341s] Level 5:colcon.colcon_core.verb:set package 'piper_gazebo' build argument 'cmake_target_skip_unavailable' from command line to 'False'
[0.341s] Level 5:colcon.colcon_core.verb:set package 'piper_gazebo' build argument 'cmake_clean_cache' from command line to 'False'
[0.341s] Level 5:colcon.colcon_core.verb:set package 'piper_gazebo' build argument 'cmake_clean_first' from command line to 'False'
[0.341s] Level 5:colcon.colcon_core.verb:set package 'piper_gazebo' build argument 'cmake_force_configure' from command line to 'False'
[0.341s] Level 5:colcon.colcon_core.verb:set package 'piper_gazebo' build argument 'ament_cmake_args' from command line to 'None'
[0.341s] Level 5:colcon.colcon_core.verb:set package 'piper_gazebo' build argument 'catkin_cmake_args' from command line to 'None'
[0.341s] Level 5:colcon.colcon_core.verb:set package 'piper_gazebo' build argument 'catkin_skip_building_tests' from command line to 'False'
[0.341s] DEBUG:colcon.colcon_core.verb:Building package 'piper_gazebo' with the following arguments: {'ament_cmake_args': None, 'build_base': '/home/cg-tuf/turtlebot4_flask/build/piper_gazebo', 'catkin_cmake_args': None, 'catkin_skip_building_tests': False, 'cmake_args': None, 'cmake_clean_cache': False, 'cmake_clean_first': False, 'cmake_force_configure': False, 'cmake_target': None, 'cmake_target_skip_unavailable': False, 'install_base': '/home/cg-tuf/turtlebot4_flask/install/piper_gazebo', 'merge_install': False, 'path': '/home/cg-tuf/turtlebot4_flask/piper_ws/src/Piper_ros/src/piper_sim/piper_gazebo', 'symlink_install': False, 'test_result_base': None}
[0.341s] Level 5:colcon.colcon_core.verb:set package 'piper_humble' build argument 'cmake_args' from command line to 'None'
[0.341s] Level 5:colcon.colcon_core.verb:set package 'piper_humble' build argument 'cmake_target' from command line to 'None'
[0.341s] Level 5:colcon.colcon_core.verb:set package 'piper_humble' build argument 'cmake_target_skip_unavailable' from command line to 'False'
[0.341s] Level 5:colcon.colcon_core.verb:set package 'piper_humble' build argument 'cmake_clean_cache' from command line to 'False'
[0.341s] Level 5:colcon.colcon_core.verb:set package 'piper_humble' build argument 'cmake_clean_first' from command line to 'False'
[0.341s] Level 5:colcon.colcon_core.verb:set package 'piper_humble' build argument 'cmake_force_configure' from command line to 'False'
[0.341s] Level 5:colcon.colcon_core.verb:set package 'piper_humble' build argument 'ament_cmake_args' from command line to 'None'
[0.341s] Level 5:colcon.colcon_core.verb:set package 'piper_humble' build argument 'catkin_cmake_args' from command line to 'None'
[0.341s] Level 5:colcon.colcon_core.verb:set package 'piper_humble' build argument 'catkin_skip_building_tests' from command line to 'False'
[0.341s] DEBUG:colcon.colcon_core.verb:Building package 'piper_humble' with the following arguments: {'ament_cmake_args': None, 'build_base': '/home/cg-tuf/turtlebot4_flask/build/piper_humble', 'catkin_cmake_args': None, 'catkin_skip_building_tests': False, 'cmake_args': None, 'cmake_clean_cache': False, 'cmake_clean_first': False, 'cmake_force_configure': False, 'cmake_target': None, 'cmake_target_skip_unavailable': False, 'install_base': '/home/cg-tuf/turtlebot4_flask/install/piper_humble', 'merge_install': False, 'path': '/home/cg-tuf/turtlebot4_flask/piper_ws/src/Piper_ros/src/piper_humble', 'symlink_install': False, 'test_result_base': None}
[0.341s] Level 5:colcon.colcon_core.verb:set package 'piper_msgs' build argument 'cmake_args' from command line to 'None'
[0.341s] Level 5:colcon.colcon_core.verb:set package 'piper_msgs' build argument 'cmake_target' from command line to 'None'
[0.341s] Level 5:colcon.colcon_core.verb:set package 'piper_msgs' build argument 'cmake_target_skip_unavailable' from command line to 'False'
[0.341s] Level 5:colcon.colcon_core.verb:set package 'piper_msgs' build argument 'cmake_clean_cache' from command line to 'False'
[0.341s] Level 5:colcon.colcon_core.verb:set package 'piper_msgs' build argument 'cmake_clean_first' from command line to 'False'
[0.341s] Level 5:colcon.colcon_core.verb:set package 'piper_msgs' build argument 'cmake_force_configure' from command line to 'False'
[0.341s] Level 5:colcon.colcon_core.verb:set package 'piper_msgs' build argument 'ament_cmake_args' from command line to 'None'
[0.341s] Level 5:colcon.colcon_core.verb:set package 'piper_msgs' build argument 'catkin_cmake_args' from command line to 'None'
[0.341s] Level 5:colcon.colcon_core.verb:set package 'piper_msgs' build argument 'catkin_skip_building_tests' from command line to 'False'
[0.341s] DEBUG:colcon.colcon_core.verb:Building package 'piper_msgs' with the following arguments: {'ament_cmake_args': None, 'build_base': '/home/cg-tuf/turtlebot4_flask/build/piper_msgs', 'catkin_cmake_args': None, 'catkin_skip_building_tests': False, 'cmake_args': None, 'cmake_clean_cache': False, 'cmake_clean_first': False, 'cmake_force_configure': False, 'cmake_target': None, 'cmake_target_skip_unavailable': False, 'install_base': '/home/cg-tuf/turtlebot4_flask/install/piper_msgs', 'merge_install': False, 'path': '/home/cg-tuf/turtlebot4_flask/piper_ws/src/Piper_ros/src/piper_msgs', 'symlink_install': False, 'test_result_base': None}
[0.341s] Level 5:colcon.colcon_core.verb:set package 'piper_mujoco' build argument 'cmake_args' from command line to 'None'
[0.341s] Level 5:colcon.colcon_core.verb:set package 'piper_mujoco' build argument 'cmake_target' from command line to 'None'
[0.341s] Level 5:colcon.colcon_core.verb:set package 'piper_mujoco' build argument 'cmake_target_skip_unavailable' from command line to 'False'
[0.341s] Level 5:colcon.colcon_core.verb:set package 'piper_mujoco' build argument 'cmake_clean_cache' from command line to 'False'
[0.341s] Level 5:colcon.colcon_core.verb:set package 'piper_mujoco' build argument 'cmake_clean_first' from command line to 'False'
[0.341s] Level 5:colcon.colcon_core.verb:set package 'piper_mujoco' build argument 'cmake_force_configure' from command line to 'False'
[0.341s] Level 5:colcon.colcon_core.verb:set package 'piper_mujoco' build argument 'ament_cmake_args' from command line to 'None'
[0.341s] Level 5:colcon.colcon_core.verb:set package 'piper_mujoco' build argument 'catkin_cmake_args' from command line to 'None'
[0.341s] Level 5:colcon.colcon_core.verb:set package 'piper_mujoco' build argument 'catkin_skip_building_tests' from command line to 'False'
[0.341s] DEBUG:colcon.colcon_core.verb:Building package 'piper_mujoco' with the following arguments: {'ament_cmake_args': None, 'build_base': '/home/cg-tuf/turtlebot4_flask/build/piper_mujoco', 'catkin_cmake_args': None, 'catkin_skip_building_tests': False, 'cmake_args': None, 'cmake_clean_cache': False, 'cmake_clean_first': False, 'cmake_force_configure': False, 'cmake_target': None, 'cmake_target_skip_unavailable': False, 'install_base': '/home/cg-tuf/turtlebot4_flask/install/piper_mujoco', 'merge_install': False, 'path': '/home/cg-tuf/turtlebot4_flask/piper_ws/src/Piper_ros/src/piper_sim/piper_mujoco', 'symlink_install': False, 'test_result_base': None}
[0.342s] Level 5:colcon.colcon_core.verb:set package 'flask_ui' build argument 'cmake_args' from command line to 'None'
[0.342s] Level 5:colcon.colcon_core.verb:set package 'flask_ui' build argument 'cmake_target' from command line to 'None'
[0.342s] Level 5:colcon.colcon_core.verb:set package 'flask_ui' build argument 'cmake_target_skip_unavailable' from command line to 'False'
[0.342s] Level 5:colcon.colcon_core.verb:set package 'flask_ui' build argument 'cmake_clean_cache' from command line to 'False'
[0.342s] Level 5:colcon.colcon_core.verb:set package 'flask_ui' build argument 'cmake_clean_first' from command line to 'False'
[0.342s] Level 5:colcon.colcon_core.verb:set package 'flask_ui' build argument 'cmake_force_configure' from command line to 'False'
[0.342s] Level 5:colcon.colcon_core.verb:set package 'flask_ui' build argument 'ament_cmake_args' from command line to 'None'
[0.342s] Level 5:colcon.colcon_core.verb:set package 'flask_ui' build argument 'catkin_cmake_args' from command line to 'None'
[0.342s] Level 5:colcon.colcon_core.verb:set package 'flask_ui' build argument 'catkin_skip_building_tests' from command line to 'False'
[0.342s] DEBUG:colcon.colcon_core.verb:Building package 'flask_ui' with the following arguments: {'ament_cmake_args': None, 'build_base': '/home/cg-tuf/turtlebot4_flask/build/flask_ui', 'catkin_cmake_args': None, 'catkin_skip_building_tests': False, 'cmake_args': None, 'cmake_clean_cache': False, 'cmake_clean_first': False, 'cmake_force_configure': False, 'cmake_target': None, 'cmake_target_skip_unavailable': False, 'install_base': '/home/cg-tuf/turtlebot4_flask/install/flask_ui', 'merge_install': False, 'path': '/home/cg-tuf/turtlebot4_flask/piper_ws/src/Piper_ros/src/flask_ui', 'symlink_install': False, 'test_result_base': None}
[0.342s] Level 5:colcon.colcon_core.verb:set package 'piper_no_gripper_moveit' build argument 'cmake_args' from command line to 'None'
[0.342s] Level 5:colcon.colcon_core.verb:set package 'piper_no_gripper_moveit' build argument 'cmake_target' from command line to 'None'
[0.342s] Level 5:colcon.colcon_core.verb:set package 'piper_no_gripper_moveit' build argument 'cmake_target_skip_unavailable' from command line to 'False'
[0.342s] Level 5:colcon.colcon_core.verb:set package 'piper_no_gripper_moveit' build argument 'cmake_clean_cache' from command line to 'False'
[0.342s] Level 5:colcon.colcon_core.verb:set package 'piper_no_gripper_moveit' build argument 'cmake_clean_first' from command line to 'False'
[0.342s] Level 5:colcon.colcon_core.verb:set package 'piper_no_gripper_moveit' build argument 'cmake_force_configure' from command line to 'False'
[0.342s] Level 5:colcon.colcon_core.verb:set package 'piper_no_gripper_moveit' build argument 'ament_cmake_args' from command line to 'None'
[0.342s] Level 5:colcon.colcon_core.verb:set package 'piper_no_gripper_moveit' build argument 'catkin_cmake_args' from command line to 'None'
[0.342s] Level 5:colcon.colcon_core.verb:set package 'piper_no_gripper_moveit' build argument 'catkin_skip_building_tests' from command line to 'False'
[0.342s] DEBUG:colcon.colcon_core.verb:Building package 'piper_no_gripper_moveit' with the following arguments: {'ament_cmake_args': None, 'build_base': '/home/cg-tuf/turtlebot4_flask/build/piper_no_gripper_moveit', 'catkin_cmake_args': None, 'catkin_skip_building_tests': False, 'cmake_args': None, 'cmake_clean_cache': False, 'cmake_clean_first': False, 'cmake_force_configure': False, 'cmake_target': None, 'cmake_target_skip_unavailable': False, 'install_base': '/home/cg-tuf/turtlebot4_flask/install/piper_no_gripper_moveit', 'merge_install': False, 'path': '/home/cg-tuf/turtlebot4_flask/piper_ws/src/Piper_ros/src/piper_moveit/piper_no_gripper_moveit', 'symlink_install': False, 'test_result_base': None}
[0.342s] Level 5:colcon.colcon_core.verb:set package 'piper_with_gripper_moveit' build argument 'cmake_args' from command line to 'None'
[0.342s] Level 5:colcon.colcon_core.verb:set package 'piper_with_gripper_moveit' build argument 'cmake_target' from command line to 'None'
[0.342s] Level 5:colcon.colcon_core.verb:set package 'piper_with_gripper_moveit' build argument 'cmake_target_skip_unavailable' from command line to 'False'
[0.342s] Level 5:colcon.colcon_core.verb:set package 'piper_with_gripper_moveit' build argument 'cmake_clean_cache' from command line to 'False'
[0.342s] Level 5:colcon.colcon_core.verb:set package 'piper_with_gripper_moveit' build argument 'cmake_clean_first' from command line to 'False'
[0.342s] Level 5:colcon.colcon_core.verb:set package 'piper_with_gripper_moveit' build argument 'cmake_force_configure' from command line to 'False'
[0.342s] Level 5:colcon.colcon_core.verb:set package 'piper_with_gripper_moveit' build argument 'ament_cmake_args' from command line to 'None'
[0.342s] Level 5:colcon.colcon_core.verb:set package 'piper_with_gripper_moveit' build argument 'catkin_cmake_args' from command line to 'None'
[0.342s] Level 5:colcon.colcon_core.verb:set package 'piper_with_gripper_moveit' build argument 'catkin_skip_building_tests' from command line to 'False'
[0.342s] DEBUG:colcon.colcon_core.verb:Building package 'piper_with_gripper_moveit' with the following arguments: {'ament_cmake_args': None, 'build_base': '/home/cg-tuf/turtlebot4_flask/build/piper_with_gripper_moveit', 'catkin_cmake_args': None, 'catkin_skip_building_tests': False, 'cmake_args': None, 'cmake_clean_cache': False, 'cmake_clean_first': False, 'cmake_force_configure': False, 'cmake_target': None, 'cmake_target_skip_unavailable': False, 'install_base': '/home/cg-tuf/turtlebot4_flask/install/piper_with_gripper_moveit', 'merge_install': False, 'path': '/home/cg-tuf/turtlebot4_flask/piper_ws/src/Piper_ros/src/piper_moveit/piper_with_gripper_moveit', 'symlink_install': False, 'test_result_base': None}
[0.342s] INFO:colcon.colcon_core.executor:Executing jobs using 'parallel' executor
[0.343s] DEBUG:colcon.colcon_parallel_executor.executor.parallel:run_until_complete
[0.343s] INFO:colcon.colcon_ros.task.ament_cmake.build:Building ROS package in '/home/cg-tuf/turtlebot4_flask/piper_ws/src/Piper_ros/src/piper_description' with build type 'ament_cmake'
[0.343s] INFO:colcon.colcon_cmake.task.cmake.build:Building CMake package in '/home/cg-tuf/turtlebot4_flask/piper_ws/src/Piper_ros/src/piper_description'
[0.346s] INFO:colcon.colcon_core.plugin_system:Skipping extension 'colcon_core.shell.bat': Not used on non-Windows systems
[0.346s] INFO:colcon.colcon_core.shell:Skip shell extension 'powershell' for command environment: Not usable outside of PowerShell
[0.346s] DEBUG:colcon.colcon_core.shell:Skip shell extension 'dsv' for command environment
[0.348s] INFO:colcon.colcon_ros.task.ament_cmake.build:Building ROS package in '/home/cg-tuf/turtlebot4_flask/piper_ws/src/Piper_ros/src/piper_msgs' with build type 'ament_cmake'
[0.348s] INFO:colcon.colcon_cmake.task.cmake.build:Building CMake package in '/home/cg-tuf/turtlebot4_flask/piper_ws/src/Piper_ros/src/piper_msgs'
[0.348s] INFO:colcon.colcon_core.shell:Skip shell extension 'powershell' for command environment: Not usable outside of PowerShell
[0.348s] DEBUG:colcon.colcon_core.shell:Skip shell extension 'dsv' for command environment
[0.350s] INFO:colcon.colcon_ros.task.ament_cmake.build:Building ROS package in '/home/cg-tuf/turtlebot4_flask/clientapp/instance/jai/jai_rosbridge' with build type 'ament_cmake'
[0.350s] INFO:colcon.colcon_cmake.task.cmake.build:Building CMake package in '/home/cg-tuf/turtlebot4_flask/clientapp/instance/jai/jai_rosbridge'
[0.350s] INFO:colcon.colcon_core.shell:Skip shell extension 'powershell' for command environment: Not usable outside of PowerShell
[0.350s] DEBUG:colcon.colcon_core.shell:Skip shell extension 'dsv' for command environment
[0.352s] INFO:colcon.colcon_ros.task.ament_python.build:Building ROS package in '/home/cg-tuf/turtlebot4_flask/piper_ws/src/Piper_ros/src/piper' with build type 'ament_python'
[0.352s] Level 1:colcon.colcon_core.shell:create_environment_hook('piper', 'ament_prefix_path')
[0.352s] INFO:colcon.colcon_core.shell:Creating environment hook '/home/cg-tuf/turtlebot4_flask/install/piper/share/piper/hook/ament_prefix_path.ps1'
[0.353s] INFO:colcon.colcon_core.shell:Creating environment descriptor '/home/cg-tuf/turtlebot4_flask/install/piper/share/piper/hook/ament_prefix_path.dsv'
[0.353s] INFO:colcon.colcon_core.shell:Creating environment hook '/home/cg-tuf/turtlebot4_flask/install/piper/share/piper/hook/ament_prefix_path.sh'
[0.354s] INFO:colcon.colcon_core.shell:Skip shell extension 'powershell' for command environment: Not usable outside of PowerShell
[0.354s] DEBUG:colcon.colcon_core.shell:Skip shell extension 'dsv' for command environment
[0.356s] INFO:colcon.colcon_ros.task.ament_cmake.build:Building ROS package in '/home/cg-tuf/turtlebot4_flask/piper_ws/src/Piper_ros/src/piper_sim/piper_gazebo' with build type 'ament_cmake'
[0.356s] INFO:colcon.colcon_cmake.task.cmake.build:Building CMake package in '/home/cg-tuf/turtlebot4_flask/piper_ws/src/Piper_ros/src/piper_sim/piper_gazebo'
[0.356s] INFO:colcon.colcon_core.shell:Skip shell extension 'powershell' for command environment: Not usable outside of PowerShell
[0.356s] DEBUG:colcon.colcon_core.shell:Skip shell extension 'dsv' for command environment
[0.360s] INFO:colcon.colcon_ros.task.ament_cmake.build:Building ROS package in '/home/cg-tuf/turtlebot4_flask/piper_ws/src/Piper_ros/src/piper_humble' with build type 'ament_cmake'
[0.360s] INFO:colcon.colcon_cmake.task.cmake.build:Building CMake package in '/home/cg-tuf/turtlebot4_flask/piper_ws/src/Piper_ros/src/piper_humble'
[0.360s] INFO:colcon.colcon_core.shell:Skip shell extension 'powershell' for command environment: Not usable outside of PowerShell
[0.360s] DEBUG:colcon.colcon_core.shell:Skip shell extension 'dsv' for command environment
[0.362s] INFO:colcon.colcon_ros.task.ament_cmake.build:Building ROS package in '/home/cg-tuf/turtlebot4_flask/piper_ws/src/Piper_ros/src/piper_sim/piper_mujoco' with build type 'ament_cmake'
[0.362s] INFO:colcon.colcon_cmake.task.cmake.build:Building CMake package in '/home/cg-tuf/turtlebot4_flask/piper_ws/src/Piper_ros/src/piper_sim/piper_mujoco'
[0.362s] INFO:colcon.colcon_core.shell:Skip shell extension 'powershell' for command environment: Not usable outside of PowerShell
[0.362s] DEBUG:colcon.colcon_core.shell:Skip shell extension 'dsv' for command environment
[0.369s] DEBUG:colcon.colcon_core.event_handler.log_command:Invoking command in '/home/cg-tuf/turtlebot4_flask/build/piper_description': CMAKE_PREFIX_PATH=/opt/ros/humble /usr/bin/cmake --build /home/cg-tuf/turtlebot4_flask/build/piper_description -- -j16 -l16
[0.371s] DEBUG:colcon.colcon_core.event_handler.log_command:Invoking command in '/home/cg-tuf/turtlebot4_flask/build/piper_msgs': CMAKE_PREFIX_PATH=/opt/ros/humble /usr/bin/cmake --build /home/cg-tuf/turtlebot4_flask/build/piper_msgs -- -j16 -l16
[0.374s] DEBUG:colcon.colcon_core.event_handler.log_command:Invoking command in '/home/cg-tuf/turtlebot4_flask/build/jai_rosbridge': CMAKE_PREFIX_PATH=/opt/ros/humble /usr/bin/cmake --build /home/cg-tuf/turtlebot4_flask/build/jai_rosbridge -- -j16 -l16
[0.589s] INFO:colcon.colcon_core.task.python.build:Building Python package in '/home/cg-tuf/turtlebot4_flask/piper_ws/src/Piper_ros/src/piper'
[0.590s] INFO:colcon.colcon_core.shell:Skip shell extension 'powershell' for command environment: Not usable outside of PowerShell
[0.590s] DEBUG:colcon.colcon_core.shell:Skip shell extension 'dsv' for command environment
[0.595s] DEBUG:colcon.colcon_core.event_handler.log_command:Invoking command in '/home/cg-tuf/turtlebot4_flask/build/piper_gazebo': CMAKE_PREFIX_PATH=/opt/ros/humble /usr/bin/cmake --build /home/cg-tuf/turtlebot4_flask/build/piper_gazebo -- -j16 -l16
[0.597s] DEBUG:colcon.colcon_core.event_handler.log_command:Invoking command in '/home/cg-tuf/turtlebot4_flask/build/piper_humble': CMAKE_PREFIX_PATH=/opt/ros/humble /usr/bin/cmake --build /home/cg-tuf/turtlebot4_flask/build/piper_humble -- -j16 -l16
[0.604s] DEBUG:colcon.colcon_core.event_handler.log_command:Invoking command in '/home/cg-tuf/turtlebot4_flask/build/piper_mujoco': CMAKE_PREFIX_PATH=/opt/ros/humble /usr/bin/cmake --build /home/cg-tuf/turtlebot4_flask/build/piper_mujoco -- -j16 -l16
[0.604s] DEBUG:colcon.colcon_core.event_handler.log_command:Invoked command in '/home/cg-tuf/turtlebot4_flask/build/piper_description' returned '0': CMAKE_PREFIX_PATH=/opt/ros/humble /usr/bin/cmake --build /home/cg-tuf/turtlebot4_flask/build/piper_description -- -j16 -l16
[0.614s] DEBUG:colcon.colcon_core.event_handler.log_command:Invoking command in '/home/cg-tuf/turtlebot4_flask/build/piper_description': CMAKE_PREFIX_PATH=/opt/ros/humble /usr/bin/cmake --install /home/cg-tuf/turtlebot4_flask/build/piper_description
[0.625s] Level 1:colcon.colcon_core.environment:create_environment_scripts_only(piper_description)
[0.626s] DEBUG:colcon.colcon_core.event_handler.log_command:Invoked command in '/home/cg-tuf/turtlebot4_flask/build/piper_description' returned '0': CMAKE_PREFIX_PATH=/opt/ros/humble /usr/bin/cmake --install /home/cg-tuf/turtlebot4_flask/build/piper_description
[0.630s] Level 1:colcon.colcon_core.environment:checking '/home/cg-tuf/turtlebot4_flask/install/piper_description' for CMake module files
[0.630s] Level 1:colcon.colcon_core.environment:checking '/home/cg-tuf/turtlebot4_flask/install/piper_description' for CMake config files
[0.630s] Level 1:colcon.colcon_core.shell:create_environment_hook('piper_description', 'cmake_prefix_path')
[0.631s] INFO:colcon.colcon_core.shell:Creating environment hook '/home/cg-tuf/turtlebot4_flask/install/piper_description/share/piper_description/hook/cmake_prefix_path.ps1'
[0.631s] INFO:colcon.colcon_core.shell:Creating environment descriptor '/home/cg-tuf/turtlebot4_flask/install/piper_description/share/piper_description/hook/cmake_prefix_path.dsv'
[0.632s] INFO:colcon.colcon_core.shell:Creating environment hook '/home/cg-tuf/turtlebot4_flask/install/piper_description/share/piper_description/hook/cmake_prefix_path.sh'
[0.633s] Level 1:colcon.colcon_core.environment:checking '/home/cg-tuf/turtlebot4_flask/install/piper_description/bin'
[0.633s] Level 1:colcon.colcon_core.environment:checking '/home/cg-tuf/turtlebot4_flask/install/piper_description/lib/pkgconfig/piper_description.pc'
[0.633s] Level 1:colcon.colcon_core.environment:checking '/home/cg-tuf/turtlebot4_flask/install/piper_description/lib/python3.10/site-packages'
[0.633s] Level 1:colcon.colcon_core.environment:checking '/home/cg-tuf/turtlebot4_flask/install/piper_description/bin'
[0.633s] INFO:colcon.colcon_core.shell:Creating package script '/home/cg-tuf/turtlebot4_flask/install/piper_description/share/piper_description/package.ps1'
[0.634s] INFO:colcon.colcon_core.shell:Creating package descriptor '/home/cg-tuf/turtlebot4_flask/install/piper_description/share/piper_description/package.dsv'
[0.635s] INFO:colcon.colcon_core.shell:Creating package script '/home/cg-tuf/turtlebot4_flask/install/piper_description/share/piper_description/package.sh'
[0.636s] INFO:colcon.colcon_core.shell:Creating package script '/home/cg-tuf/turtlebot4_flask/install/piper_description/share/piper_description/package.bash'
[0.637s] INFO:colcon.colcon_core.shell:Creating package script '/home/cg-tuf/turtlebot4_flask/install/piper_description/share/piper_description/package.zsh'
[0.638s] Level 1:colcon.colcon_core.environment:create_file_with_runtime_dependencies(/home/cg-tuf/turtlebot4_flask/install/piper_description/share/colcon-core/packages/piper_description)
[0.639s] Level 1:colcon.colcon_core.environment:create_environment_scripts_only(piper_description)
[0.639s] Level 1:colcon.colcon_core.environment:checking '/home/cg-tuf/turtlebot4_flask/install/piper_description' for CMake module files
[0.639s] Level 1:colcon.colcon_core.environment:checking '/home/cg-tuf/turtlebot4_flask/install/piper_description' for CMake config files
[0.639s] Level 1:colcon.colcon_core.shell:create_environment_hook('piper_description', 'cmake_prefix_path')
[0.639s] INFO:colcon.colcon_core.shell:Creating environment hook '/home/cg-tuf/turtlebot4_flask/install/piper_description/share/piper_description/hook/cmake_prefix_path.ps1'
[0.640s] INFO:colcon.colcon_core.shell:Creating environment descriptor '/home/cg-tuf/turtlebot4_flask/install/piper_description/share/piper_description/hook/cmake_prefix_path.dsv'
[0.640s] INFO:colcon.colcon_core.shell:Creating environment hook '/home/cg-tuf/turtlebot4_flask/install/piper_description/share/piper_description/hook/cmake_prefix_path.sh'
[0.640s] Level 1:colcon.colcon_core.environment:checking '/home/cg-tuf/turtlebot4_flask/install/piper_description/bin'
[0.640s] Level 1:colcon.colcon_core.environment:checking '/home/cg-tuf/turtlebot4_flask/install/piper_description/lib/pkgconfig/piper_description.pc'
[0.641s] Level 1:colcon.colcon_core.environment:checking '/home/cg-tuf/turtlebot4_flask/install/piper_description/lib/python3.10/site-packages'
[0.641s] Level 1:colcon.colcon_core.environment:checking '/home/cg-tuf/turtlebot4_flask/install/piper_description/bin'
[0.641s] INFO:colcon.colcon_core.shell:Creating package script '/home/cg-tuf/turtlebot4_flask/install/piper_description/share/piper_description/package.ps1'
[0.642s] INFO:colcon.colcon_core.shell:Creating package descriptor '/home/cg-tuf/turtlebot4_flask/install/piper_description/share/piper_description/package.dsv'
[0.642s] INFO:colcon.colcon_core.shell:Creating package script '/home/cg-tuf/turtlebot4_flask/install/piper_description/share/piper_description/package.sh'
[0.642s] INFO:colcon.colcon_core.shell:Creating package script '/home/cg-tuf/turtlebot4_flask/install/piper_description/share/piper_description/package.bash'
[0.643s] INFO:colcon.colcon_core.shell:Creating package script '/home/cg-tuf/turtlebot4_flask/install/piper_description/share/piper_description/package.zsh'
[0.643s] Level 1:colcon.colcon_core.environment:create_file_with_runtime_dependencies(/home/cg-tuf/turtlebot4_flask/install/piper_description/share/colcon-core/packages/piper_description)
[0.643s] INFO:colcon.colcon_ros.task.ament_cmake.build:Building ROS package in '/home/cg-tuf/turtlebot4_flask/piper_ws/src/Piper_ros/src/piper_moveit/piper_no_gripper_moveit' with build type 'ament_cmake'
[0.644s] INFO:colcon.colcon_cmake.task.cmake.build:Building CMake package in '/home/cg-tuf/turtlebot4_flask/piper_ws/src/Piper_ros/src/piper_moveit/piper_no_gripper_moveit'
[0.644s] INFO:colcon.colcon_core.shell:Skip shell extension 'powershell' for command environment: Not usable outside of PowerShell
[0.644s] DEBUG:colcon.colcon_core.shell:Skip shell extension 'dsv' for command environment
[0.646s] INFO:colcon.colcon_ros.task.ament_cmake.build:Building ROS package in '/home/cg-tuf/turtlebot4_flask/piper_ws/src/Piper_ros/src/piper_moveit/piper_with_gripper_moveit' with build type 'ament_cmake'
[0.647s] INFO:colcon.colcon_cmake.task.cmake.build:Building CMake package in '/home/cg-tuf/turtlebot4_flask/piper_ws/src/Piper_ros/src/piper_moveit/piper_with_gripper_moveit'
[0.647s] INFO:colcon.colcon_core.shell:Skip shell extension 'powershell' for command environment: Not usable outside of PowerShell
[0.647s] DEBUG:colcon.colcon_core.shell:Skip shell extension 'dsv' for command environment
[0.651s] DEBUG:colcon.colcon_core.event_handler.log_command:Invoked command in '/home/cg-tuf/turtlebot4_flask/build/piper_humble' returned '0': CMAKE_PREFIX_PATH=/opt/ros/humble /usr/bin/cmake --build /home/cg-tuf/turtlebot4_flask/build/piper_humble -- -j16 -l16
[0.652s] DEBUG:colcon.colcon_core.event_handler.log_command:Invoking command in '/home/cg-tuf/turtlebot4_flask/build/piper_humble': CMAKE_PREFIX_PATH=/opt/ros/humble /usr/bin/cmake --install /home/cg-tuf/turtlebot4_flask/build/piper_humble
[0.652s] DEBUG:colcon.colcon_core.event_handler.log_command:Invoked command in '/home/cg-tuf/turtlebot4_flask/build/piper_gazebo' returned '0': CMAKE_PREFIX_PATH=/opt/ros/humble /usr/bin/cmake --build /home/cg-tuf/turtlebot4_flask/build/piper_gazebo -- -j16 -l16
[0.654s] DEBUG:colcon.colcon_core.event_handler.log_command:Invoking command in '/home/cg-tuf/turtlebot4_flask/build/piper_gazebo': CMAKE_PREFIX_PATH=/opt/ros/humble /usr/bin/cmake --install /home/cg-tuf/turtlebot4_flask/build/piper_gazebo
[0.654s] DEBUG:colcon.colcon_core.event_handler.log_command:Invoked command in '/home/cg-tuf/turtlebot4_flask/build/piper_mujoco' returned '0': CMAKE_PREFIX_PATH=/opt/ros/humble /usr/bin/cmake --build /home/cg-tuf/turtlebot4_flask/build/piper_mujoco -- -j16 -l16
[0.655s] DEBUG:colcon.colcon_core.event_handler.log_command:Invoking command in '/home/cg-tuf/turtlebot4_flask/build/piper_mujoco': CMAKE_PREFIX_PATH=/opt/ros/humble /usr/bin/cmake --install /home/cg-tuf/turtlebot4_flask/build/piper_mujoco
[0.661s] DEBUG:colcon.colcon_core.event_handler.log_command:Invoking command in '/home/cg-tuf/turtlebot4_flask/build/piper_no_gripper_moveit': AMENT_PREFIX_PATH=/home/cg-tuf/turtlebot4_flask/install/piper_description:${AMENT_PREFIX_PATH} CMAKE_PREFIX_PATH=/home/cg-tuf/turtlebot4_flask/install/piper_description:/opt/ros/humble /usr/bin/cmake --build /home/cg-tuf/turtlebot4_flask/build/piper_no_gripper_moveit -- -j16 -l16
[0.665s] DEBUG:colcon.colcon_core.event_handler.log_command:Invoking command in '/home/cg-tuf/turtlebot4_flask/build/piper_with_gripper_moveit': AMENT_PREFIX_PATH=/home/cg-tuf/turtlebot4_flask/install/piper_description:${AMENT_PREFIX_PATH} CMAKE_PREFIX_PATH=/home/cg-tuf/turtlebot4_flask/install/piper_description:/opt/ros/humble /usr/bin/cmake --build /home/cg-tuf/turtlebot4_flask/build/piper_with_gripper_moveit -- -j16 -l16
[0.669s] Level 1:colcon.colcon_core.environment:create_environment_scripts_only(piper_mujoco)
[0.669s] Level 1:colcon.colcon_core.environment:checking '/home/cg-tuf/turtlebot4_flask/install/piper_mujoco' for CMake module files
[0.670s] DEBUG:colcon.colcon_core.event_handler.log_command:Invoked command in '/home/cg-tuf/turtlebot4_flask/build/piper_mujoco' returned '0': CMAKE_PREFIX_PATH=/opt/ros/humble /usr/bin/cmake --install /home/cg-tuf/turtlebot4_flask/build/piper_mujoco
[0.670s] Level 1:colcon.colcon_core.environment:checking '/home/cg-tuf/turtlebot4_flask/install/piper_mujoco' for CMake config files
[0.670s] Level 1:colcon.colcon_core.shell:create_environment_hook('piper_mujoco', 'cmake_prefix_path')
[0.671s] INFO:colcon.colcon_core.shell:Creating environment hook '/home/cg-tuf/turtlebot4_flask/install/piper_mujoco/share/piper_mujoco/hook/cmake_prefix_path.ps1'
[0.671s] INFO:colcon.colcon_core.shell:Creating environment descriptor '/home/cg-tuf/turtlebot4_flask/install/piper_mujoco/share/piper_mujoco/hook/cmake_prefix_path.dsv'
[0.672s] INFO:colcon.colcon_core.shell:Creating environment hook '/home/cg-tuf/turtlebot4_flask/install/piper_mujoco/share/piper_mujoco/hook/cmake_prefix_path.sh'
[0.672s] Level 1:colcon.colcon_core.environment:checking '/home/cg-tuf/turtlebot4_flask/install/piper_mujoco/lib'
[0.673s] Level 1:colcon.colcon_core.environment:checking '/home/cg-tuf/turtlebot4_flask/install/piper_mujoco/bin'
[0.673s] Level 1:colcon.colcon_core.environment:checking '/home/cg-tuf/turtlebot4_flask/install/piper_mujoco/lib/pkgconfig/piper_mujoco.pc'
[0.673s] Level 1:colcon.colcon_core.environment:checking '/home/cg-tuf/turtlebot4_flask/install/piper_mujoco/lib/python3.10/site-packages'
[0.673s] Level 1:colcon.colcon_core.environment:checking '/home/cg-tuf/turtlebot4_flask/install/piper_mujoco/bin'
[0.674s] INFO:colcon.colcon_core.shell:Creating package script '/home/cg-tuf/turtlebot4_flask/install/piper_mujoco/share/piper_mujoco/package.ps1'
[0.675s] INFO:colcon.colcon_core.shell:Creating package descriptor '/home/cg-tuf/turtlebot4_flask/install/piper_mujoco/share/piper_mujoco/package.dsv'
[0.675s] INFO:colcon.colcon_core.shell:Creating package script '/home/cg-tuf/turtlebot4_flask/install/piper_mujoco/share/piper_mujoco/package.sh'
[0.675s] INFO:colcon.colcon_core.shell:Creating package script '/home/cg-tuf/turtlebot4_flask/install/piper_mujoco/share/piper_mujoco/package.bash'
[0.676s] INFO:colcon.colcon_core.shell:Creating package script '/home/cg-tuf/turtlebot4_flask/install/piper_mujoco/share/piper_mujoco/package.zsh'
[0.676s] Level 1:colcon.colcon_core.environment:create_file_with_runtime_dependencies(/home/cg-tuf/turtlebot4_flask/install/piper_mujoco/share/colcon-core/packages/piper_mujoco)
[0.677s] Level 1:colcon.colcon_core.environment:create_environment_scripts_only(piper_mujoco)
[0.677s] Level 1:colcon.colcon_core.environment:checking '/home/cg-tuf/turtlebot4_flask/install/piper_mujoco' for CMake module files
[0.677s] Level 1:colcon.colcon_core.environment:checking '/home/cg-tuf/turtlebot4_flask/install/piper_mujoco' for CMake config files
[0.677s] Level 1:colcon.colcon_core.shell:create_environment_hook('piper_mujoco', 'cmake_prefix_path')
[0.677s] INFO:colcon.colcon_core.shell:Creating environment hook '/home/cg-tuf/turtlebot4_flask/install/piper_mujoco/share/piper_mujoco/hook/cmake_prefix_path.ps1'
[0.678s] INFO:colcon.colcon_core.shell:Creating environment descriptor '/home/cg-tuf/turtlebot4_flask/install/piper_mujoco/share/piper_mujoco/hook/cmake_prefix_path.dsv'
[0.678s] INFO:colcon.colcon_core.shell:Creating environment hook '/home/cg-tuf/turtlebot4_flask/install/piper_mujoco/share/piper_mujoco/hook/cmake_prefix_path.sh'
[0.678s] Level 1:colcon.colcon_core.environment:checking '/home/cg-tuf/turtlebot4_flask/install/piper_mujoco/lib'
[0.678s] Level 1:colcon.colcon_core.environment:checking '/home/cg-tuf/turtlebot4_flask/install/piper_mujoco/bin'
[0.678s] Level 1:colcon.colcon_core.environment:checking '/home/cg-tuf/turtlebot4_flask/install/piper_mujoco/lib/pkgconfig/piper_mujoco.pc'
[0.679s] Level 1:colcon.colcon_core.environment:checking '/home/cg-tuf/turtlebot4_flask/install/piper_mujoco/lib/python3.10/site-packages'
[0.679s] Level 1:colcon.colcon_core.environment:checking '/home/cg-tuf/turtlebot4_flask/install/piper_mujoco/bin'
[0.679s] INFO:colcon.colcon_core.shell:Creating package script '/home/cg-tuf/turtlebot4_flask/install/piper_mujoco/share/piper_mujoco/package.ps1'
[0.679s] INFO:colcon.colcon_core.shell:Creating package descriptor '/home/cg-tuf/turtlebot4_flask/install/piper_mujoco/share/piper_mujoco/package.dsv'
[0.680s] INFO:colcon.colcon_core.shell:Creating package script '/home/cg-tuf/turtlebot4_flask/install/piper_mujoco/share/piper_mujoco/package.sh'
[0.680s] INFO:colcon.colcon_core.shell:Creating package script '/home/cg-tuf/turtlebot4_flask/install/piper_mujoco/share/piper_mujoco/package.bash'
[0.680s] INFO:colcon.colcon_core.shell:Creating package script '/home/cg-tuf/turtlebot4_flask/install/piper_mujoco/share/piper_mujoco/package.zsh'
[0.680s] Level 1:colcon.colcon_core.environment:create_file_with_runtime_dependencies(/home/cg-tuf/turtlebot4_flask/install/piper_mujoco/share/colcon-core/packages/piper_mujoco)
[0.681s] Level 1:colcon.colcon_core.environment:create_environment_scripts_only(piper_humble)
[0.681s] Level 1:colcon.colcon_core.environment:checking '/home/cg-tuf/turtlebot4_flask/install/piper_humble' for CMake module files
[0.682s] Level 1:colcon.colcon_core.environment:checking '/home/cg-tuf/turtlebot4_flask/install/piper_humble' for CMake config files
[0.682s] DEBUG:colcon.colcon_core.event_handler.log_command:Invoked command in '/home/cg-tuf/turtlebot4_flask/build/piper_humble' returned '0': CMAKE_PREFIX_PATH=/opt/ros/humble /usr/bin/cmake --install /home/cg-tuf/turtlebot4_flask/build/piper_humble
[0.682s] Level 1:colcon.colcon_core.shell:create_environment_hook('piper_humble', 'cmake_prefix_path')
[0.682s] INFO:colcon.colcon_core.shell:Creating environment hook '/home/cg-tuf/turtlebot4_flask/install/piper_humble/share/piper_humble/hook/cmake_prefix_path.ps1'
[0.683s] INFO:colcon.colcon_core.shell:Creating environment descriptor '/home/cg-tuf/turtlebot4_flask/install/piper_humble/share/piper_humble/hook/cmake_prefix_path.dsv'
[0.683s] INFO:colcon.colcon_core.shell:Creating environment hook '/home/cg-tuf/turtlebot4_flask/install/piper_humble/share/piper_humble/hook/cmake_prefix_path.sh'
[0.683s] Level 1:colcon.colcon_core.environment:checking '/home/cg-tuf/turtlebot4_flask/install/piper_humble/bin'
[0.684s] Level 1:colcon.colcon_core.environment:checking '/home/cg-tuf/turtlebot4_flask/install/piper_humble/lib/pkgconfig/piper_humble.pc'
[0.684s] Level 1:colcon.colcon_core.environment:checking '/home/cg-tuf/turtlebot4_flask/install/piper_humble/lib/python3.10/site-packages'
[0.684s] Level 1:colcon.colcon_core.environment:checking '/home/cg-tuf/turtlebot4_flask/install/piper_humble/bin'
[0.684s] INFO:colcon.colcon_core.shell:Creating package script '/home/cg-tuf/turtlebot4_flask/install/piper_humble/share/piper_humble/package.ps1'
[0.684s] INFO:colcon.colcon_core.shell:Creating package descriptor '/home/cg-tuf/turtlebot4_flask/install/piper_humble/share/piper_humble/package.dsv'
[0.685s] INFO:colcon.colcon_core.shell:Creating package script '/home/cg-tuf/turtlebot4_flask/install/piper_humble/share/piper_humble/package.sh'
[0.685s] INFO:colcon.colcon_core.shell:Creating package script '/home/cg-tuf/turtlebot4_flask/install/piper_humble/share/piper_humble/package.bash'
[0.685s] INFO:colcon.colcon_core.shell:Creating package script '/home/cg-tuf/turtlebot4_flask/install/piper_humble/share/piper_humble/package.zsh'
[0.685s] Level 1:colcon.colcon_core.environment:create_file_with_runtime_dependencies(/home/cg-tuf/turtlebot4_flask/install/piper_humble/share/colcon-core/packages/piper_humble)
[0.686s] Level 1:colcon.colcon_core.environment:create_environment_scripts_only(piper_humble)
[0.686s] Level 1:colcon.colcon_core.environment:checking '/home/cg-tuf/turtlebot4_flask/install/piper_humble' for CMake module files
[0.686s] Level 1:colcon.colcon_core.environment:checking '/home/cg-tuf/turtlebot4_flask/install/piper_humble' for CMake config files
[0.686s] Level 1:colcon.colcon_core.shell:create_environment_hook('piper_humble', 'cmake_prefix_path')
[0.686s] INFO:colcon.colcon_core.shell:Creating environment hook '/home/cg-tuf/turtlebot4_flask/install/piper_humble/share/piper_humble/hook/cmake_prefix_path.ps1'
[0.687s] INFO:colcon.colcon_core.shell:Creating environment descriptor '/home/cg-tuf/turtlebot4_flask/install/piper_humble/share/piper_humble/hook/cmake_prefix_path.dsv'
[0.687s] INFO:colcon.colcon_core.shell:Creating environment hook '/home/cg-tuf/turtlebot4_flask/install/piper_humble/share/piper_humble/hook/cmake_prefix_path.sh'
[0.687s] Level 1:colcon.colcon_core.environment:checking '/home/cg-tuf/turtlebot4_flask/install/piper_humble/bin'
[0.687s] Level 1:colcon.colcon_core.environment:checking '/home/cg-tuf/turtlebot4_flask/install/piper_humble/lib/pkgconfig/piper_humble.pc'
[0.687s] Level 1:colcon.colcon_core.environment:checking '/home/cg-tuf/turtlebot4_flask/install/piper_humble/lib/python3.10/site-packages'
[0.688s] Level 1:colcon.colcon_core.environment:checking '/home/cg-tuf/turtlebot4_flask/install/piper_humble/bin'
[0.688s] INFO:colcon.colcon_core.shell:Creating package script '/home/cg-tuf/turtlebot4_flask/install/piper_humble/share/piper_humble/package.ps1'
[0.688s] INFO:colcon.colcon_core.shell:Creating package descriptor '/home/cg-tuf/turtlebot4_flask/install/piper_humble/share/piper_humble/package.dsv'
[0.688s] INFO:colcon.colcon_core.shell:Creating package script '/home/cg-tuf/turtlebot4_flask/install/piper_humble/share/piper_humble/package.sh'
[0.689s] INFO:colcon.colcon_core.shell:Creating package script '/home/cg-tuf/turtlebot4_flask/install/piper_humble/share/piper_humble/package.bash'
[0.689s] INFO:colcon.colcon_core.shell:Creating package script '/home/cg-tuf/turtlebot4_flask/install/piper_humble/share/piper_humble/package.zsh'
[0.689s] Level 1:colcon.colcon_core.environment:create_file_with_runtime_dependencies(/home/cg-tuf/turtlebot4_flask/install/piper_humble/share/colcon-core/packages/piper_humble)
[0.689s] Level 1:colcon.colcon_core.environment:create_environment_scripts_only(piper_gazebo)
[0.689s] Level 1:colcon.colcon_core.environment:checking '/home/cg-tuf/turtlebot4_flask/install/piper_gazebo' for CMake module files
[0.691s] DEBUG:colcon.colcon_core.event_handler.log_command:Invoked command in '/home/cg-tuf/turtlebot4_flask/build/piper_gazebo' returned '0': CMAKE_PREFIX_PATH=/opt/ros/humble /usr/bin/cmake --install /home/cg-tuf/turtlebot4_flask/build/piper_gazebo
[0.691s] Level 1:colcon.colcon_core.environment:checking '/home/cg-tuf/turtlebot4_flask/install/piper_gazebo' for CMake config files
[0.691s] Level 1:colcon.colcon_core.shell:create_environment_hook('piper_gazebo', 'cmake_prefix_path')
[0.692s] INFO:colcon.colcon_core.shell:Creating environment hook '/home/cg-tuf/turtlebot4_flask/install/piper_gazebo/share/piper_gazebo/hook/cmake_prefix_path.ps1'
[0.692s] INFO:colcon.colcon_core.shell:Creating environment descriptor '/home/cg-tuf/turtlebot4_flask/install/piper_gazebo/share/piper_gazebo/hook/cmake_prefix_path.dsv'
[0.692s] INFO:colcon.colcon_core.shell:Creating environment hook '/home/cg-tuf/turtlebot4_flask/install/piper_gazebo/share/piper_gazebo/hook/cmake_prefix_path.sh'
[0.693s] Level 1:colcon.colcon_core.environment:checking '/home/cg-tuf/turtlebot4_flask/install/piper_gazebo/lib'
[0.693s] Level 1:colcon.colcon_core.environment:checking '/home/cg-tuf/turtlebot4_flask/install/piper_gazebo/bin'
[0.693s] Level 1:colcon.colcon_core.environment:checking '/home/cg-tuf/turtlebot4_flask/install/piper_gazebo/lib/pkgconfig/piper_gazebo.pc'
[0.693s] Level 1:colcon.colcon_core.environment:checking '/home/cg-tuf/turtlebot4_flask/install/piper_gazebo/lib/python3.10/site-packages'
[0.693s] Level 1:colcon.colcon_core.environment:checking '/home/cg-tuf/turtlebot4_flask/install/piper_gazebo/bin'
[0.693s] INFO:colcon.colcon_core.shell:Creating package script '/home/cg-tuf/turtlebot4_flask/install/piper_gazebo/share/piper_gazebo/package.ps1'
[0.694s] INFO:colcon.colcon_core.shell:Creating package descriptor '/home/cg-tuf/turtlebot4_flask/install/piper_gazebo/share/piper_gazebo/package.dsv'
[0.694s] INFO:colcon.colcon_core.shell:Creating package script '/home/cg-tuf/turtlebot4_flask/install/piper_gazebo/share/piper_gazebo/package.sh'
[0.694s] INFO:colcon.colcon_core.shell:Creating package script '/home/cg-tuf/turtlebot4_flask/install/piper_gazebo/share/piper_gazebo/package.bash'
[0.694s] INFO:colcon.colcon_core.shell:Creating package script '/home/cg-tuf/turtlebot4_flask/install/piper_gazebo/share/piper_gazebo/package.zsh'
[0.694s] Level 1:colcon.colcon_core.environment:create_file_with_runtime_dependencies(/home/cg-tuf/turtlebot4_flask/install/piper_gazebo/share/colcon-core/packages/piper_gazebo)
[0.695s] Level 1:colcon.colcon_core.environment:create_environment_scripts_only(piper_gazebo)
[0.695s] Level 1:colcon.colcon_core.environment:checking '/home/cg-tuf/turtlebot4_flask/install/piper_gazebo' for CMake module files
[0.695s] Level 1:colcon.colcon_core.environment:checking '/home/cg-tuf/turtlebot4_flask/install/piper_gazebo' for CMake config files
[0.695s] Level 1:colcon.colcon_core.shell:create_environment_hook('piper_gazebo', 'cmake_prefix_path')
[0.695s] INFO:colcon.colcon_core.shell:Creating environment hook '/home/cg-tuf/turtlebot4_flask/install/piper_gazebo/share/piper_gazebo/hook/cmake_prefix_path.ps1'
[0.696s] INFO:colcon.colcon_core.shell:Creating environment descriptor '/home/cg-tuf/turtlebot4_flask/install/piper_gazebo/share/piper_gazebo/hook/cmake_prefix_path.dsv'
[0.696s] INFO:colcon.colcon_core.shell:Creating environment hook '/home/cg-tuf/turtlebot4_flask/install/piper_gazebo/share/piper_gazebo/hook/cmake_prefix_path.sh'
[0.696s] Level 1:colcon.colcon_core.environment:checking '/home/cg-tuf/turtlebot4_flask/install/piper_gazebo/lib'
[0.696s] Level 1:colcon.colcon_core.environment:checking '/home/cg-tuf/turtlebot4_flask/install/piper_gazebo/bin'
[0.696s] Level 1:colcon.colcon_core.environment:checking '/home/cg-tuf/turtlebot4_flask/install/piper_gazebo/lib/pkgconfig/piper_gazebo.pc'
[0.697s] Level 1:colcon.colcon_core.environment:checking '/home/cg-tuf/turtlebot4_flask/install/piper_gazebo/lib/python3.10/site-packages'
[0.697s] Level 1:colcon.colcon_core.environment:checking '/home/cg-tuf/turtlebot4_flask/install/piper_gazebo/bin'
[0.697s] INFO:colcon.colcon_core.shell:Creating package script '/home/cg-tuf/turtlebot4_flask/install/piper_gazebo/share/piper_gazebo/package.ps1'
[0.697s] INFO:colcon.colcon_core.shell:Creating package descriptor '/home/cg-tuf/turtlebot4_flask/install/piper_gazebo/share/piper_gazebo/package.dsv'
[0.697s] INFO:colcon.colcon_core.shell:Creating package script '/home/cg-tuf/turtlebot4_flask/install/piper_gazebo/share/piper_gazebo/package.sh'
[0.698s] INFO:colcon.colcon_core.shell:Creating package script '/home/cg-tuf/turtlebot4_flask/install/piper_gazebo/share/piper_gazebo/package.bash'
[0.698s] INFO:colcon.colcon_core.shell:Creating package script '/home/cg-tuf/turtlebot4_flask/install/piper_gazebo/share/piper_gazebo/package.zsh'
[0.698s] Level 1:colcon.colcon_core.environment:create_file_with_runtime_dependencies(/home/cg-tuf/turtlebot4_flask/install/piper_gazebo/share/colcon-core/packages/piper_gazebo)
[0.703s] DEBUG:colcon.colcon_core.event_handler.log_command:Invoked command in '/home/cg-tuf/turtlebot4_flask/build/piper_with_gripper_moveit' returned '0': AMENT_PREFIX_PATH=/home/cg-tuf/turtlebot4_flask/install/piper_description:${AMENT_PREFIX_PATH} CMAKE_PREFIX_PATH=/home/cg-tuf/turtlebot4_flask/install/piper_description:/opt/ros/humble /usr/bin/cmake --build /home/cg-tuf/turtlebot4_flask/build/piper_with_gripper_moveit -- -j16 -l16
[0.706s] DEBUG:colcon.colcon_core.event_handler.log_command:Invoking command in '/home/cg-tuf/turtlebot4_flask/build/piper_with_gripper_moveit': AMENT_PREFIX_PATH=/home/cg-tuf/turtlebot4_flask/install/piper_description:${AMENT_PREFIX_PATH} CMAKE_PREFIX_PATH=/home/cg-tuf/turtlebot4_flask/install/piper_description:/opt/ros/humble /usr/bin/cmake --install /home/cg-tuf/turtlebot4_flask/build/piper_with_gripper_moveit
[0.707s] DEBUG:colcon.colcon_core.event_handler.log_command:Invoked command in '/home/cg-tuf/turtlebot4_flask/build/piper_no_gripper_moveit' returned '0': AMENT_PREFIX_PATH=/home/cg-tuf/turtlebot4_flask/install/piper_description:${AMENT_PREFIX_PATH} CMAKE_PREFIX_PATH=/home/cg-tuf/turtlebot4_flask/install/piper_description:/opt/ros/humble /usr/bin/cmake --build /home/cg-tuf/turtlebot4_flask/build/piper_no_gripper_moveit -- -j16 -l16
[0.709s] DEBUG:colcon.colcon_core.event_handler.log_command:Invoking command in '/home/cg-tuf/turtlebot4_flask/build/piper_no_gripper_moveit': AMENT_PREFIX_PATH=/home/cg-tuf/turtlebot4_flask/install/piper_description:${AMENT_PREFIX_PATH} CMAKE_PREFIX_PATH=/home/cg-tuf/turtlebot4_flask/install/piper_description:/opt/ros/humble /usr/bin/cmake --install /home/cg-tuf/turtlebot4_flask/build/piper_no_gripper_moveit
[0.709s] DEBUG:colcon.colcon_core.event_handler.log_command:Invoked command in '/home/cg-tuf/turtlebot4_flask/build/piper_msgs' returned '0': CMAKE_PREFIX_PATH=/opt/ros/humble /usr/bin/cmake --build /home/cg-tuf/turtlebot4_flask/build/piper_msgs -- -j16 -l16
[0.710s] DEBUG:colcon.colcon_core.event_handler.log_command:Invoking command in '/home/cg-tuf/turtlebot4_flask/build/piper_msgs': CMAKE_PREFIX_PATH=/opt/ros/humble /usr/bin/cmake --install /home/cg-tuf/turtlebot4_flask/build/piper_msgs
[0.720s] Level 1:colcon.colcon_core.environment:create_environment_scripts_only(piper_with_gripper_moveit)
[0.721s] Level 1:colcon.colcon_core.environment:checking '/home/cg-tuf/turtlebot4_flask/install/piper_with_gripper_moveit' for CMake module files
[0.723s] Level 1:colcon.colcon_core.environment:checking '/home/cg-tuf/turtlebot4_flask/install/piper_with_gripper_moveit' for CMake config files
[0.726s] DEBUG:colcon.colcon_core.event_handler.log_command:Invoked command in '/home/cg-tuf/turtlebot4_flask/build/piper_with_gripper_moveit' returned '0': AMENT_PREFIX_PATH=/home/cg-tuf/turtlebot4_flask/install/piper_description:${AMENT_PREFIX_PATH} CMAKE_PREFIX_PATH=/home/cg-tuf/turtlebot4_flask/install/piper_description:/opt/ros/humble /usr/bin/cmake --install /home/cg-tuf/turtlebot4_flask/build/piper_with_gripper_moveit
[0.727s] Level 1:colcon.colcon_core.shell:create_environment_hook('piper_with_gripper_moveit', 'cmake_prefix_path')
[0.727s] INFO:colcon.colcon_core.shell:Creating environment hook '/home/cg-tuf/turtlebot4_flask/install/piper_with_gripper_moveit/share/piper_with_gripper_moveit/hook/cmake_prefix_path.ps1'
[0.728s] INFO:colcon.colcon_core.shell:Creating environment descriptor '/home/cg-tuf/turtlebot4_flask/install/piper_with_gripper_moveit/share/piper_with_gripper_moveit/hook/cmake_prefix_path.dsv'
[0.729s] INFO:colcon.colcon_core.shell:Creating environment hook '/home/cg-tuf/turtlebot4_flask/install/piper_with_gripper_moveit/share/piper_with_gripper_moveit/hook/cmake_prefix_path.sh'
[0.730s] Level 1:colcon.colcon_core.environment:checking '/home/cg-tuf/turtlebot4_flask/install/piper_with_gripper_moveit/bin'
[0.731s] Level 1:colcon.colcon_core.environment:checking '/home/cg-tuf/turtlebot4_flask/install/piper_with_gripper_moveit/lib/pkgconfig/piper_with_gripper_moveit.pc'
[0.731s] Level 1:colcon.colcon_core.environment:checking '/home/cg-tuf/turtlebot4_flask/install/piper_with_gripper_moveit/lib/python3.10/site-packages'
[0.731s] Level 1:colcon.colcon_core.environment:checking '/home/cg-tuf/turtlebot4_flask/install/piper_with_gripper_moveit/bin'
[0.731s] INFO:colcon.colcon_core.shell:Creating package script '/home/cg-tuf/turtlebot4_flask/install/piper_with_gripper_moveit/share/piper_with_gripper_moveit/package.ps1'
[0.732s] INFO:colcon.colcon_core.shell:Creating package descriptor '/home/cg-tuf/turtlebot4_flask/install/piper_with_gripper_moveit/share/piper_with_gripper_moveit/package.dsv'
[0.733s] INFO:colcon.colcon_core.shell:Creating package script '/home/cg-tuf/turtlebot4_flask/install/piper_with_gripper_moveit/share/piper_with_gripper_moveit/package.sh'
[0.733s] INFO:colcon.colcon_core.shell:Creating package script '/home/cg-tuf/turtlebot4_flask/install/piper_with_gripper_moveit/share/piper_with_gripper_moveit/package.bash'
[0.733s] INFO:colcon.colcon_core.shell:Creating package script '/home/cg-tuf/turtlebot4_flask/install/piper_with_gripper_moveit/share/piper_with_gripper_moveit/package.zsh'
[0.734s] Level 1:colcon.colcon_core.environment:create_file_with_runtime_dependencies(/home/cg-tuf/turtlebot4_flask/install/piper_with_gripper_moveit/share/colcon-core/packages/piper_with_gripper_moveit)
[0.734s] Level 1:colcon.colcon_core.environment:create_environment_scripts_only(piper_with_gripper_moveit)
[0.734s] Level 1:colcon.colcon_core.environment:checking '/home/cg-tuf/turtlebot4_flask/install/piper_with_gripper_moveit' for CMake module files
[0.734s] Level 1:colcon.colcon_core.environment:checking '/home/cg-tuf/turtlebot4_flask/install/piper_with_gripper_moveit' for CMake config files
[0.735s] Level 1:colcon.colcon_core.shell:create_environment_hook('piper_with_gripper_moveit', 'cmake_prefix_path')
[0.735s] INFO:colcon.colcon_core.shell:Creating environment hook '/home/cg-tuf/turtlebot4_flask/install/piper_with_gripper_moveit/share/piper_with_gripper_moveit/hook/cmake_prefix_path.ps1'
[0.735s] INFO:colcon.colcon_core.shell:Creating environment descriptor '/home/cg-tuf/turtlebot4_flask/install/piper_with_gripper_moveit/share/piper_with_gripper_moveit/hook/cmake_prefix_path.dsv'
[0.735s] INFO:colcon.colcon_core.shell:Creating environment hook '/home/cg-tuf/turtlebot4_flask/install/piper_with_gripper_moveit/share/piper_with_gripper_moveit/hook/cmake_prefix_path.sh'
[0.735s] Level 1:colcon.colcon_core.environment:checking '/home/cg-tuf/turtlebot4_flask/install/piper_with_gripper_moveit/bin'
[0.735s] Level 1:colcon.colcon_core.environment:checking '/home/cg-tuf/turtlebot4_flask/install/piper_with_gripper_moveit/lib/pkgconfig/piper_with_gripper_moveit.pc'
[0.736s] Level 1:colcon.colcon_core.environment:checking '/home/cg-tuf/turtlebot4_flask/install/piper_with_gripper_moveit/lib/python3.10/site-packages'
[0.736s] Level 1:colcon.colcon_core.environment:checking '/home/cg-tuf/turtlebot4_flask/install/piper_with_gripper_moveit/bin'
[0.736s] INFO:colcon.colcon_core.shell:Creating package script '/home/cg-tuf/turtlebot4_flask/install/piper_with_gripper_moveit/share/piper_with_gripper_moveit/package.ps1'
[0.736s] INFO:colcon.colcon_core.shell:Creating package descriptor '/home/cg-tuf/turtlebot4_flask/install/piper_with_gripper_moveit/share/piper_with_gripper_moveit/package.dsv'
[0.736s] INFO:colcon.colcon_core.shell:Creating package script '/home/cg-tuf/turtlebot4_flask/install/piper_with_gripper_moveit/share/piper_with_gripper_moveit/package.sh'
[0.737s] INFO:colcon.colcon_core.shell:Creating package script '/home/cg-tuf/turtlebot4_flask/install/piper_with_gripper_moveit/share/piper_with_gripper_moveit/package.bash'
[0.737s] INFO:colcon.colcon_core.shell:Creating package script '/home/cg-tuf/turtlebot4_flask/install/piper_with_gripper_moveit/share/piper_with_gripper_moveit/package.zsh'
[0.737s] Level 1:colcon.colcon_core.environment:create_file_with_runtime_dependencies(/home/cg-tuf/turtlebot4_flask/install/piper_with_gripper_moveit/share/colcon-core/packages/piper_with_gripper_moveit)
[0.737s] Level 1:colcon.colcon_core.environment:create_environment_scripts_only(piper_no_gripper_moveit)
[0.738s] Level 1:colcon.colcon_core.environment:checking '/home/cg-tuf/turtlebot4_flask/install/piper_no_gripper_moveit' for CMake module files
[0.738s] DEBUG:colcon.colcon_core.event_handler.log_command:Invoked command in '/home/cg-tuf/turtlebot4_flask/build/piper_no_gripper_moveit' returned '0': AMENT_PREFIX_PATH=/home/cg-tuf/turtlebot4_flask/install/piper_description:${AMENT_PREFIX_PATH} CMAKE_PREFIX_PATH=/home/cg-tuf/turtlebot4_flask/install/piper_description:/opt/ros/humble /usr/bin/cmake --install /home/cg-tuf/turtlebot4_flask/build/piper_no_gripper_moveit
[0.739s] Level 1:colcon.colcon_core.environment:checking '/home/cg-tuf/turtlebot4_flask/install/piper_no_gripper_moveit' for CMake config files
[0.739s] Level 1:colcon.colcon_core.shell:create_environment_hook('piper_no_gripper_moveit', 'cmake_prefix_path')
[0.739s] INFO:colcon.colcon_core.shell:Creating environment hook '/home/cg-tuf/turtlebot4_flask/install/piper_no_gripper_moveit/share/piper_no_gripper_moveit/hook/cmake_prefix_path.ps1'
[0.739s] INFO:colcon.colcon_core.shell:Creating environment descriptor '/home/cg-tuf/turtlebot4_flask/install/piper_no_gripper_moveit/share/piper_no_gripper_moveit/hook/cmake_prefix_path.dsv'
[0.740s] INFO:colcon.colcon_core.shell:Creating environment hook '/home/cg-tuf/turtlebot4_flask/install/piper_no_gripper_moveit/share/piper_no_gripper_moveit/hook/cmake_prefix_path.sh'
[0.740s] Level 1:colcon.colcon_core.environment:checking '/home/cg-tuf/turtlebot4_flask/install/piper_no_gripper_moveit/bin'
[0.740s] Level 1:colcon.colcon_core.environment:checking '/home/cg-tuf/turtlebot4_flask/install/piper_no_gripper_moveit/lib/pkgconfig/piper_no_gripper_moveit.pc'
[0.740s] Level 1:colcon.colcon_core.environment:checking '/home/cg-tuf/turtlebot4_flask/install/piper_no_gripper_moveit/lib/python3.10/site-packages'
[0.740s] Level 1:colcon.colcon_core.environment:checking '/home/cg-tuf/turtlebot4_flask/install/piper_no_gripper_moveit/bin'
[0.740s] INFO:colcon.colcon_core.shell:Creating package script '/home/cg-tuf/turtlebot4_flask/install/piper_no_gripper_moveit/share/piper_no_gripper_moveit/package.ps1'
[0.741s] INFO:colcon.colcon_core.shell:Creating package descriptor '/home/cg-tuf/turtlebot4_flask/install/piper_no_gripper_moveit/share/piper_no_gripper_moveit/package.dsv'
[0.741s] INFO:colcon.colcon_core.shell:Creating package script '/home/cg-tuf/turtlebot4_flask/install/piper_no_gripper_moveit/share/piper_no_gripper_moveit/package.sh'
[0.741s] INFO:colcon.colcon_core.shell:Creating package script '/home/cg-tuf/turtlebot4_flask/install/piper_no_gripper_moveit/share/piper_no_gripper_moveit/package.bash'
[0.741s] INFO:colcon.colcon_core.shell:Creating package script '/home/cg-tuf/turtlebot4_flask/install/piper_no_gripper_moveit/share/piper_no_gripper_moveit/package.zsh'
[0.742s] Level 1:colcon.colcon_core.environment:create_file_with_runtime_dependencies(/home/cg-tuf/turtlebot4_flask/install/piper_no_gripper_moveit/share/colcon-core/packages/piper_no_gripper_moveit)
[0.742s] Level 1:colcon.colcon_core.environment:create_environment_scripts_only(piper_no_gripper_moveit)
[0.742s] Level 1:colcon.colcon_core.environment:checking '/home/cg-tuf/turtlebot4_flask/install/piper_no_gripper_moveit' for CMake module files
[0.742s] Level 1:colcon.colcon_core.environment:checking '/home/cg-tuf/turtlebot4_flask/install/piper_no_gripper_moveit' for CMake config files
[0.742s] Level 1:colcon.colcon_core.shell:create_environment_hook('piper_no_gripper_moveit', 'cmake_prefix_path')
[0.743s] INFO:colcon.colcon_core.shell:Creating environment hook '/home/cg-tuf/turtlebot4_flask/install/piper_no_gripper_moveit/share/piper_no_gripper_moveit/hook/cmake_prefix_path.ps1'
[0.743s] INFO:colcon.colcon_core.shell:Creating environment descriptor '/home/cg-tuf/turtlebot4_flask/install/piper_no_gripper_moveit/share/piper_no_gripper_moveit/hook/cmake_prefix_path.dsv'
[0.743s] INFO:colcon.colcon_core.shell:Creating environment hook '/home/cg-tuf/turtlebot4_flask/install/piper_no_gripper_moveit/share/piper_no_gripper_moveit/hook/cmake_prefix_path.sh'
[0.743s] Level 1:colcon.colcon_core.environment:checking '/home/cg-tuf/turtlebot4_flask/install/piper_no_gripper_moveit/bin'
[0.743s] Level 1:colcon.colcon_core.environment:checking '/home/cg-tuf/turtlebot4_flask/install/piper_no_gripper_moveit/lib/pkgconfig/piper_no_gripper_moveit.pc'
[0.743s] Level 1:colcon.colcon_core.environment:checking '/home/cg-tuf/turtlebot4_flask/install/piper_no_gripper_moveit/lib/python3.10/site-packages'
[0.743s] Level 1:colcon.colcon_core.environment:checking '/home/cg-tuf/turtlebot4_flask/install/piper_no_gripper_moveit/bin'
[0.744s] INFO:colcon.colcon_core.shell:Creating package script '/home/cg-tuf/turtlebot4_flask/install/piper_no_gripper_moveit/share/piper_no_gripper_moveit/package.ps1'
[0.744s] INFO:colcon.colcon_core.shell:Creating package descriptor '/home/cg-tuf/turtlebot4_flask/install/piper_no_gripper_moveit/share/piper_no_gripper_moveit/package.dsv'
[0.745s] INFO:colcon.colcon_core.shell:Creating package script '/home/cg-tuf/turtlebot4_flask/install/piper_no_gripper_moveit/share/piper_no_gripper_moveit/package.sh'
[0.745s] INFO:colcon.colcon_core.shell:Creating package script '/home/cg-tuf/turtlebot4_flask/install/piper_no_gripper_moveit/share/piper_no_gripper_moveit/package.bash'
[0.745s] INFO:colcon.colcon_core.shell:Creating package script '/home/cg-tuf/turtlebot4_flask/install/piper_no_gripper_moveit/share/piper_no_gripper_moveit/package.zsh'
[0.745s] Level 1:colcon.colcon_core.environment:create_file_with_runtime_dependencies(/home/cg-tuf/turtlebot4_flask/install/piper_no_gripper_moveit/share/colcon-core/packages/piper_no_gripper_moveit)
[0.746s] DEBUG:colcon.colcon_core.event_handler.log_command:Invoked command in '/home/cg-tuf/turtlebot4_flask/build/jai_rosbridge' returned '0': CMAKE_PREFIX_PATH=/opt/ros/humble /usr/bin/cmake --build /home/cg-tuf/turtlebot4_flask/build/jai_rosbridge -- -j16 -l16
[0.748s] DEBUG:colcon.colcon_core.event_handler.log_command:Invoking command in '/home/cg-tuf/turtlebot4_flask/build/jai_rosbridge': CMAKE_PREFIX_PATH=/opt/ros/humble /usr/bin/cmake --install /home/cg-tuf/turtlebot4_flask/build/jai_rosbridge
[0.763s] Level 1:colcon.colcon_core.environment:create_environment_scripts_only(piper_msgs)
[0.763s] Level 1:colcon.colcon_core.environment:checking '/home/cg-tuf/turtlebot4_flask/install/piper_msgs' for CMake module files
[0.764s] DEBUG:colcon.colcon_core.event_handler.log_command:Invoked command in '/home/cg-tuf/turtlebot4_flask/build/piper_msgs' returned '0': CMAKE_PREFIX_PATH=/opt/ros/humble /usr/bin/cmake --install /home/cg-tuf/turtlebot4_flask/build/piper_msgs
[0.765s] Level 1:colcon.colcon_core.environment:checking '/home/cg-tuf/turtlebot4_flask/install/piper_msgs' for CMake config files
[0.765s] Level 1:colcon.colcon_core.shell:create_environment_hook('piper_msgs', 'cmake_prefix_path')
[0.765s] INFO:colcon.colcon_core.shell:Creating environment hook '/home/cg-tuf/turtlebot4_flask/install/piper_msgs/share/piper_msgs/hook/cmake_prefix_path.ps1'
[0.765s] INFO:colcon.colcon_core.shell:Creating environment descriptor '/home/cg-tuf/turtlebot4_flask/install/piper_msgs/share/piper_msgs/hook/cmake_prefix_path.dsv'
[0.766s] INFO:colcon.colcon_core.shell:Creating environment hook '/home/cg-tuf/turtlebot4_flask/install/piper_msgs/share/piper_msgs/hook/cmake_prefix_path.sh'
[0.766s] Level 1:colcon.colcon_core.environment:checking '/home/cg-tuf/turtlebot4_flask/install/piper_msgs/lib'
[0.766s] Level 1:colcon.colcon_core.shell:create_environment_hook('piper_msgs', 'ld_library_path_lib')
[0.766s] INFO:colcon.colcon_core.shell:Creating environment hook '/home/cg-tuf/turtlebot4_flask/install/piper_msgs/share/piper_msgs/hook/ld_library_path_lib.ps1'
[0.767s] INFO:colcon.colcon_core.shell:Creating environment descriptor '/home/cg-tuf/turtlebot4_flask/install/piper_msgs/share/piper_msgs/hook/ld_library_path_lib.dsv'
[0.767s] INFO:colcon.colcon_core.shell:Creating environment hook '/home/cg-tuf/turtlebot4_flask/install/piper_msgs/share/piper_msgs/hook/ld_library_path_lib.sh'
[0.767s] Level 1:colcon.colcon_core.environment:checking '/home/cg-tuf/turtlebot4_flask/install/piper_msgs/bin'
[0.767s] Level 1:colcon.colcon_core.environment:checking '/home/cg-tuf/turtlebot4_flask/install/piper_msgs/lib/pkgconfig/piper_msgs.pc'
[0.767s] Level 1:colcon.colcon_core.environment:checking '/home/cg-tuf/turtlebot4_flask/install/piper_msgs/lib/python3.10/site-packages'
[0.768s] Level 1:colcon.colcon_core.environment:checking '/home/cg-tuf/turtlebot4_flask/install/piper_msgs/bin'
[0.768s] INFO:colcon.colcon_core.shell:Creating package script '/home/cg-tuf/turtlebot4_flask/install/piper_msgs/share/piper_msgs/package.ps1'
[0.768s] INFO:colcon.colcon_core.shell:Creating package descriptor '/home/cg-tuf/turtlebot4_flask/install/piper_msgs/share/piper_msgs/package.dsv'
[0.768s] INFO:colcon.colcon_core.shell:Creating package script '/home/cg-tuf/turtlebot4_flask/install/piper_msgs/share/piper_msgs/package.sh'
[0.769s] INFO:colcon.colcon_core.shell:Creating package script '/home/cg-tuf/turtlebot4_flask/install/piper_msgs/share/piper_msgs/package.bash'
[0.769s] INFO:colcon.colcon_core.shell:Creating package script '/home/cg-tuf/turtlebot4_flask/install/piper_msgs/share/piper_msgs/package.zsh'
[0.769s] Level 1:colcon.colcon_core.environment:create_file_with_runtime_dependencies(/home/cg-tuf/turtlebot4_flask/install/piper_msgs/share/colcon-core/packages/piper_msgs)
[0.770s] Level 1:colcon.colcon_core.environment:create_environment_scripts_only(piper_msgs)
[0.770s] Level 1:colcon.colcon_core.environment:checking '/home/cg-tuf/turtlebot4_flask/install/piper_msgs' for CMake module files
[0.770s] Level 1:colcon.colcon_core.environment:checking '/home/cg-tuf/turtlebot4_flask/install/piper_msgs' for CMake config files
[0.770s] Level 1:colcon.colcon_core.shell:create_environment_hook('piper_msgs', 'cmake_prefix_path')
[0.770s] INFO:colcon.colcon_core.shell:Creating environment hook '/home/cg-tuf/turtlebot4_flask/install/piper_msgs/share/piper_msgs/hook/cmake_prefix_path.ps1'
[0.770s] INFO:colcon.colcon_core.shell:Creating environment descriptor '/home/cg-tuf/turtlebot4_flask/install/piper_msgs/share/piper_msgs/hook/cmake_prefix_path.dsv'
[0.771s] INFO:colcon.colcon_core.shell:Creating environment hook '/home/cg-tuf/turtlebot4_flask/install/piper_msgs/share/piper_msgs/hook/cmake_prefix_path.sh'
[0.771s] Level 1:colcon.colcon_core.environment:checking '/home/cg-tuf/turtlebot4_flask/install/piper_msgs/lib'
[0.771s] Level 1:colcon.colcon_core.shell:create_environment_hook('piper_msgs', 'ld_library_path_lib')
[0.771s] INFO:colcon.colcon_core.shell:Creating environment hook '/home/cg-tuf/turtlebot4_flask/install/piper_msgs/share/piper_msgs/hook/ld_library_path_lib.ps1'
[0.772s] INFO:colcon.colcon_core.shell:Creating environment descriptor '/home/cg-tuf/turtlebot4_flask/install/piper_msgs/share/piper_msgs/hook/ld_library_path_lib.dsv'
[0.772s] INFO:colcon.colcon_core.shell:Creating environment hook '/home/cg-tuf/turtlebot4_flask/install/piper_msgs/share/piper_msgs/hook/ld_library_path_lib.sh'
[0.772s] Level 1:colcon.colcon_core.environment:checking '/home/cg-tuf/turtlebot4_flask/install/piper_msgs/bin'
[0.772s] Level 1:colcon.colcon_core.environment:checking '/home/cg-tuf/turtlebot4_flask/install/piper_msgs/lib/pkgconfig/piper_msgs.pc'
[0.772s] Level 1:colcon.colcon_core.environment:checking '/home/cg-tuf/turtlebot4_flask/install/piper_msgs/lib/python3.10/site-packages'
[0.772s] Level 1:colcon.colcon_core.environment:checking '/home/cg-tuf/turtlebot4_flask/install/piper_msgs/bin'
[0.772s] INFO:colcon.colcon_core.shell:Creating package script '/home/cg-tuf/turtlebot4_flask/install/piper_msgs/share/piper_msgs/package.ps1'
[0.773s] INFO:colcon.colcon_core.shell:Creating package descriptor '/home/cg-tuf/turtlebot4_flask/install/piper_msgs/share/piper_msgs/package.dsv'
[0.773s] INFO:colcon.colcon_core.shell:Creating package script '/home/cg-tuf/turtlebot4_flask/install/piper_msgs/share/piper_msgs/package.sh'
[0.773s] INFO:colcon.colcon_core.shell:Creating package script '/home/cg-tuf/turtlebot4_flask/install/piper_msgs/share/piper_msgs/package.bash'
[0.773s] INFO:colcon.colcon_core.shell:Creating package script '/home/cg-tuf/turtlebot4_flask/install/piper_msgs/share/piper_msgs/package.zsh'
[0.774s] Level 1:colcon.colcon_core.environment:create_file_with_runtime_dependencies(/home/cg-tuf/turtlebot4_flask/install/piper_msgs/share/colcon-core/packages/piper_msgs)
[0.774s] INFO:colcon.colcon_ros.task.ament_cmake.build:Building ROS package in '/home/cg-tuf/turtlebot4_flask/piper_ws/src/Piper_ros/src/flask_ui' with build type 'ament_cmake'
[0.774s] INFO:colcon.colcon_cmake.task.cmake.build:Building CMake package in '/home/cg-tuf/turtlebot4_flask/piper_ws/src/Piper_ros/src/flask_ui'
[0.774s] INFO:colcon.colcon_core.shell:Skip shell extension 'powershell' for command environment: Not usable outside of PowerShell
[0.774s] DEBUG:colcon.colcon_core.shell:Skip shell extension 'dsv' for command environment
[0.787s] DEBUG:colcon.colcon_core.event_handler.log_command:Invoking command in '/home/cg-tuf/turtlebot4_flask/build/flask_ui': AMENT_PREFIX_PATH=/home/cg-tuf/turtlebot4_flask/install/piper_msgs:${AMENT_PREFIX_PATH} CMAKE_PREFIX_PATH=/home/cg-tuf/turtlebot4_flask/install/piper_msgs:/opt/ros/humble LD_LIBRARY_PATH=/home/cg-tuf/turtlebot4_flask/install/piper_msgs/lib:${LD_LIBRARY_PATH} PYTHONPATH=/home/cg-tuf/turtlebot4_flask/install/piper_msgs/local/lib/python3.10/dist-packages:${PYTHONPATH} /usr/bin/cmake --build /home/cg-tuf/turtlebot4_flask/build/flask_ui -- -j16 -l16
[0.806s] Level 1:colcon.colcon_core.environment:create_environment_scripts_only(jai_rosbridge)
[0.807s] Level 1:colcon.colcon_core.environment:checking '/home/cg-tuf/turtlebot4_flask/install/jai_rosbridge' for CMake module files
[0.807s] DEBUG:colcon.colcon_core.event_handler.log_command:Invoked command in '/home/cg-tuf/turtlebot4_flask/build/jai_rosbridge' returned '0': CMAKE_PREFIX_PATH=/opt/ros/humble /usr/bin/cmake --install /home/cg-tuf/turtlebot4_flask/build/jai_rosbridge
[0.808s] Level 1:colcon.colcon_core.environment:checking '/home/cg-tuf/turtlebot4_flask/install/jai_rosbridge' for CMake config files
[0.808s] Level 1:colcon.colcon_core.shell:create_environment_hook('jai_rosbridge', 'cmake_prefix_path')
[0.808s] INFO:colcon.colcon_core.shell:Creating environment hook '/home/cg-tuf/turtlebot4_flask/install/jai_rosbridge/share/jai_rosbridge/hook/cmake_prefix_path.ps1'
[0.809s] INFO:colcon.colcon_core.shell:Creating environment descriptor '/home/cg-tuf/turtlebot4_flask/install/jai_rosbridge/share/jai_rosbridge/hook/cmake_prefix_path.dsv'
[0.809s] INFO:colcon.colcon_core.shell:Creating environment hook '/home/cg-tuf/turtlebot4_flask/install/jai_rosbridge/share/jai_rosbridge/hook/cmake_prefix_path.sh'
[0.809s] Level 1:colcon.colcon_core.environment:checking '/home/cg-tuf/turtlebot4_flask/install/jai_rosbridge/lib'
[0.809s] Level 1:colcon.colcon_core.shell:create_environment_hook('jai_rosbridge', 'ld_library_path_lib')
[0.809s] INFO:colcon.colcon_core.shell:Creating environment hook '/home/cg-tuf/turtlebot4_flask/install/jai_rosbridge/share/jai_rosbridge/hook/ld_library_path_lib.ps1'
[0.810s] INFO:colcon.colcon_core.shell:Creating environment descriptor '/home/cg-tuf/turtlebot4_flask/install/jai_rosbridge/share/jai_rosbridge/hook/ld_library_path_lib.dsv'
[0.810s] INFO:colcon.colcon_core.shell:Creating environment hook '/home/cg-tuf/turtlebot4_flask/install/jai_rosbridge/share/jai_rosbridge/hook/ld_library_path_lib.sh'
[0.810s] Level 1:colcon.colcon_core.environment:checking '/home/cg-tuf/turtlebot4_flask/install/jai_rosbridge/bin'
[0.810s] Level 1:colcon.colcon_core.environment:checking '/home/cg-tuf/turtlebot4_flask/install/jai_rosbridge/lib/pkgconfig/jai_rosbridge.pc'
[0.810s] Level 1:colcon.colcon_core.environment:checking '/home/cg-tuf/turtlebot4_flask/install/jai_rosbridge/lib/python3.10/site-packages'
[0.811s] Level 1:colcon.colcon_core.environment:checking '/home/cg-tuf/turtlebot4_flask/install/jai_rosbridge/bin'
[0.811s] INFO:colcon.colcon_core.shell:Creating package script '/home/cg-tuf/turtlebot4_flask/install/jai_rosbridge/share/jai_rosbridge/package.ps1'
[0.811s] INFO:colcon.colcon_core.shell:Creating package descriptor '/home/cg-tuf/turtlebot4_flask/install/jai_rosbridge/share/jai_rosbridge/package.dsv'
[0.811s] INFO:colcon.colcon_core.shell:Creating package script '/home/cg-tuf/turtlebot4_flask/install/jai_rosbridge/share/jai_rosbridge/package.sh'
[0.812s] INFO:colcon.colcon_core.shell:Creating package script '/home/cg-tuf/turtlebot4_flask/install/jai_rosbridge/share/jai_rosbridge/package.bash'
[0.812s] INFO:colcon.colcon_core.shell:Creating package script '/home/cg-tuf/turtlebot4_flask/install/jai_rosbridge/share/jai_rosbridge/package.zsh'
[0.812s] Level 1:colcon.colcon_core.environment:create_file_with_runtime_dependencies(/home/cg-tuf/turtlebot4_flask/install/jai_rosbridge/share/colcon-core/packages/jai_rosbridge)
[0.812s] Level 1:colcon.colcon_core.environment:create_environment_scripts_only(jai_rosbridge)
[0.813s] Level 1:colcon.colcon_core.environment:checking '/home/cg-tuf/turtlebot4_flask/install/jai_rosbridge' for CMake module files
[0.813s] Level 1:colcon.colcon_core.environment:checking '/home/cg-tuf/turtlebot4_flask/install/jai_rosbridge' for CMake config files
[0.813s] Level 1:colcon.colcon_core.shell:create_environment_hook('jai_rosbridge', 'cmake_prefix_path')
[0.813s] INFO:colcon.colcon_core.shell:Creating environment hook '/home/cg-tuf/turtlebot4_flask/install/jai_rosbridge/share/jai_rosbridge/hook/cmake_prefix_path.ps1'
[0.813s] INFO:colcon.colcon_core.shell:Creating environment descriptor '/home/cg-tuf/turtlebot4_flask/install/jai_rosbridge/share/jai_rosbridge/hook/cmake_prefix_path.dsv'
[0.814s] INFO:colcon.colcon_core.shell:Creating environment hook '/home/cg-tuf/turtlebot4_flask/install/jai_rosbridge/share/jai_rosbridge/hook/cmake_prefix_path.sh'
[0.814s] Level 1:colcon.colcon_core.environment:checking '/home/cg-tuf/turtlebot4_flask/install/jai_rosbridge/lib'
[0.814s] Level 1:colcon.colcon_core.shell:create_environment_hook('jai_rosbridge', 'ld_library_path_lib')
[0.815s] INFO:colcon.colcon_core.shell:Creating environment hook '/home/cg-tuf/turtlebot4_flask/install/jai_rosbridge/share/jai_rosbridge/hook/ld_library_path_lib.ps1'
[0.815s] INFO:colcon.colcon_core.shell:Creating environment descriptor '/home/cg-tuf/turtlebot4_flask/install/jai_rosbridge/share/jai_rosbridge/hook/ld_library_path_lib.dsv'
[0.815s] INFO:colcon.colcon_core.shell:Creating environment hook '/home/cg-tuf/turtlebot4_flask/install/jai_rosbridge/share/jai_rosbridge/hook/ld_library_path_lib.sh'
[0.815s] Level 1:colcon.colcon_core.environment:checking '/home/cg-tuf/turtlebot4_flask/install/jai_rosbridge/bin'
[0.815s] Level 1:colcon.colcon_core.environment:checking '/home/cg-tuf/turtlebot4_flask/install/jai_rosbridge/lib/pkgconfig/jai_rosbridge.pc'
[0.815s] Level 1:colcon.colcon_core.environment:checking '/home/cg-tuf/turtlebot4_flask/install/jai_rosbridge/lib/python3.10/site-packages'
[0.816s] Level 1:colcon.colcon_core.environment:checking '/home/cg-tuf/turtlebot4_flask/install/jai_rosbridge/bin'
[0.816s] INFO:colcon.colcon_core.shell:Creating package script '/home/cg-tuf/turtlebot4_flask/install/jai_rosbridge/share/jai_rosbridge/package.ps1'
[0.816s] INFO:colcon.colcon_core.shell:Creating package descriptor '/home/cg-tuf/turtlebot4_flask/install/jai_rosbridge/share/jai_rosbridge/package.dsv'
[0.817s] INFO:colcon.colcon_core.shell:Creating package script '/home/cg-tuf/turtlebot4_flask/install/jai_rosbridge/share/jai_rosbridge/package.sh'
[0.817s] INFO:colcon.colcon_core.shell:Creating package script '/home/cg-tuf/turtlebot4_flask/install/jai_rosbridge/share/jai_rosbridge/package.bash'
[0.817s] INFO:colcon.colcon_core.shell:Creating package script '/home/cg-tuf/turtlebot4_flask/install/jai_rosbridge/share/jai_rosbridge/package.zsh'
[0.817s] Level 1:colcon.colcon_core.environment:create_file_with_runtime_dependencies(/home/cg-tuf/turtlebot4_flask/install/jai_rosbridge/share/colcon-core/packages/jai_rosbridge)
[0.834s] DEBUG:colcon.colcon_core.event_handler.log_command:Invoked command in '/home/cg-tuf/turtlebot4_flask/build/flask_ui' returned '0': AMENT_PREFIX_PATH=/home/cg-tuf/turtlebot4_flask/install/piper_msgs:${AMENT_PREFIX_PATH} CMAKE_PREFIX_PATH=/home/cg-tuf/turtlebot4_flask/install/piper_msgs:/opt/ros/humble LD_LIBRARY_PATH=/home/cg-tuf/turtlebot4_flask/install/piper_msgs/lib:${LD_LIBRARY_PATH} PYTHONPATH=/home/cg-tuf/turtlebot4_flask/install/piper_msgs/local/lib/python3.10/dist-packages:${PYTHONPATH} /usr/bin/cmake --build /home/cg-tuf/turtlebot4_flask/build/flask_ui -- -j16 -l16
[0.836s] DEBUG:colcon.colcon_core.event_handler.log_command:Invoking command in '/home/cg-tuf/turtlebot4_flask/build/flask_ui': AMENT_PREFIX_PATH=/home/cg-tuf/turtlebot4_flask/install/piper_msgs:${AMENT_PREFIX_PATH} CMAKE_PREFIX_PATH=/home/cg-tuf/turtlebot4_flask/install/piper_msgs:/opt/ros/humble LD_LIBRARY_PATH=/home/cg-tuf/turtlebot4_flask/install/piper_msgs/lib:${LD_LIBRARY_PATH} PYTHONPATH=/home/cg-tuf/turtlebot4_flask/install/piper_msgs/local/lib/python3.10/dist-packages:${PYTHONPATH} /usr/bin/cmake --install /home/cg-tuf/turtlebot4_flask/build/flask_ui
[0.846s] Level 1:colcon.colcon_core.environment:create_environment_scripts_only(flask_ui)
[0.847s] Level 1:colcon.colcon_core.environment:checking '/home/cg-tuf/turtlebot4_flask/install/flask_ui' for CMake module files
[0.847s] DEBUG:colcon.colcon_core.event_handler.log_command:Invoked command in '/home/cg-tuf/turtlebot4_flask/build/flask_ui' returned '0': AMENT_PREFIX_PATH=/home/cg-tuf/turtlebot4_flask/install/piper_msgs:${AMENT_PREFIX_PATH} CMAKE_PREFIX_PATH=/home/cg-tuf/turtlebot4_flask/install/piper_msgs:/opt/ros/humble LD_LIBRARY_PATH=/home/cg-tuf/turtlebot4_flask/install/piper_msgs/lib:${LD_LIBRARY_PATH} PYTHONPATH=/home/cg-tuf/turtlebot4_flask/install/piper_msgs/local/lib/python3.10/dist-packages:${PYTHONPATH} /usr/bin/cmake --install /home/cg-tuf/turtlebot4_flask/build/flask_ui
[0.847s] Level 1:colcon.colcon_core.environment:checking '/home/cg-tuf/turtlebot4_flask/install/flask_ui' for CMake config files
[0.847s] Level 1:colcon.colcon_core.shell:create_environment_hook('flask_ui', 'cmake_prefix_path')
[0.847s] INFO:colcon.colcon_core.shell:Creating environment hook '/home/cg-tuf/turtlebot4_flask/install/flask_ui/share/flask_ui/hook/cmake_prefix_path.ps1'
[0.848s] INFO:colcon.colcon_core.shell:Creating environment descriptor '/home/cg-tuf/turtlebot4_flask/install/flask_ui/share/flask_ui/hook/cmake_prefix_path.dsv'
[0.848s] INFO:colcon.colcon_core.shell:Creating environment hook '/home/cg-tuf/turtlebot4_flask/install/flask_ui/share/flask_ui/hook/cmake_prefix_path.sh'
[0.848s] Level 1:colcon.colcon_core.environment:checking '/home/cg-tuf/turtlebot4_flask/install/flask_ui/lib'
[0.848s] Level 1:colcon.colcon_core.environment:checking '/home/cg-tuf/turtlebot4_flask/install/flask_ui/bin'
[0.849s] Level 1:colcon.colcon_core.environment:checking '/home/cg-tuf/turtlebot4_flask/install/flask_ui/lib/pkgconfig/flask_ui.pc'
[0.849s] Level 1:colcon.colcon_core.environment:checking '/home/cg-tuf/turtlebot4_flask/install/flask_ui/lib/python3.10/site-packages'
[0.849s] Level 1:colcon.colcon_core.environment:checking '/home/cg-tuf/turtlebot4_flask/install/flask_ui/bin'
[0.849s] INFO:colcon.colcon_core.shell:Creating package script '/home/cg-tuf/turtlebot4_flask/install/flask_ui/share/flask_ui/package.ps1'
[0.849s] INFO:colcon.colcon_core.shell:Creating package descriptor '/home/cg-tuf/turtlebot4_flask/install/flask_ui/share/flask_ui/package.dsv'
[0.849s] INFO:colcon.colcon_core.shell:Creating package script '/home/cg-tuf/turtlebot4_flask/install/flask_ui/share/flask_ui/package.sh'
[0.850s] INFO:colcon.colcon_core.shell:Creating package script '/home/cg-tuf/turtlebot4_flask/install/flask_ui/share/flask_ui/package.bash'
[0.850s] INFO:colcon.colcon_core.shell:Creating package script '/home/cg-tuf/turtlebot4_flask/install/flask_ui/share/flask_ui/package.zsh'
[0.850s] Level 1:colcon.colcon_core.environment:create_file_with_runtime_dependencies(/home/cg-tuf/turtlebot4_flask/install/flask_ui/share/colcon-core/packages/flask_ui)
[0.850s] Level 1:colcon.colcon_core.environment:create_environment_scripts_only(flask_ui)
[0.851s] Level 1:colcon.colcon_core.environment:checking '/home/cg-tuf/turtlebot4_flask/install/flask_ui' for CMake module files
[0.851s] Level 1:colcon.colcon_core.environment:checking '/home/cg-tuf/turtlebot4_flask/install/flask_ui' for CMake config files
[0.851s] Level 1:colcon.colcon_core.shell:create_environment_hook('flask_ui', 'cmake_prefix_path')
[0.851s] INFO:colcon.colcon_core.shell:Creating environment hook '/home/cg-tuf/turtlebot4_flask/install/flask_ui/share/flask_ui/hook/cmake_prefix_path.ps1'
[0.851s] INFO:colcon.colcon_core.shell:Creating environment descriptor '/home/cg-tuf/turtlebot4_flask/install/flask_ui/share/flask_ui/hook/cmake_prefix_path.dsv'
[0.851s] INFO:colcon.colcon_core.shell:Creating environment hook '/home/cg-tuf/turtlebot4_flask/install/flask_ui/share/flask_ui/hook/cmake_prefix_path.sh'
[0.852s] Level 1:colcon.colcon_core.environment:checking '/home/cg-tuf/turtlebot4_flask/install/flask_ui/lib'
[0.852s] Level 1:colcon.colcon_core.environment:checking '/home/cg-tuf/turtlebot4_flask/install/flask_ui/bin'
[0.852s] Level 1:colcon.colcon_core.environment:checking '/home/cg-tuf/turtlebot4_flask/install/flask_ui/lib/pkgconfig/flask_ui.pc'
[0.852s] Level 1:colcon.colcon_core.environment:checking '/home/cg-tuf/turtlebot4_flask/install/flask_ui/lib/python3.10/site-packages'
[0.852s] Level 1:colcon.colcon_core.environment:checking '/home/cg-tuf/turtlebot4_flask/install/flask_ui/bin'
[0.852s] INFO:colcon.colcon_core.shell:Creating package script '/home/cg-tuf/turtlebot4_flask/install/flask_ui/share/flask_ui/package.ps1'
[0.852s] INFO:colcon.colcon_core.shell:Creating package descriptor '/home/cg-tuf/turtlebot4_flask/install/flask_ui/share/flask_ui/package.dsv'
[0.853s] INFO:colcon.colcon_core.shell:Creating package script '/home/cg-tuf/turtlebot4_flask/install/flask_ui/share/flask_ui/package.sh'
[0.853s] INFO:colcon.colcon_core.shell:Creating package script '/home/cg-tuf/turtlebot4_flask/install/flask_ui/share/flask_ui/package.bash'
[0.853s] INFO:colcon.colcon_core.shell:Creating package script '/home/cg-tuf/turtlebot4_flask/install/flask_ui/share/flask_ui/package.zsh'
[0.853s] Level 1:colcon.colcon_core.environment:create_file_with_runtime_dependencies(/home/cg-tuf/turtlebot4_flask/install/flask_ui/share/colcon-core/packages/flask_ui)
[0.916s] DEBUG:colcon.colcon_core.event_handler.log_command:Invoking command in '/home/cg-tuf/turtlebot4_flask/piper_ws/src/Piper_ros/src/piper': PYTHONPATH=/home/cg-tuf/turtlebot4_flask/build/piper/prefix_override:/usr/lib/python3/dist-packages/colcon_core/task/python/colcon_distutils_commands:/home/cg-tuf/turtlebot4_flask/install/piper/lib/python3.10/site-packages:${PYTHONPATH} /usr/bin/python3 -W ignore:setup.py install is deprecated -W ignore:easy_install command is deprecated setup.py egg_info --egg-base ../../../../../build/piper build --build-base /home/cg-tuf/turtlebot4_flask/build/piper/build install --record /home/cg-tuf/turtlebot4_flask/build/piper/install.log --single-version-externally-managed install_data
[1.095s] Level 1:colcon.colcon_core.environment:checking '/home/cg-tuf/turtlebot4_flask/install/piper' for CMake module files
[1.096s] DEBUG:colcon.colcon_core.event_handler.log_command:Invoked command in '/home/cg-tuf/turtlebot4_flask/piper_ws/src/Piper_ros/src/piper' returned '0': PYTHONPATH=/home/cg-tuf/turtlebot4_flask/build/piper/prefix_override:/usr/lib/python3/dist-packages/colcon_core/task/python/colcon_distutils_commands:/home/cg-tuf/turtlebot4_flask/install/piper/lib/python3.10/site-packages:${PYTHONPATH} /usr/bin/python3 -W ignore:setup.py install is deprecated -W ignore:easy_install command is deprecated setup.py egg_info --egg-base ../../../../../build/piper build --build-base /home/cg-tuf/turtlebot4_flask/build/piper/build install --record /home/cg-tuf/turtlebot4_flask/build/piper/install.log --single-version-externally-managed install_data
[1.096s] Level 1:colcon.colcon_core.environment:checking '/home/cg-tuf/turtlebot4_flask/install/piper' for CMake config files
[1.097s] Level 1:colcon.colcon_core.environment:checking '/home/cg-tuf/turtlebot4_flask/install/piper/lib'
[1.097s] Level 1:colcon.colcon_core.environment:checking '/home/cg-tuf/turtlebot4_flask/install/piper/bin'
[1.097s] Level 1:colcon.colcon_core.environment:checking '/home/cg-tuf/turtlebot4_flask/install/piper/lib/pkgconfig/piper.pc'
[1.097s] Level 1:colcon.colcon_core.environment:checking '/home/cg-tuf/turtlebot4_flask/install/piper/lib/python3.10/site-packages'
[1.097s] Level 1:colcon.colcon_core.shell:create_environment_hook('piper', 'pythonpath')
[1.097s] INFO:colcon.colcon_core.shell:Creating environment hook '/home/cg-tuf/turtlebot4_flask/install/piper/share/piper/hook/pythonpath.ps1'
[1.098s] INFO:colcon.colcon_core.shell:Creating environment descriptor '/home/cg-tuf/turtlebot4_flask/install/piper/share/piper/hook/pythonpath.dsv'
[1.098s] INFO:colcon.colcon_core.shell:Creating environment hook '/home/cg-tuf/turtlebot4_flask/install/piper/share/piper/hook/pythonpath.sh'
[1.098s] Level 1:colcon.colcon_core.environment:checking '/home/cg-tuf/turtlebot4_flask/install/piper/bin'
[1.098s] Level 1:colcon.colcon_core.environment:create_environment_scripts_only(piper)
[1.098s] INFO:colcon.colcon_core.shell:Creating package script '/home/cg-tuf/turtlebot4_flask/install/piper/share/piper/package.ps1'
[1.099s] INFO:colcon.colcon_core.shell:Creating package descriptor '/home/cg-tuf/turtlebot4_flask/install/piper/share/piper/package.dsv'
[1.099s] INFO:colcon.colcon_core.shell:Creating package script '/home/cg-tuf/turtlebot4_flask/install/piper/share/piper/package.sh'
[1.099s] INFO:colcon.colcon_core.shell:Creating package script '/home/cg-tuf/turtlebot4_flask/install/piper/share/piper/package.bash'
[1.099s] INFO:colcon.colcon_core.shell:Creating package script '/home/cg-tuf/turtlebot4_flask/install/piper/share/piper/package.zsh'
[1.099s] Level 1:colcon.colcon_core.environment:create_file_with_runtime_dependencies(/home/cg-tuf/turtlebot4_flask/install/piper/share/colcon-core/packages/piper)
[1.100s] DEBUG:colcon.colcon_parallel_executor.executor.parallel:closing loop
[1.100s] DEBUG:colcon.colcon_parallel_executor.executor.parallel:loop closed
[1.100s] DEBUG:colcon.colcon_parallel_executor.executor.parallel:run_until_complete finished with '0'
[1.100s] DEBUG:colcon.colcon_core.event_reactor:joining thread
[1.106s] INFO:colcon.colcon_core.plugin_system:Skipping extension 'colcon_notification.desktop_notification.terminal_notifier': Not used on non-Darwin systems
[1.106s] INFO:colcon.colcon_core.plugin_system:Skipping extension 'colcon_notification.desktop_notification.win32': Not used on non-Windows systems
[1.107s] INFO:colcon.colcon_notification.desktop_notification:Sending desktop notification using 'notify2'
[1.118s] DEBUG:colcon.colcon_core.event_reactor:joined thread
[1.118s] INFO:colcon.colcon_core.shell:Creating prefix script '/home/cg-tuf/turtlebot4_flask/install/local_setup.ps1'
[1.119s] INFO:colcon.colcon_core.shell:Creating prefix util module '/home/cg-tuf/turtlebot4_flask/install/_local_setup_util_ps1.py'
[1.120s] INFO:colcon.colcon_core.shell:Creating prefix chain script '/home/cg-tuf/turtlebot4_flask/install/setup.ps1'
[1.121s] INFO:colcon.colcon_core.shell:Creating prefix script '/home/cg-tuf/turtlebot4_flask/install/local_setup.sh'
[1.122s] INFO:colcon.colcon_core.shell:Creating prefix util module '/home/cg-tuf/turtlebot4_flask/install/_local_setup_util_sh.py'
[1.123s] INFO:colcon.colcon_core.shell:Creating prefix chain script '/home/cg-tuf/turtlebot4_flask/install/setup.sh'
[1.123s] INFO:colcon.colcon_core.shell:Creating prefix script '/home/cg-tuf/turtlebot4_flask/install/local_setup.bash'
[1.124s] INFO:colcon.colcon_core.shell:Creating prefix chain script '/home/cg-tuf/turtlebot4_flask/install/setup.bash'
[1.125s] INFO:colcon.colcon_core.shell:Creating prefix script '/home/cg-tuf/turtlebot4_flask/install/local_setup.zsh'
[1.125s] INFO:colcon.colcon_core.shell:Creating prefix chain script '/home/cg-tuf/turtlebot4_flask/install/setup.zsh'
